avg_hours_per_day,late_logins_per_week,meetings_per_day,leave_days_last_month,exhaustion_score,cynicism_score,efficacy_score,motivation_level,support_from_manager,can_disconnect,burnout_type,risk_level,role_type,remote_work
9.82,2,5,4,3.04,2.22,2.62,4.16,2.64,2.77,none,1,employee,0
8.46,0,2,2,1.63,4.25,2.79,2.55,2.4,4.23,under_challenged,2,employee,0
6.01,1,2,6,1.89,2.01,4.25,3.48,3.82,3.83,none,0,student,0
10.91,2,3,2,1.8,1.02,3.12,4.42,3.42,3.13,none,1,student,1
10.16,3,4,0,4.35,4.35,2.03,1.54,1.33,2.46,worn_out,3,general,0
7.98,0,3,5,1.88,1.71,3.93,4.05,3.75,4.38,none,0,employee,0
8.45,0,2,5,1.15,1.76,3.24,4.31,4.89,3.63,none,0,employee,0
8.99,0,1,10,1.81,1.14,4.8,4.32,3.88,4.67,none,0,general,0
9.42,1,4,2,2.41,2.11,3.06,3.26,2.85,2.57,none,1,student,1
10.85,0,4,6,1.74,1.47,3.7,4.42,3.88,4.51,none,0,employee,1
12.23,0,3,1,3.59,4.07,2.7,1.39,1.14,2.16,worn_out,3,employee,0
9.61,1,4,4,3.59,1.65,2.42,4.07,2.73,2.69,none,1,student,0
9.09,1,3,3,2.13,1.04,3.59,3.4,4.17,3.14,none,0,employee,1
8.97,0,2,7,1.49,1.0,4.31,4.46,3.78,5.0,none,0,employee,0
14.43,5,8,1,4.74,2.19,2.72,2.73,2.98,1.96,frenetic,3,employee,1
9.82,2,4,2,1.84,3.06,3.1,4.09,3.34,4.1,none,1,student,1
9.95,0,3,0,3.6,3.06,4.16,3.22,2.38,3.32,none,1,student,0
8.84,1,4,2,4.61,4.95,1.58,1.62,1.47,2.38,worn_out,3,student,1
9.01,1,2,7,1.84,1.7,4.28,3.86,4.56,3.63,none,0,employee,1
9.12,0,4,4,2.0,1.0,3.89,3.56,4.04,3.78,none,0,employee,1
8.56,0,3,5,1.34,1.0,4.28,4.18,3.97,3.24,none,0,general,1
13.35,2,3,2,4.52,4.83,2.05,1.86,1.83,1.0,worn_out,3,employee,1
13.44,2,10,1,4.3,3.03,3.06,2.64,2.47,1.56,frenetic,3,general,1
13.4,4,7,1,3.82,3.39,3.12,2.94,1.62,1.69,frenetic,3,employee,1
11.2,2,3,1,4.22,4.42,1.67,1.52,1.54,1.88,worn_out,2,employee,0
6.69,0,2,0,3.05,4.4,2.59,2.67,2.89,2.62,under_challenged,2,student,0
9.89,1,5,0,3.41,2.89,4.41,3.38,2.0,1.48,none,1,employee,1
11.1,5,1,2,4.11,4.71,1.53,1.31,1.0,3.26,worn_out,3,student,0
12.31,4,6,0,4.5,2.51,1.0,2.21,2.36,1.43,frenetic,3,employee,1
14.8,4,9,0,4.69,3.94,3.84,1.96,2.4,1.71,frenetic,3,general,1
13.03,1,4,1,4.56,4.84,1.93,1.59,1.33,1.0,worn_out,2,student,1
8.55,0,3,2,3.37,2.98,2.64,1.21,2.68,4.62,under_challenged,2,employee,0
5.72,0,2,5,2.52,4.24,2.22,1.2,2.29,4.71,under_challenged,1,student,0
7.56,1,2,6,1.74,2.17,4.5,3.59,3.6,4.78,none,0,student,0
8.86,1,4,4,2.55,1.52,2.93,2.96,3.69,2.94,none,1,student,1
8.06,1,3,6,2.1,1.97,3.99,3.91,3.89,4.56,none,0,employee,1
12.86,6,7,1,4.7,1.55,1.14,2.27,1.54,1.72,frenetic,2,employee,0
10.72,1,5,1,3.56,2.67,3.61,3.58,3.33,3.66,none,1,general,0
9.52,2,6,2,4.16,5.0,2.3,1.72,2.27,1.54,worn_out,3,general,1
12.07,4,7,0,3.89,3.86,2.33,2.2,2.27,1.06,frenetic,3,employee,0
14.36,7,6,1,4.71,2.45,3.14,2.95,3.99,1.0,frenetic,3,employee,1
8.94,0,3,5,1.66,1.32,4.09,4.51,3.88,3.36,none,0,student,0
8.26,0,2,1,2.52,1.47,4.21,3.43,3.9,4.21,none,0,employee,1
12.37,5,8,1,5.0,3.21,3.36,1.37,4.0,1.57,frenetic,2,employee,0
7.75,0,1,3,1.9,3.15,2.55,2.33,3.84,3.94,under_challenged,2,employee,0
9.86,1,3,0,3.23,4.34,2.94,1.26,4.0,3.31,under_challenged,1,general,1
14.46,3,3,3,4.54,4.82,1.22,1.52,1.06,1.18,worn_out,3,student,1
13.95,3,5,1,4.87,2.37,2.85,2.85,1.0,1.0,frenetic,3,student,1
9.83,3,2,4,2.84,2.37,2.9,3.4,2.04,2.55,none,1,student,0
8.21,0,2,1,2.28,1.0,4.6,4.29,4.69,4.08,none,0,student,1
7.43,0,2,3,2.37,1.0,4.58,3.89,4.18,4.81,none,0,employee,0
7.24,1,2,5,1.1,1.71,4.01,3.11,3.6,3.49,none,0,student,1
7.43,1,3,4,1.81,2.6,3.92,4.67,3.4,3.75,none,0,employee,1
11.59,5,4,1,4.97,3.58,2.55,1.66,1.65,1.26,frenetic,3,student,1
15.3,5,6,0,3.97,3.46,1.62,1.87,2.92,1.0,frenetic,2,employee,1
8.69,0,2,5,2.41,4.4,1.99,1.08,1.06,3.48,under_challenged,2,employee,1
14.07,7,4,0,3.96,2.85,1.86,2.16,3.26,1.0,frenetic,2,student,1
8.93,0,1,4,3.84,4.36,1.86,1.67,1.21,4.19,under_challenged,2,employee,0
8.3,0,3,3,1.6,1.0,3.67,4.79,4.01,4.5,none,0,general,0
10.03,0,3,3,2.98,3.9,2.24,1.62,1.64,2.99,under_challenged,1,general,1
6.83,0,2,2,3.04,3.51,3.26,1.83,1.91,2.99,under_challenged,1,student,0
8.12,2,6,2,2.16,2.78,3.86,2.76,2.56,3.13,none,1,general,0
9.78,1,3,1,4.4,3.96,1.56,1.29,1.41,3.22,worn_out,3,student,0
6.59,0,2,4,2.49,3.44,2.93,1.14,2.29,3.02,under_challenged,1,general,0
9.44,0,5,0,2.02,2.74,3.86,3.39,2.44,1.57,none,1,employee,1
12.43,2,4,1,4.26,2.37,1.44,1.88,2.28,1.43,frenetic,3,student,0
12.85,5,8,1,3.86,3.94,2.89,1.81,3.11,1.45,frenetic,3,employee,0
15.09,7,8,1,4.77,2.76,3.98,2.37,2.22,1.0,frenetic,2,employee,1
10.93,0,2,6,3.0,1.0,4.2,4.69,3.82,4.53,none,0,student,1
7.46,1,2,3,1.62,2.54,5.0,4.16,3.41,4.25,none,0,student,0
11.38,6,4,0,4.33,3.4,2.83,1.58,1.4,2.07,frenetic,2,student,0
7.76,0,2,2,2.8,4.97,1.67,1.73,1.81,3.51,under_challenged,2,employee,0
12.21,4,4,0,4.89,3.06,1.66,2.76,3.2,1.51,frenetic,2,student,0
11.13,3,5,4,2.72,2.34,3.59,2.38,3.21,2.35,none,1,employee,1
8.46,0,2,9,2.22,4.24,1.96,1.32,1.5,4.1,under_challenged,2,employee,0
8.3,1,3,6,1.21,1.39,4.28,4.31,4.19,4.47,none,0,employee,1
8.29,1,3,6,2.35,1.56,4.14,4.07,3.87,3.5,none,0,employee,1
7.32,0,2,3,1.94,1.43,3.79,5.0,4.49,5.0,none,0,employee,0
8.52,0,5,2,2.82,2.09,2.51,1.99,3.13,3.13,none,1,employee,1
7.03,0,2,5,2.54,2.08,3.71,4.15,4.42,4.53,none,0,student,0
9.51,1,2,1,2.0,4.26,1.83,1.91,1.92,2.79,under_challenged,1,student,1
7.6,0,2,3,2.11,3.96,2.04,1.08,1.0,3.73,under_challenged,1,general,1
9.54,1,2,2,2.37,4.26,2.25,1.57,1.0,3.98,under_challenged,2,employee,1
7.11,0,3,6,2.02,1.27,4.4,4.52,5.0,3.78,none,0,employee,1
7.7,0,2,2,2.9,1.0,3.26,4.11,5.0,3.96,none,0,student,0
10.44,3,8,3,3.3,5.0,2.04,1.49,2.08,1.35,worn_out,2,employee,1
5.52,1,2,6,1.77,1.0,4.63,4.64,4.62,3.83,none,0,student,0
15.41,3,8,0,4.27,3.77,3.04,1.67,2.15,1.0,frenetic,2,general,0
10.23,7,8,1,4.9,4.23,2.94,2.72,1.84,1.34,frenetic,2,employee,0
11.23,2,9,0,4.71,2.26,3.06,2.28,2.52,1.0,frenetic,2,general,0
12.74,6,10,1,4.02,3.79,1.6,2.53,2.02,1.38,frenetic,2,employee,0
10.63,2,6,1,3.12,2.04,2.72,3.66,2.7,3.46,none,1,employee,1
11.82,0,7,0,3.94,4.48,1.52,1.22,1.0,2.16,worn_out,3,general,1
9.83,0,3,5,1.39,1.0,4.69,3.94,4.54,4.14,none,0,general,1
7.67,1,2,8,1.78,1.0,2.24,5.0,4.88,4.11,none,0,student,0
7.27,1,2,5,2.21,4.23,1.83,1.18,3.74,2.72,under_challenged,2,employee,0
9.95,4,5,3,3.51,1.88,3.6,3.18,3.72,3.76,none,1,employee,1
8.1,0,1,4,1.9,2.03,3.81,5.0,3.97,3.87,none,0,general,1
7.09,1,1,1,1.87,1.0,4.7,3.78,5.0,4.43,none,0,student,0
6.36,0,2,7,1.87,2.18,4.35,3.19,4.07,4.87,none,0,employee,0
10.67,2,3,3,2.41,2.05,2.81,3.77,2.73,1.98,none,1,general,1
8.68,0,2,2,1.74,2.13,2.23,2.68,2.12,1.79,none,1,student,0
12.21,3,4,0,4.79,4.25,1.51,1.59,1.76,1.82,worn_out,3,student,1
13.64,6,5,1,4.45,3.26,3.8,3.07,2.05,1.0,frenetic,3,student,1
9.79,0,1,5,1.28,1.27,4.68,3.78,3.14,3.0,none,0,employee,1
6.85,1,1,5,1.96,5.0,2.39,1.57,2.06,2.31,under_challenged,2,student,1
9.49,1,7,4,2.94,2.25,2.66,3.62,4.66,2.09,none,1,employee,1
14.98,2,9,1,4.38,3.43,2.06,1.68,2.66,1.0,frenetic,2,general,1
6.23,0,3,5,2.16,1.17,4.22,4.0,3.97,4.71,none,0,employee,0
10.11,4,5,2,2.65,1.86,2.96,3.2,3.91,2.6,none,1,employee,1
12.95,5,8,0,4.62,3.1,2.94,2.55,2.72,1.0,frenetic,3,employee,1
8.47,4,5,2,4.24,5.0,1.65,2.5,1.33,1.0,worn_out,3,general,0
9.22,1,4,4,3.34,2.94,3.17,3.4,1.77,2.57,none,1,student,0
11.82,5,10,1,4.77,2.65,2.55,2.2,2.67,1.37,frenetic,2,employee,0
7.24,0,2,6,1.36,1.74,4.49,3.47,3.43,4.08,none,0,student,0
10.87,1,4,1,2.32,2.67,2.17,2.71,2.29,1.57,none,1,student,1
7.29,0,1,5,1.4,1.54,4.12,4.42,4.11,4.77,none,0,student,1
9.7,0,2,1,2.04,1.66,4.33,4.97,3.4,2.99,none,0,student,1
9.54,1,4,4,2.47,2.84,4.14,3.28,3.65,3.3,none,1,employee,1
9.1,2,2,2,2.72,2.71,3.71,2.74,2.47,3.47,none,1,student,0
13.83,7,10,0,4.69,3.07,2.7,2.76,3.29,1.0,frenetic,3,employee,1
10.18,0,4,0,1.93,2.45,3.25,3.57,2.99,2.79,none,1,student,1
8.31,1,1,4,1.52,4.08,1.0,1.87,2.43,3.11,under_challenged,1,general,1
11.58,5,9,0,4.24,1.71,2.35,1.93,2.7,1.64,frenetic,3,employee,0
12.8,3,6,0,4.37,3.51,2.86,1.09,3.67,1.9,frenetic,3,student,0
11.23,1,7,0,3.77,4.31,1.8,1.31,1.48,2.62,worn_out,3,general,0
12.26,2,5,1,4.34,3.15,2.44,2.69,1.37,1.0,frenetic,3,employee,0
7.83,2,4,7,1.44,1.0,3.9,5.0,3.88,3.68,none,0,employee,0
10.49,3,8,1,4.5,5.0,2.01,1.19,1.99,2.6,worn_out,3,general,0
11.17,2,6,3,3.23,2.06,3.07,3.67,3.57,2.98,none,1,employee,1
10.26,1,3,0,3.76,4.32,1.82,1.7,1.0,2.63,under_challenged,1,employee,1
8.35,1,4,3,2.81,4.31,2.73,2.02,2.02,3.76,under_challenged,1,employee,0
13.15,3,8,1,3.93,2.05,2.57,2.23,2.72,1.0,frenetic,3,employee,1
9.96,0,2,4,1.98,4.23,2.14,2.5,1.24,3.15,under_challenged,1,student,0
9.58,3,6,4,2.71,2.3,3.14,3.67,2.6,3.05,none,1,employee,1
13.92,5,5,1,4.29,2.58,2.52,1.79,2.49,1.0,frenetic,3,general,1
11.22,4,9,1,4.18,3.22,2.87,1.95,3.4,1.0,frenetic,3,general,1
7.02,0,5,3,1.17,2.32,4.18,3.67,5.0,4.38,none,0,employee,0
11.0,1,4,5,1.85,1.8,4.03,4.11,3.31,4.39,none,0,employee,1
9.0,1,2,4,2.47,1.0,2.79,4.7,4.77,3.24,none,0,employee,1
12.09,2,3,3,2.2,2.72,3.85,3.39,2.66,3.22,none,1,student,1
8.79,0,3,3,1.95,1.12,4.27,5.0,4.47,3.34,none,0,student,1
11.09,5,5,0,4.45,2.78,2.07,2.26,2.01,1.54,frenetic,3,employee,0
14.0,5,4,2,4.72,4.96,2.4,1.73,1.54,2.67,worn_out,3,student,0
11.4,1,6,1,2.71,1.69,3.01,2.49,2.69,3.77,none,1,general,1
7.17,0,2,4,1.0,1.94,3.86,4.75,4.36,4.07,none,0,employee,0
10.91,4,4,3,3.05,2.48,2.34,3.06,3.83,2.05,none,1,employee,1
9.48,1,5,3,2.84,3.41,3.57,3.28,3.19,2.01,none,1,employee,1
7.19,0,3,6,1.14,1.48,3.94,4.11,4.08,5.0,none,0,employee,0
8.42,2,3,3,2.19,4.18,1.84,1.98,1.0,3.17,under_challenged,2,employee,0
10.41,2,5,2,3.22,2.8,3.03,3.02,3.48,3.58,none,1,employee,0
10.58,1,6,1,4.56,5.0,2.39,1.43,1.72,1.04,worn_out,3,employee,1
9.32,0,1,3,1.13,1.62,4.04,4.42,4.24,4.87,none,0,student,1
7.84,1,3,2,1.0,2.17,3.61,3.13,4.57,3.53,none,0,general,0
10.71,0,2,6,2.27,4.24,1.88,1.26,2.09,3.49,under_challenged,2,employee,1
10.35,3,3,4,3.92,2.75,3.21,3.36,2.22,3.59,none,1,student,0
7.68,1,2,5,1.36,1.0,4.0,4.0,4.16,3.39,none,0,student,0
12.32,0,3,3,1.0,3.99,2.08,2.1,2.79,3.75,under_challenged,2,employee,1
7.32,0,2,7,1.56,1.0,4.2,4.44,3.41,4.05,none,0,student,0
7.54,2,3,5,1.73,1.47,4.58,4.26,4.79,5.0,none,0,employee,0
12.36,3,6,1,3.99,4.05,3.18,2.01,2.79,1.0,frenetic,3,employee,0
10.69,1,6,3,1.98,2.78,3.51,2.59,3.72,1.88,none,1,employee,1
8.66,0,1,5,1.83,1.76,3.36,3.8,3.64,4.76,none,0,student,0
9.24,3,5,3,2.24,2.49,3.02,3.32,2.27,2.07,none,1,employee,1
11.16,1,6,0,3.77,5.0,1.0,1.92,1.42,1.69,worn_out,2,employee,1
9.05,0,0,6,2.51,4.23,3.09,1.41,2.24,4.15,under_challenged,2,student,0
7.89,0,1,6,1.0,1.16,4.82,4.25,4.17,3.76,none,0,employee,0
8.22,0,2,7,2.87,1.0,4.53,4.46,3.8,3.71,none,0,student,0
12.14,5,10,0,4.47,2.88,2.01,1.47,3.3,2.03,frenetic,3,employee,0
16.0,7,4,1,4.26,1.75,2.67,2.08,3.52,1.0,frenetic,2,student,1
9.93,1,2,7,1.2,2.09,4.33,4.67,4.06,3.89,none,0,general,1
9.35,0,2,1,1.0,1.0,3.51,3.83,3.81,3.88,none,0,student,1
8.07,0,2,8,1.82,2.3,4.41,4.49,4.99,4.07,none,0,student,0
7.69,0,1,1,2.13,4.55,2.38,1.2,2.97,3.09,under_challenged,2,employee,0
14.53,1,3,0,3.49,4.22,1.4,1.18,1.28,1.59,worn_out,3,student,1
11.87,2,7,1,5.0,4.28,1.47,2.03,1.9,2.51,worn_out,2,employee,0
10.77,1,1,5,3.56,4.74,1.93,2.0,4.0,4.25,under_challenged,2,general,1
9.81,3,6,3,3.94,4.66,1.82,1.12,2.67,1.76,worn_out,2,general,1
9.81,1,2,5,2.04,2.07,2.67,2.53,2.89,3.54,none,1,employee,1
9.56,2,2,0,4.17,4.29,2.11,1.0,1.81,1.66,worn_out,3,student,0
9.63,1,2,3,2.0,1.31,4.23,3.92,4.22,3.68,none,0,employee,1
9.56,1,3,1,3.61,3.7,3.06,1.42,2.65,3.37,under_challenged,1,employee,1
11.9,2,4,2,4.15,4.29,1.0,1.0,1.23,3.21,worn_out,3,employee,1
15.64,2,4,1,3.82,2.77,2.07,1.56,2.83,1.0,frenetic,2,student,1
10.62,5,4,0,3.39,4.88,2.27,1.09,1.52,2.6,worn_out,3,employee,0
12.93,4,5,0,4.41,2.49,2.79,1.61,2.27,1.89,frenetic,3,student,1
10.0,6,8,1,4.47,3.79,3.12,2.06,2.65,1.81,frenetic,3,employee,0
8.95,1,3,0,2.33,2.52,2.53,2.84,3.69,2.85,none,1,student,1
11.67,5,7,1,4.86,2.59,1.86,2.85,2.32,1.75,frenetic,3,employee,0
8.78,2,5,0,4.0,2.41,3.15,2.56,2.3,2.96,none,1,general,1
8.88,0,4,7,1.65,1.37,4.5,4.58,4.02,3.71,none,0,general,0
8.87,0,2,4,3.18,4.79,2.09,1.31,1.0,3.28,under_challenged,2,employee,0
10.8,3,6,3,3.39,2.18,4.11,2.04,3.07,3.64,none,1,employee,1
10.35,1,2,3,3.98,4.65,1.86,1.3,1.54,2.13,worn_out,3,student,1
10.42,5,3,1,3.67,3.7,2.47,2.41,2.69,1.0,frenetic,2,student,0
8.02,0,3,6,2.4,1.57,3.71,4.95,3.42,4.23,none,0,general,0
10.74,0,7,1,4.32,4.95,2.18,1.75,2.09,2.6,worn_out,2,employee,0
12.11,3,7,0,4.57,4.5,1.03,1.54,1.04,1.51,worn_out,3,employee,1
6.93,0,2,4,2.87,4.2,1.89,2.56,1.94,3.77,under_challenged,1,student,0
8.62,0,4,2,2.2,2.62,3.6,3.19,3.13,1.55,none,1,general,0
13.48,2,8,0,4.15,3.02,2.77,3.5,2.91,1.67,frenetic,3,general,0
7.8,2,3,3,2.79,3.38,1.98,2.0,2.34,2.3,under_challenged,1,employee,0
15.71,5,8,0,4.35,2.99,3.0,2.93,2.32,1.0,frenetic,3,general,1
12.45,5,5,2,4.1,4.33,1.58,1.21,1.84,2.49,worn_out,3,employee,1
8.48,0,4,3,2.51,2.01,3.14,4.12,2.8,3.54,none,1,student,0
9.31,4,3,1,4.51,4.02,1.0,1.33,1.0,2.05,worn_out,3,employee,0
9.51,0,3,7,1.53,4.09,2.32,2.28,2.45,3.78,under_challenged,2,employee,1
8.62,0,2,4,1.74,1.45,3.53,4.51,5.0,3.82,none,0,student,1
11.79,6,9,0,4.27,3.36,1.99,3.5,3.06,1.35,frenetic,2,employee,1
7.99,0,2,4,1.37,1.0,3.57,4.32,3.99,4.34,none,0,employee,0
9.45,1,3,4,1.28,4.46,1.31,1.48,1.68,1.51,under_challenged,2,employee,1
8.81,0,2,5,2.32,1.62,5.0,4.2,4.4,3.75,none,0,general,1
7.06,0,2,3,1.0,1.23,3.49,3.94,4.52,3.51,none,0,general,0
10.89,1,4,0,2.91,2.94,3.08,3.25,3.84,2.08,none,1,general,1
13.65,2,4,1,4.14,4.1,3.06,2.18,1.9,1.19,frenetic,3,student,1
11.2,0,3,0,3.55,1.97,3.93,1.81,3.54,3.8,none,1,student,1
8.56,1,4,4,2.89,3.11,2.84,3.4,3.34,3.01,none,1,employee,1
7.28,0,1,4,1.18,3.52,2.38,1.86,1.75,4.43,under_challenged,2,student,0
8.5,0,1,2,1.82,4.63,2.66,1.32,2.58,3.28,under_challenged,2,student,1
13.35,5,6,1,4.4,3.37,1.56,2.14,1.84,1.37,frenetic,3,employee,0
8.15,1,3,0,3.88,4.43,2.2,1.6,1.01,1.53,worn_out,3,student,0
6.61,0,3,2,2.21,1.96,4.41,3.64,3.64,4.37,none,0,general,0
11.55,2,5,1,3.68,5.0,2.17,1.73,1.01,1.96,worn_out,3,employee,0
13.49,7,7,1,4.62,3.34,2.76,3.46,2.75,1.1,frenetic,3,general,1
8.44,1,6,0,2.48,2.73,3.93,2.44,1.0,2.76,none,1,employee,0
14.05,7,6,0,4.02,2.24,2.46,2.21,3.72,2.01,frenetic,3,student,1
9.67,2,3,3,3.17,1.69,2.89,3.12,2.42,2.22,none,1,student,0
13.71,7,11,0,4.47,3.0,3.58,1.58,3.11,1.44,frenetic,3,general,0
8.42,1,4,2,2.72,2.97,3.21,3.96,3.32,2.16,none,1,employee,0
8.08,0,4,4,1.76,1.54,3.6,3.88,4.62,4.12,none,0,employee,1
9.0,0,2,5,2.46,1.41,4.34,3.61,3.04,3.99,none,0,employee,0
10.12,2,3,2,2.83,1.77,2.82,2.69,2.51,1.0,none,1,employee,1
6.22,1,4,3,4.0,4.76,2.47,1.0,1.0,4.04,under_challenged,2,employee,0
14.2,4,6,1,4.62,3.23,2.87,1.31,2.83,1.0,frenetic,3,employee,1
10.74,0,3,5,2.16,1.5,4.69,4.68,4.51,3.61,none,0,employee,1
10.46,0,4,1,2.58,4.91,1.54,2.22,1.83,3.1,under_challenged,1,employee,1
6.87,0,4,3,1.5,1.73,3.57,4.31,3.87,4.42,none,0,employee,1
14.05,4,7,1,4.45,3.55,1.0,1.0,3.32,2.22,frenetic,3,employee,0
8.68,1,2,0,2.56,3.69,2.8,1.77,2.04,3.45,under_challenged,2,employee,1
7.0,3,6,1,3.46,4.46,1.31,1.2,1.21,1.92,worn_out,3,general,0
7.24,0,2,4,2.25,3.72,1.7,1.04,1.96,3.25,under_challenged,2,student,0
6.7,0,4,6,2.02,1.57,3.84,4.73,3.86,4.89,none,0,employee,0
13.73,6,9,0,4.02,3.55,3.43,2.39,2.87,1.13,frenetic,3,employee,1
5.93,0,4,8,1.84,1.0,3.59,4.74,3.74,4.57,none,0,employee,0
13.69,3,3,0,4.07,4.38,1.8,1.43,1.69,1.65,worn_out,2,employee,1
8.56,0,3,0,2.87,3.74,2.03,1.52,1.62,4.77,under_challenged,2,employee,1
9.48,0,2,1,1.69,1.0,4.64,4.55,3.4,4.12,none,0,student,1
8.56,0,2,2,3.87,2.12,2.71,4.01,1.91,3.01,none,1,student,0
13.28,5,8,0,4.11,1.98,2.73,2.22,4.0,1.4,frenetic,3,general,1
12.48,0,3,1,2.8,1.93,2.32,2.7,3.66,2.19,none,1,student,1
11.52,7,6,1,4.59,3.39,2.03,2.07,3.41,1.05,frenetic,2,student,0
10.75,5,7,1,4.78,4.6,2.67,2.03,1.42,1.11,worn_out,3,employee,1
8.97,3,3,1,2.95,2.56,2.46,3.56,2.93,3.76,none,1,employee,0
6.71,0,4,6,1.85,2.07,4.06,4.48,4.1,3.68,none,0,general,1
8.68,0,4,4,2.12,1.65,4.07,5.0,4.33,3.49,none,0,employee,1
11.48,0,9,1,3.69,4.32,1.62,2.06,2.24,2.08,worn_out,2,general,1
6.68,1,2,5,2.45,1.64,3.39,4.49,3.85,4.58,none,0,student,0
12.04,2,5,2,1.53,3.97,3.23,3.18,2.85,3.8,none,1,employee,1
9.92,5,5,2,5.0,4.32,2.22,1.0,1.25,1.0,worn_out,3,employee,1
8.96,0,1,5,1.76,2.2,4.19,4.36,3.59,3.87,none,0,employee,1
7.23,0,2,7,1.0,2.52,3.77,4.18,3.96,4.49,none,0,general,0
7.61,1,2,7,2.31,1.23,4.79,2.8,4.15,3.82,none,0,student,0
10.34,0,5,4,2.82,1.38,4.97,4.96,4.0,4.0,none,0,employee,1
8.22,0,2,6,1.51,1.0,3.67,4.91,4.49,2.2,none,0,student,1
6.59,1,4,6,1.63,1.0,4.07,3.85,4.53,4.15,none,0,general,0
10.33,2,7,3,3.4,2.56,3.51,2.77,2.21,3.77,none,1,employee,1
9.91,5,6,2,3.74,5.0,2.12,1.39,1.61,1.33,worn_out,3,general,0
7.25,1,1,0,2.96,3.91,1.22,2.29,1.04,3.69,under_challenged,2,student,0
10.73,0,2,4,2.87,3.79,2.5,1.69,2.64,2.92,under_challenged,2,student,1
12.5,3,4,0,3.72,4.05,2.05,1.84,1.63,2.38,worn_out,2,student,0
6.78,0,2,4,2.43,1.74,4.38,4.84,4.05,3.18,none,0,employee,1
10.83,1,6,2,3.09,2.92,3.08,3.41,2.91,2.9,none,1,general,1
13.04,2,5,1,4.13,4.26,1.51,1.75,1.19,1.0,worn_out,2,general,1
9.76,1,2,2,3.18,3.43,1.8,1.97,2.98,3.19,under_challenged,2,general,1
7.54,1,3,4,2.24,1.57,4.15,4.42,4.52,4.01,none,0,general,1
10.0,1,3,2,3.62,2.2,2.61,3.44,4.19,2.99,none,1,student,1
11.57,1,5,1,3.84,4.29,1.34,1.8,1.62,1.45,worn_out,3,general,0
10.16,1,2,7,1.57,1.6,4.63,4.94,4.53,3.33,none,0,employee,1
10.63,5,6,1,4.31,4.24,2.21,1.11,1.03,1.47,worn_out,3,student,0
8.85,0,3,4,2.07,1.3,3.86,4.61,5.0,3.37,none,0,employee,1
11.17,6,8,0,4.31,3.46,2.44,1.32,1.0,1.01,frenetic,3,employee,0
8.02,0,2,7,2.03,1.7,4.32,4.34,2.98,4.38,none,0,employee,1
12.74,0,7,2,2.65,3.07,3.56,4.3,2.14,1.93,none,1,employee,1
7.04,0,3,5,2.94,1.42,4.2,3.75,4.02,4.72,none,0,employee,0
14.58,7,6,1,4.53,3.15,2.68,2.58,3.21,1.09,frenetic,3,employee,1
8.44,1,4,3,1.47,1.19,3.72,3.78,3.37,4.6,none,0,employee,0
8.61,0,4,3,1.58,2.26,3.88,4.24,3.63,4.83,none,0,employee,0
9.34,2,2,3,2.67,4.63,2.78,1.0,3.47,2.23,under_challenged,2,employee,1
13.05,3,4,1,4.31,5.0,2.63,1.87,1.63,1.88,worn_out,3,student,1
11.23,4,6,0,4.68,4.29,1.53,1.1,3.04,1.81,frenetic,3,employee,0
9.18,0,2,1,3.0,4.32,1.55,2.47,2.03,3.67,under_challenged,1,student,1
9.79,1,2,6,2.25,4.21,1.74,1.0,2.33,4.05,under_challenged,2,employee,1
7.66,0,2,8,1.76,1.46,4.61,4.67,4.37,3.51,none,0,student,0
9.78,0,3,3,1.07,2.47,2.97,5.0,4.37,4.62,none,0,employee,1
12.78,3,9,1,4.86,4.2,3.38,3.41,3.58,1.88,frenetic,3,employee,1
13.31,1,3,1,4.2,4.49,1.11,1.01,1.0,1.0,worn_out,3,student,1
11.03,0,2,4,3.19,4.65,2.75,1.83,3.57,3.29,under_challenged,1,employee,1
6.62,1,3,4,1.33,2.35,4.04,4.39,3.72,3.42,none,0,employee,1
8.86,1,5,2,4.24,4.29,1.2,1.59,2.24,1.58,worn_out,3,employee,0
11.61,4,4,2,3.02,3.59,3.46,2.82,3.63,2.67,none,1,general,1
9.44,0,3,6,1.27,1.61,4.36,4.42,4.15,4.56,none,0,employee,1
9.7,2,4,2,1.38,1.89,4.45,3.76,4.12,3.71,none,0,employee,1
10.02,2,3,1,5.0,4.12,1.24,1.06,1.0,1.42,worn_out,2,student,1
7.13,1,3,5,2.08,1.81,4.45,3.95,4.82,3.64,none,0,general,0
10.14,2,2,0,3.55,5.0,2.08,1.71,1.19,1.6,worn_out,2,student,1
14.03,3,9,1,4.63,3.2,3.04,2.61,2.07,1.96,frenetic,2,employee,1
9.89,1,4,0,4.2,4.8,1.58,1.8,1.21,2.29,worn_out,2,employee,0
12.32,5,3,1,4.43,3.15,2.61,1.91,1.0,1.53,frenetic,3,student,1
12.49,1,5,2,3.32,4.56,1.51,1.39,1.33,1.0,worn_out,3,employee,1
9.74,2,6,2,2.74,3.3,2.51,2.06,3.11,3.11,none,1,employee,1
11.18,3,9,0,4.69,4.81,2.9,2.66,2.37,1.04,frenetic,3,employee,0
12.34,2,4,2,2.7,1.86,3.8,2.96,2.43,1.72,none,1,employee,1
10.34,0,4,3,3.72,2.6,3.43,2.86,2.94,2.37,none,1,student,1
7.38,1,3,6,2.57,2.21,3.44,3.47,4.26,4.09,none,0,general,1
13.1,3,5,2,5.0,4.38,1.79,1.66,2.66,1.85,worn_out,3,employee,1
8.29,0,3,6,1.24,1.76,4.79,3.88,4.03,4.08,none,0,employee,0
9.01,1,3,7,1.46,2.25,4.51,4.83,4.26,4.69,none,0,student,1
9.12,3,3,1,1.99,2.54,3.45,3.0,2.88,1.0,none,1,employee,0
10.2,1,6,5,2.28,2.76,2.16,2.74,1.59,2.96,none,1,general,1
9.29,2,3,4,3.27,2.75,3.33,3.19,2.18,3.22,none,1,employee,0
7.92,0,2,8,2.0,1.31,4.67,4.13,4.84,4.7,none,0,student,0
9.02,0,6,1,4.89,4.8,1.61,1.36,1.01,1.97,worn_out,3,employee,0
7.94,0,3,5,1.0,1.0,4.6,4.45,4.88,4.26,none,0,general,0
9.1,1,2,4,2.76,4.22,1.1,1.41,2.42,3.44,under_challenged,2,student,1
6.97,0,2,3,2.93,4.31,2.54,1.44,1.63,2.81,under_challenged,1,student,1
7.96,0,0,5,3.09,3.58,2.46,1.42,1.0,3.06,under_challenged,2,employee,0
7.65,0,4,3,1.6,1.49,3.62,4.87,5.0,3.86,none,0,employee,1
9.52,0,3,3,1.86,3.34,3.44,2.95,3.71,3.41,none,1,student,1
9.93,0,1,3,2.19,4.57,3.37,1.48,3.22,2.92,under_challenged,1,student,1
7.65,1,4,5,1.95,4.24,2.03,1.53,2.06,2.78,under_challenged,1,employee,1
9.83,1,1,3,3.4,4.13,2.44,2.01,2.14,2.34,under_challenged,2,student,1
12.05,7,4,0,4.21,2.44,2.3,2.33,2.95,1.46,frenetic,2,student,0
13.41,5,6,0,4.47,4.35,2.04,1.77,2.6,1.0,worn_out,3,employee,1
14.59,2,7,0,4.8,2.44,1.55,2.24,2.58,1.32,frenetic,3,employee,1
12.94,1,4,1,4.8,4.23,2.49,1.79,1.0,1.0,worn_out,3,student,1
10.2,0,2,8,1.57,1.81,4.33,4.11,3.34,4.32,none,0,employee,1
10.83,3,5,4,1.83,2.22,3.27,2.75,2.95,1.87,none,1,employee,1
7.59,1,4,8,2.21,1.69,3.32,3.15,4.68,4.19,none,0,general,1
7.54,1,2,5,2.59,4.1,2.03,1.91,1.87,3.79,under_challenged,2,employee,0
9.47,1,1,5,1.64,3.92,3.5,1.0,3.08,3.1,under_challenged,2,employee,1
11.31,0,1,7,2.47,1.58,3.8,3.99,3.96,3.48,none,0,student,1
10.75,2,7,0,2.17,1.69,3.76,2.6,3.01,1.84,none,1,general,1
7.41,0,4,4,2.28,2.2,5.0,3.94,4.34,4.45,none,0,employee,1
6.97,0,1,7,2.87,1.92,4.67,4.44,4.11,3.77,none,0,student,1
13.46,7,8,0,4.78,2.11,1.69,1.76,2.4,1.0,frenetic,2,employee,0
12.14,1,7,4,2.3,1.72,3.1,2.21,3.31,1.33,none,1,employee,1
12.49,5,9,0,4.39,3.42,2.25,1.29,3.88,1.4,frenetic,3,employee,0
13.41,4,5,1,4.02,2.2,3.41,1.73,2.76,1.0,frenetic,3,employee,1
8.61,2,3,4,2.65,1.22,3.58,3.21,2.81,1.37,none,1,student,1
6.92,0,4,4,1.68,1.56,3.86,4.17,3.82,3.79,none,0,employee,0
9.57,5,7,1,4.46,4.58,1.65,1.2,1.0,2.22,worn_out,3,general,0
10.06,0,5,5,2.54,1.0,3.06,2.47,3.37,2.25,none,1,employee,1
8.2,1,3,4,2.7,4.38,2.61,1.61,1.34,3.21,under_challenged,2,employee,0
9.5,2,7,1,3.5,4.23,2.01,1.6,1.51,1.67,worn_out,3,employee,0
9.61,1,1,2,2.5,4.68,2.75,1.48,2.23,4.97,under_challenged,2,student,1
12.98,7,9,0,4.31,3.71,1.67,1.95,2.18,1.0,frenetic,3,employee,1
12.1,1,3,1,4.39,4.57,2.4,1.26,1.27,1.64,worn_out,2,student,1
12.14,5,8,1,4.15,4.76,1.0,1.41,1.25,2.49,worn_out,3,employee,0
7.75,0,4,9,1.35,1.48,3.62,4.06,4.36,4.45,none,0,employee,0
14.42,1,4,0,4.26,4.13,1.59,1.23,1.79,1.27,worn_out,3,general,1
14.77,2,4,1,4.69,2.34,1.3,2.1,1.26,1.42,frenetic,3,student,1
9.49,2,3,4,2.65,2.04,3.66,3.68,3.18,3.97,none,1,general,0
7.81,0,2,5,1.0,1.57,5.0,4.95,4.09,3.2,none,0,student,1
10.54,2,5,6,3.22,3.07,3.46,3.16,2.89,2.95,none,1,employee,0
7.44,0,2,5,2.14,1.0,4.22,5.0,4.58,4.82,none,0,student,0
11.27,1,8,1,3.98,4.41,2.16,1.12,2.0,2.13,worn_out,3,employee,1
8.74,0,3,1,1.72,3.83,2.5,1.53,2.2,2.28,under_challenged,1,general,1
8.32,0,2,10,1.37,1.0,4.15,4.29,4.49,5.0,none,0,employee,0
12.33,5,7,0,5.0,3.24,2.68,2.66,1.9,1.0,frenetic,3,general,1
10.96,0,6,2,2.17,2.31,2.48,3.33,3.21,1.98,none,1,general,1
11.06,1,3,5,2.38,2.45,3.94,3.22,4.14,2.62,none,1,student,1
11.75,0,4,1,3.9,4.42,1.86,1.84,2.77,2.95,worn_out,3,employee,0
13.79,5,8,0,4.22,2.72,2.51,1.77,2.42,1.35,frenetic,3,employee,1
7.76,1,3,4,1.97,2.06,4.59,2.94,4.35,4.62,none,0,general,0
8.97,0,4,3,1.55,3.79,3.26,1.79,2.77,3.2,under_challenged,2,employee,1
12.63,3,9,0,4.17,2.86,2.13,3.0,1.95,1.19,frenetic,3,employee,1
8.57,0,2,4,2.46,2.82,3.97,4.61,3.62,3.47,none,0,student,1
9.33,3,5,1,2.61,3.06,3.77,4.01,3.96,2.49,none,1,employee,0
14.11,3,6,1,4.66,3.39,2.2,1.88,3.23,1.22,frenetic,3,employee,1
13.23,2,6,1,4.79,4.52,3.86,3.01,1.71,1.07,frenetic,3,employee,1
13.19,7,8,1,5.0,4.2,3.39,2.37,2.77,1.18,frenetic,3,employee,0
11.2,4,6,3,2.22,3.4,3.61,2.97,3.08,1.81,none,1,employee,1
9.45,1,6,1,5.0,4.43,1.19,1.4,1.43,1.43,worn_out,3,employee,0
8.03,1,3,0,4.4,4.59,1.17,1.0,2.52,2.18,worn_out,3,general,0
6.24,0,3,4,1.73,2.38,4.15,4.41,4.59,3.73,none,0,student,0
13.92,2,4,0,4.16,4.37,2.14,1.0,1.76,1.14,worn_out,3,employee,0
14.16,2,3,0,4.61,4.15,1.43,1.0,1.82,1.84,worn_out,3,general,1
6.12,0,2,4,2.65,1.13,5.0,3.74,3.47,4.25,none,0,employee,0
15.11,5,7,0,3.5,1.58,3.1,2.14,2.36,1.0,frenetic,2,general,1
9.81,1,0,3,2.22,4.3,2.2,1.68,1.0,3.43,under_challenged,2,employee,1
10.7,3,2,1,4.15,4.62,1.57,1.66,1.2,1.0,worn_out,3,student,1
11.04,3,5,0,3.46,2.03,4.12,2.58,4.55,2.32,none,1,general,1
13.07,4,6,1,4.03,4.85,1.97,1.73,1.61,1.19,worn_out,3,general,1
9.58,2,2,4,3.51,2.69,2.69,2.9,1.66,2.65,none,1,student,1
14.39,2,2,3,4.26,5.0,1.79,1.69,1.72,1.0,worn_out,3,student,1
10.52,2,5,1,2.97,2.83,2.64,2.66,3.63,2.44,none,1,employee,1
14.05,7,6,1,4.24,2.39,2.55,1.48,3.37,1.0,frenetic,3,general,1
8.58,1,4,8,1.41,1.92,4.23,4.16,3.74,4.89,none,0,general,0
11.94,7,3,1,4.63,3.81,3.53,2.72,2.64,2.31,frenetic,3,student,0
10.44,1,7,1,3.47,4.5,1.71,1.45,1.05,1.97,worn_out,3,employee,0
10.17,3,3,1,4.25,4.87,1.41,1.1,1.0,1.0,worn_out,2,student,0
12.06,1,4,4,2.51,3.02,3.09,3.79,2.62,2.47,none,1,student,1
11.54,2,9,1,4.34,4.94,1.28,1.07,1.0,1.11,worn_out,2,employee,1
15.21,6,3,0,4.23,2.54,3.15,2.39,1.09,1.45,frenetic,3,student,1
10.12,2,3,1,2.63,2.05,3.35,2.94,3.13,1.45,none,1,employee,1
6.63,0,4,3,2.98,1.26,5.0,4.52,4.39,4.45,none,0,employee,0
9.51,4,5,2,4.48,5.0,2.44,1.28,1.55,1.1,worn_out,3,employee,1
9.88,0,3,3,3.38,3.08,2.87,2.58,2.68,1.49,none,1,student,0
8.16,1,3,4,2.59,3.82,2.78,1.0,2.65,4.51,under_challenged,2,employee,0
10.91,1,3,3,2.8,3.06,3.9,1.72,3.37,2.69,none,1,student,1
10.8,1,1,2,2.93,4.22,2.05,1.33,1.86,4.05,under_challenged,2,student,1
8.94,0,3,2,1.06,1.0,3.94,4.12,3.91,3.0,none,0,general,1
11.71,3,5,0,3.92,2.42,2.22,2.44,1.21,1.27,frenetic,3,general,1
6.95,0,3,3,2.97,4.96,2.46,1.32,1.9,3.19,under_challenged,2,employee,0
8.58,0,4,6,1.69,2.08,4.88,4.44,4.4,3.57,none,0,employee,1
12.37,7,9,1,4.6,2.92,2.69,2.3,1.42,1.35,frenetic,3,general,0
9.16,1,3,7,1.62,1.65,4.78,5.0,4.13,4.39,none,0,employee,1
12.72,5,6,0,4.71,2.56,3.08,2.8,3.73,1.0,frenetic,2,employee,0
13.2,5,4,1,5.0,4.01,2.03,1.94,2.35,1.56,frenetic,2,student,0
7.99,1,1,5,2.04,3.62,2.86,2.28,1.58,3.76,under_challenged,1,employee,0
10.91,2,5,1,5.0,4.01,1.0,1.33,1.0,1.0,worn_out,2,employee,1
9.58,0,2,3,1.89,4.67,1.0,1.37,2.1,2.59,under_challenged,1,student,0
8.86,0,3,5,2.08,2.32,3.97,5.0,4.49,4.03,none,0,employee,1
8.67,2,6,3,3.79,2.25,3.42,2.85,3.36,2.59,none,1,employee,0
11.24,1,3,3,2.15,1.04,4.49,3.13,3.96,4.2,none,0,employee,1
14.07,2,10,0,4.11,2.34,2.65,2.25,3.16,1.08,frenetic,3,employee,0
12.34,3,2,2,3.39,2.9,2.73,3.65,2.88,2.1,none,1,employee,1
8.3,0,2,7,1.13,2.18,3.88,4.35,4.3,3.8,none,0,student,1
10.33,3,6,0,4.39,4.86,2.43,1.08,1.7,1.07,worn_out,2,employee,1
8.13,1,3,4,2.57,4.06,2.07,1.59,1.59,1.55,under_challenged,1,employee,1
9.75,1,6,0,2.56,2.25,2.66,4.25,3.88,2.46,none,1,employee,0
12.69,2,4,0,4.68,3.56,3.19,1.0,3.76,1.26,frenetic,3,student,0
13.48,3,7,1,4.32,2.74,2.47,2.02,2.75,1.35,frenetic,3,employee,1
10.76,0,6,2,2.53,2.17,3.77,2.07,3.42,2.84,none,1,employee,1
9.67,1,6,1,2.24,1.86,2.0,3.7,3.92,1.78,none,1,general,1
12.91,2,9,0,4.74,3.72,1.08,1.64,2.41,1.82,frenetic,3,general,0
9.85,1,3,3,1.0,1.72,4.48,4.58,4.57,3.41,none,0,employee,1
11.15,3,7,1,5.0,3.53,2.62,3.28,1.86,1.07,frenetic,3,employee,1
11.13,0,1,4,1.89,1.88,4.3,3.87,3.73,3.93,none,0,student,1
14.74,7,4,1,4.51,3.28,2.0,1.78,1.42,2.14,frenetic,2,student,1
7.61,0,3,5,1.0,1.52,4.25,4.0,4.98,3.78,none,0,student,1
8.49,0,4,7,1.4,1.65,4.45,4.12,3.43,3.57,none,0,general,0
8.85,0,3,8,1.81,1.21,3.93,5.0,4.57,3.77,none,0,general,1
10.94,3,10,0,4.62,2.61,2.87,2.98,3.05,2.73,frenetic,2,employee,0
9.51,3,4,1,3.75,4.16,1.57,1.54,1.85,2.28,worn_out,3,general,0
8.54,2,2,1,4.77,3.74,1.0,1.89,1.01,1.43,worn_out,3,student,0
6.81,0,4,6,1.33,1.43,4.17,4.37,4.16,3.7,none,0,student,0
9.83,1,3,4,3.75,2.67,3.38,2.41,3.23,2.42,none,1,student,0
8.96,0,3,5,2.08,3.88,1.29,1.28,1.0,3.4,under_challenged,2,employee,0
12.16,7,8,0,4.8,2.86,3.34,2.48,2.38,1.61,frenetic,3,general,1
13.64,7,6,0,4.75,3.51,3.06,2.8,3.14,1.0,frenetic,3,employee,1
8.77,3,4,0,4.0,4.56,1.0,1.28,1.72,2.73,worn_out,3,employee,0
7.02,0,2,8,2.33,1.81,4.46,3.84,3.56,4.22,none,0,student,0
7.46,0,2,2,2.15,3.94,2.34,1.0,1.03,5.0,under_challenged,1,student,0
11.49,0,4,2,3.83,2.54,3.78,3.48,2.66,2.31,none,1,employee,1
12.41,1,5,1,4.53,4.78,2.17,1.17,1.8,1.0,worn_out,3,general,1
8.52,1,2,9,1.32,1.0,3.8,4.24,4.52,4.02,none,0,student,1
11.34,2,3,0,3.6,4.98,2.72,1.0,2.44,2.98,worn_out,3,student,0
9.35,2,3,2,1.4,1.31,4.25,4.34,4.66,4.26,none,0,employee,1
8.12,0,5,4,1.75,1.62,3.65,5.0,3.95,4.29,none,0,employee,0
9.57,1,3,4,1.78,1.32,4.21,4.0,4.38,3.98,none,0,student,1
9.0,0,2,4,1.9,1.0,3.95,4.33,4.08,4.05,none,0,student,0
10.62,0,2,5,2.3,3.75,2.82,2.35,1.49,2.79,under_challenged,2,student,1
7.55,0,4,4,1.3,1.0,5.0,4.5,3.34,4.56,none,0,employee,0
7.75,0,2,1,2.66,4.33,1.98,1.81,1.45,2.98,under_challenged,2,student,0
9.44,1,2,5,2.98,4.28,2.21,1.51,1.08,2.72,under_challenged,2,employee,0
10.3,2,5,4,2.4,2.5,2.84,3.09,3.8,4.25,none,1,employee,0
7.26,1,5,4,2.48,2.63,2.56,3.25,2.94,2.28,none,1,employee,1
10.68,1,5,2,2.34,3.93,3.11,3.18,3.57,1.76,none,1,general,1
9.05,4,4,0,1.83,2.66,3.41,2.96,3.76,3.08,none,1,employee,1
6.94,0,2,0,2.83,4.84,1.71,1.72,1.21,2.98,under_challenged,1,general,0
10.56,3,2,2,4.85,4.88,2.32,1.72,1.14,2.11,worn_out,2,student,0
15.52,7,7,0,4.38,3.23,1.12,2.28,2.21,1.25,frenetic,3,employee,1
7.02,0,4,2,2.19,1.67,3.91,4.53,4.3,3.56,none,0,general,0
9.35,1,3,2,1.62,3.18,3.43,3.63,4.54,2.89,none,1,employee,0
11.06,5,7,0,3.97,4.15,3.76,1.82,2.63,1.0,frenetic,2,employee,0
8.95,0,2,4,3.04,4.71,2.54,1.13,1.78,3.7,under_challenged,1,employee,1
14.11,5,4,0,4.66,3.0,2.92,1.57,3.17,1.0,frenetic,3,student,1
10.41,0,6,3,2.4,1.45,3.33,3.46,3.1,1.3,none,1,employee,1
9.02,1,5,4,2.77,2.81,3.81,4.58,2.88,2.98,none,1,employee,1
9.2,0,4,4,3.88,1.56,2.95,3.07,2.86,3.66,none,1,general,0
12.22,6,8,0,4.36,3.16,3.02,2.46,1.99,1.32,frenetic,3,employee,0
10.62,5,2,2,4.05,4.46,1.68,1.38,1.0,1.0,worn_out,2,employee,0
10.85,3,6,1,4.27,4.14,1.41,1.0,1.5,1.41,worn_out,3,general,1
8.56,1,3,2,2.85,4.96,1.78,2.5,2.91,2.92,under_challenged,1,employee,1
8.89,0,3,3,3.69,4.33,2.59,1.65,3.22,4.56,under_challenged,2,employee,0
8.54,0,4,9,1.78,1.0,4.32,4.08,3.53,3.7,none,0,general,1
9.29,0,2,4,1.68,1.57,3.2,4.81,3.65,4.15,none,0,student,1
12.23,4,7,0,4.33,2.31,1.96,2.37,1.0,1.46,frenetic,3,employee,0
7.05,2,5,5,1.41,1.0,4.97,4.52,4.37,4.13,none,0,employee,0
11.29,2,6,0,4.26,4.1,2.23,1.68,1.45,2.21,worn_out,3,employee,1
9.08,0,3,8,1.75,1.78,3.75,4.47,3.67,4.44,none,0,general,1
15.62,3,4,1,4.46,4.29,2.62,1.05,1.78,2.47,worn_out,3,general,1
7.7,0,4,6,1.23,1.0,4.21,4.37,3.73,3.97,none,0,general,1
8.06,0,4,1,3.85,3.34,3.12,3.05,2.5,2.99,none,1,student,1
9.46,3,7,3,1.98,2.14,3.29,3.2,2.22,3.12,none,1,employee,1
14.73,2,5,0,4.53,3.73,3.1,2.67,1.97,1.67,frenetic,3,student,1
7.82,0,5,8,1.41,1.0,4.34,4.08,3.8,4.17,none,0,general,1
7.9,0,3,1,1.0,2.17,3.78,5.0,5.0,3.3,none,0,student,0
8.38,1,6,3,2.94,2.57,4.07,2.16,2.42,2.16,none,1,employee,0
11.49,3,4,1,2.6,2.49,2.8,2.87,3.24,2.88,none,1,employee,1
9.5,1,8,2,4.34,4.82,1.69,1.15,1.78,2.08,worn_out,3,employee,0
13.98,7,6,0,4.14,3.7,2.69,3.15,1.91,1.2,frenetic,3,employee,0
11.0,4,11,0,4.27,2.19,2.88,2.36,2.41,1.0,frenetic,3,employee,1
12.51,1,6,0,3.5,4.95,2.49,1.66,1.91,1.37,worn_out,3,employee,1
7.0,0,2,7,1.0,1.14,5.0,3.94,3.96,4.94,none,0,employee,0
8.38,1,5,5,1.11,1.76,4.46,3.89,4.13,4.53,none,0,employee,1
11.24,0,4,3,2.29,1.91,3.14,2.73,3.1,2.96,none,1,student,1
9.61,0,3,3,3.22,2.82,3.41,2.79,3.69,3.65,none,1,student,0
7.25,0,2,2,2.32,1.68,4.19,4.62,4.27,4.8,none,0,employee,0
11.55,0,1,4,2.69,3.61,3.32,2.42,2.39,2.8,under_challenged,2,student,1
7.89,1,2,6,1.05,2.17,4.29,4.41,3.93,4.11,none,0,student,0
14.34,3,4,3,4.3,4.73,1.8,1.89,2.12,2.28,worn_out,3,student,1
12.46,3,9,0,4.22,2.85,2.23,1.8,2.4,1.0,frenetic,2,employee,1
14.29,7,8,0,5.0,2.38,2.82,1.68,3.32,1.0,frenetic,2,employee,1
12.17,4,7,0,4.73,4.11,3.25,2.09,2.05,2.0,frenetic,3,employee,1
12.85,0,2,1,3.96,4.11,1.98,1.81,1.66,1.99,worn_out,2,employee,1
8.94,0,3,2,1.88,3.38,3.13,2.14,1.0,4.01,under_challenged,1,employee,0
11.3,1,2,8,3.13,3.99,2.66,1.61,1.54,3.7,under_challenged,2,general,1
9.77,2,3,0,3.0,4.93,1.54,1.16,1.31,2.86,worn_out,2,employee,0
14.16,4,4,1,4.21,3.42,3.16,2.82,1.41,1.0,frenetic,2,student,1
13.59,7,7,0,4.65,3.26,2.2,1.86,2.82,1.11,frenetic,2,employee,0
7.12,0,3,8,2.23,2.09,4.95,4.06,4.4,3.9,none,0,general,0
10.67,1,4,0,1.81,1.42,3.44,3.82,3.37,2.79,none,1,employee,1
11.63,7,8,0,4.02,1.87,3.06,2.09,1.59,1.46,frenetic,2,employee,0
6.18,0,3,5,1.85,1.09,4.29,3.64,4.35,2.75,none,0,employee,1
7.69,0,3,6,1.99,1.05,4.16,3.82,4.72,4.42,none,0,employee,0
8.81,0,3,4,1.54,1.78,3.26,4.8,2.62,4.12,none,0,student,1
11.06,6,8,1,5.0,3.79,2.02,2.58,1.79,1.1,frenetic,3,general,0
9.52,2,4,1,3.42,4.55,1.85,1.46,1.0,1.77,worn_out,3,employee,0
6.92,0,5,5,1.69,1.61,4.12,5.0,4.28,3.52,none,0,employee,1
6.65,1,3,1,1.36,1.45,4.84,4.72,3.91,4.82,none,0,employee,0
10.49,1,3,2,1.0,1.0,4.48,3.9,2.99,3.39,none,0,general,1
6.32,0,2,3,1.35,1.65,3.7,4.39,4.38,4.65,none,0,employee,0
10.09,2,8,0,4.64,3.23,3.37,2.42,2.21,1.26,frenetic,2,employee,0
7.36,0,2,6,2.12,1.81,3.77,4.03,4.32,3.13,none,0,student,0
5.18,0,2,3,1.77,1.0,4.12,4.0,3.88,4.8,none,0,student,0
10.59,1,3,5,1.98,1.12,4.86,3.93,3.51,4.79,none,0,general,1
11.04,3,6,0,2.7,2.2,3.85,4.35,3.0,2.1,none,1,employee,1
10.08,0,3,2,2.12,4.49,1.56,1.0,1.0,3.09,under_challenged,2,employee,1
7.84,0,0,4,2.0,4.17,2.17,2.45,2.17,3.47,under_challenged,2,general,0
9.97,0,5,1,2.85,2.7,4.09,2.95,1.72,3.42,none,1,general,1
10.87,3,3,4,2.62,2.21,3.08,4.1,4.32,1.19,none,1,student,1
7.43,1,3,7,1.91,1.13,4.21,4.98,3.92,4.15,none,0,general,1
9.63,0,1,4,2.44,4.63,1.77,2.97,1.76,3.17,under_challenged,2,employee,0
14.02,2,10,0,4.68,4.2,3.46,3.01,1.53,1.04,frenetic,3,general,0
12.42,2,4,1,3.71,4.57,1.43,1.31,1.0,1.0,worn_out,3,student,1
10.58,2,5,0,2.91,3.41,3.39,4.26,3.19,2.7,none,1,general,0
8.84,0,3,4,1.44,1.0,4.76,3.82,4.24,2.98,none,0,employee,1
8.81,2,5,1,2.34,2.32,2.75,2.83,3.14,2.44,none,1,employee,1
12.72,3,7,1,3.87,3.72,2.73,2.24,1.75,1.0,frenetic,3,employee,1
7.98,0,3,3,2.01,1.4,4.05,4.98,4.47,4.01,none,0,employee,0
11.58,4,6,2,4.88,4.12,2.5,1.15,1.48,1.68,worn_out,3,employee,0
9.2,4,8,1,3.96,4.44,1.77,1.24,1.77,2.46,worn_out,3,employee,0
12.22,5,6,0,4.9,3.06,2.17,3.5,3.71,2.04,frenetic,3,general,1
8.0,2,1,2,3.11,4.33,2.39,1.48,1.83,3.07,under_challenged,1,general,1
8.29,0,7,0,3.66,2.75,3.71,3.08,4.1,3.84,none,1,employee,0
8.18,1,1,5,2.53,4.68,2.86,1.8,2.77,2.76,under_challenged,2,student,1
8.7,3,6,0,3.03,2.66,3.86,2.37,2.67,2.62,none,1,employee,1
8.36,0,3,6,2.7,4.16,1.69,1.36,1.78,3.21,under_challenged,2,general,1
10.8,1,4,0,4.71,4.78,1.31,1.56,1.98,1.26,worn_out,3,employee,0
8.3,0,1,2,1.52,3.87,2.82,1.36,2.69,3.18,under_challenged,2,employee,0
6.45,0,4,3,2.79,1.33,4.49,3.54,4.35,4.02,none,0,general,0
7.45,1,6,3,5.0,4.11,1.71,1.47,2.02,2.14,worn_out,3,general,0
13.91,0,8,0,4.3,4.86,1.0,1.05,1.8,1.3,worn_out,2,employee,1
11.29,7,10,1,4.19,2.68,2.89,2.91,2.44,1.83,frenetic,2,employee,0
12.26,2,5,1,4.25,4.44,1.74,1.12,1.11,1.0,worn_out,3,general,1
13.75,2,5,0,4.9,4.29,2.29,3.01,2.58,1.64,frenetic,3,student,0
8.26,0,2,2,2.35,4.19,2.11,2.04,3.11,3.74,under_challenged,2,student,1
6.9,0,1,3,2.15,2.46,4.69,3.74,3.91,4.06,none,0,student,0
7.25,0,3,5,2.66,3.91,1.27,1.59,2.82,3.71,under_challenged,2,employee,0
9.04,0,2,6,2.43,1.89,3.9,4.8,4.75,3.21,none,0,employee,1
12.65,6,7,0,4.18,4.3,2.62,1.61,2.75,1.0,frenetic,3,student,0
11.78,4,6,2,4.68,5.0,1.71,1.0,1.42,2.27,worn_out,3,general,1
7.75,0,1,7,1.03,1.06,4.57,3.64,4.13,3.99,none,0,employee,0
7.99,0,2,2,2.14,1.18,4.27,4.14,3.8,4.26,none,0,general,0
9.89,0,6,2,2.65,1.15,3.46,3.44,2.8,2.2,none,1,employee,1
11.18,2,2,2,2.82,2.57,3.62,3.45,3.83,3.23,none,1,student,1
12.5,7,6,1,4.01,2.46,2.84,1.52,3.44,1.0,frenetic,3,general,1
14.93,5,4,1,4.75,2.52,3.18,1.0,3.11,1.06,frenetic,2,student,0
14.99,3,6,1,4.61,3.35,2.48,1.12,3.51,1.0,frenetic,3,student,1
8.07,0,2,3,3.07,3.93,2.31,1.77,2.38,3.26,under_challenged,2,student,0
15.86,6,4,0,5.0,3.43,2.45,3.2,1.97,1.0,frenetic,2,student,1
11.56,1,5,0,4.0,2.85,3.45,2.29,2.1,3.67,none,1,general,1
7.06,0,3,6,1.69,1.08,4.41,4.02,4.24,3.59,none,0,general,1
10.18,3,2,2,4.77,4.23,1.42,1.87,2.08,1.0,worn_out,3,student,1
8.31,0,5,0,2.24,2.52,3.53,3.17,2.4,2.66,none,1,employee,0
10.7,1,7,4,2.84,2.04,2.55,3.02,2.44,3.36,none,1,general,1
8.61,3,5,3,3.85,1.37,3.55,3.57,3.07,2.92,none,1,employee,0
14.0,5,3,2,4.26,4.54,1.64,1.79,1.17,1.02,worn_out,3,employee,0
9.6,0,2,4,2.44,1.18,4.27,4.24,4.62,3.17,none,0,employee,1
7.88,0,1,7,2.88,3.89,1.94,1.0,1.0,2.8,under_challenged,1,student,1
9.83,0,2,2,3.26,4.67,2.76,1.0,2.17,2.5,under_challenged,1,employee,1
12.02,5,4,1,4.39,2.78,2.27,1.83,2.74,1.0,frenetic,2,student,0
14.46,2,9,0,3.95,3.97,2.43,2.93,2.35,1.54,frenetic,3,general,0
9.02,3,4,2,4.67,4.22,1.89,1.56,1.64,1.28,worn_out,3,employee,0
9.79,1,5,2,3.41,4.2,2.81,2.39,1.79,1.63,worn_out,3,student,0
10.16,3,3,0,3.92,5.0,1.79,1.39,1.53,2.29,worn_out,3,student,0
10.86,0,8,2,2.45,3.36,3.86,2.48,4.76,2.42,none,1,general,1
11.81,2,5,0,3.73,3.73,3.36,2.55,2.66,1.26,frenetic,3,student,1
7.12,0,3,5,1.47,1.0,4.18,4.56,3.63,3.55,none,0,employee,1
7.95,3,3,4,3.24,2.81,4.25,3.58,3.34,2.8,none,1,student,0
9.58,2,7,0,4.66,4.86,1.96,2.42,1.33,3.5,worn_out,3,employee,0
8.5,0,5,1,2.91,2.43,2.85,3.04,3.35,3.61,none,1,employee,0
9.89,2,4,8,1.0,1.6,4.1,3.8,4.96,4.51,none,0,employee,1
12.98,4,4,1,4.29,2.12,2.46,1.71,2.79,1.63,frenetic,3,student,0
8.74,0,3,5,1.92,3.83,2.02,1.57,2.57,3.26,under_challenged,1,employee,0
9.32,0,2,8,1.9,3.65,2.25,2.79,3.05,2.89,under_challenged,2,student,1
9.68,3,3,1,3.27,5.0,2.62,1.43,1.0,1.46,worn_out,3,employee,0
13.72,4,7,0,4.78,3.61,3.82,2.33,2.43,1.42,frenetic,3,employee,0
9.22,0,3,6,2.23,2.36,4.39,4.29,4.73,3.57,none,0,general,1
8.37,0,1,4,2.16,3.86,2.51,1.73,2.38,2.91,under_challenged,2,employee,0
12.6,4,8,0,4.1,2.39,2.32,3.12,2.03,1.83,frenetic,2,employee,0
8.42,1,3,5,1.39,1.83,4.5,4.96,5.0,3.69,none,0,employee,1
9.63,0,5,2,2.64,2.02,2.99,4.54,2.84,1.78,none,1,general,0
8.36,0,3,7,3.02,4.0,2.15,1.02,2.35,4.73,under_challenged,2,employee,0
7.02,2,2,2,2.21,3.17,2.03,1.34,1.0,2.18,under_challenged,1,student,0
10.32,4,3,3,2.95,1.36,2.88,2.58,2.97,3.3,none,1,employee,1
10.64,0,3,2,3.15,3.49,2.14,3.37,3.78,2.22,none,1,student,1
9.35,0,1,4,2.48,1.98,4.17,3.99,4.15,3.72,none,0,general,1
7.93,0,3,3,2.01,4.06,1.97,1.24,1.72,3.31,under_challenged,1,general,1
11.3,2,2,1,4.0,2.91,3.71,1.99,3.02,3.05,none,1,student,1
9.43,0,2,1,2.43,4.58,1.89,2.05,2.53,1.79,under_challenged,2,student,1
8.39,0,3,3,1.0,1.84,4.61,5.0,3.44,3.56,none,0,employee,1
9.99,2,8,0,4.83,4.32,1.67,1.58,1.4,1.35,worn_out,3,employee,1
10.26,2,8,2,5.0,4.58,2.0,1.34,1.0,1.24,worn_out,3,employee,1
9.43,1,3,5,1.74,1.72,4.85,4.63,4.38,4.57,none,0,employee,1
7.69,2,3,1,2.91,1.93,2.75,3.1,3.04,2.88,none,1,student,0
8.8,0,2,3,2.35,1.32,3.69,3.33,4.14,3.95,none,0,general,1
11.06,1,7,3,3.68,4.06,1.18,1.82,1.0,1.75,worn_out,3,employee,0
9.26,1,3,2,2.79,2.85,3.17,3.12,2.98,1.81,none,1,general,0
7.74,1,3,5,1.47,1.06,4.64,4.02,3.45,4.51,none,0,general,0
11.23,1,2,4,1.0,5.0,3.16,1.0,1.47,3.51,under_challenged,2,student,1
10.46,2,7,2,2.98,1.97,3.48,3.39,1.54,3.05,none,1,employee,1
7.52,0,2,1,3.19,2.5,4.36,3.87,3.71,3.59,none,0,employee,1
7.9,1,1,5,1.65,1.47,4.08,3.91,4.6,3.67,none,0,general,0
13.35,5,5,0,4.79,4.28,1.8,1.0,1.17,2.53,worn_out,2,employee,1
6.42,0,2,2,1.92,3.51,2.21,1.6,1.42,2.28,under_challenged,2,employee,1
14.52,7,10,1,4.11,3.41,3.57,2.69,2.05,1.24,frenetic,3,employee,1
8.43,0,3,4,1.42,1.0,4.27,4.25,5.0,4.27,none,0,employee,0
8.44,1,3,4,1.0,2.37,4.2,4.56,4.55,2.71,none,0,employee,1
9.11,3,4,4,3.48,3.56,2.96,2.65,4.88,3.1,none,1,general,0
9.28,0,2,4,2.09,4.47,3.31,1.71,1.76,3.56,under_challenged,2,student,1
12.16,1,3,3,2.91,2.26,2.71,3.91,3.14,1.26,none,1,student,1
14.54,2,4,1,3.93,4.34,2.24,1.18,1.1,1.48,worn_out,3,employee,1
15.97,3,5,0,3.87,2.99,2.42,1.56,2.26,1.0,frenetic,3,student,1
9.44,1,3,6,2.03,1.62,4.17,4.86,4.15,3.85,none,0,employee,1
12.54,4,7,1,4.66,2.25,1.62,1.72,1.59,1.0,frenetic,2,general,0
9.67,1,2,1,2.94,1.77,2.4,2.05,2.66,2.49,none,1,student,0
8.51,0,2,3,3.13,5.0,2.05,2.07,2.55,1.94,under_challenged,2,employee,0
8.34,1,3,6,1.1,1.67,3.91,4.24,4.12,4.42,none,0,employee,0
8.58,1,2,4,2.62,3.58,2.58,1.39,2.38,3.33,under_challenged,2,employee,1
8.03,0,3,5,1.65,2.24,4.25,3.57,2.89,3.82,none,0,student,1
9.01,5,2,0,5.0,4.04,1.51,1.0,1.88,1.72,worn_out,2,general,0
9.99,1,3,4,3.23,2.5,2.75,2.76,2.02,2.4,none,1,student,1
13.19,2,3,1,3.52,4.75,2.13,1.73,2.01,2.3,worn_out,3,employee,1
8.13,0,1,3,1.82,1.32,3.99,4.05,3.71,4.68,none,0,employee,1
12.5,3,7,1,4.65,4.63,2.06,1.0,1.34,2.07,worn_out,3,employee,1
12.9,4,6,0,4.74,2.17,2.82,2.55,2.7,2.54,frenetic,2,general,0
8.86,1,8,4,3.94,2.89,3.66,2.9,3.35,2.98,none,1,employee,0
13.94,2,5,1,3.8,4.2,1.78,1.59,1.56,1.36,frenetic,3,student,1
9.85,0,1,1,1.98,4.89,2.33,1.5,2.19,3.93,under_challenged,2,student,1
13.82,5,3,2,4.33,4.26,2.22,1.17,2.02,1.38,worn_out,3,student,1
9.58,3,5,1,2.81,2.72,3.31,2.92,3.97,3.89,none,1,employee,1
12.45,5,6,1,3.96,1.89,2.16,1.73,3.18,1.17,frenetic,3,student,1
7.02,1,1,5,1.74,1.64,4.07,3.78,3.71,3.75,none,0,student,0
13.33,4,10,1,5.0,3.39,3.37,2.81,4.0,1.55,frenetic,2,employee,0
9.46,2,2,3,2.78,1.88,3.71,3.02,2.53,2.68,none,1,student,1
12.07,7,4,1,4.31,1.76,3.09,2.77,2.07,1.07,frenetic,3,student,0
7.94,0,2,6,1.36,1.46,3.5,4.1,3.55,3.9,none,0,student,1
8.5,0,2,4,1.54,2.31,4.39,3.66,4.4,4.93,none,0,student,0
8.96,0,2,9,2.12,1.42,3.87,5.0,3.84,4.16,none,0,student,0
10.36,1,3,1,2.55,2.79,3.59,2.96,3.15,4.5,none,1,student,1
11.61,3,3,4,2.92,1.97,2.48,2.33,1.48,2.1,none,1,student,1
8.97,4,8,0,4.54,4.88,1.94,1.39,1.71,1.73,worn_out,3,general,0
9.61,1,2,3,1.77,2.0,4.11,3.51,4.41,4.35,none,0,employee,1
7.23,0,3,4,1.17,1.16,4.54,4.77,4.24,4.98,none,0,general,0
9.83,0,1,3,2.51,5.0,2.47,1.7,3.79,3.19,under_challenged,2,student,1
8.84,3,4,3,2.68,1.68,2.01,3.91,3.2,2.71,none,1,student,0
15.74,6,7,0,4.51,3.21,2.27,1.27,2.85,1.23,frenetic,2,employee,1
11.69,4,7,1,4.46,2.7,3.54,1.0,1.0,2.33,frenetic,2,employee,0
6.98,0,4,1,1.01,1.19,4.54,5.0,3.96,4.04,none,0,employee,0
9.51,0,3,2,1.66,2.52,4.32,4.15,4.61,4.06,none,0,employee,1
14.75,4,8,1,4.3,2.61,1.04,1.98,2.9,1.42,frenetic,3,employee,1
9.44,1,7,3,2.19,2.53,3.22,3.01,1.98,1.61,none,1,employee,0
10.13,0,1,5,1.73,2.23,3.44,3.76,4.4,3.98,none,0,employee,1
9.32,1,6,2,3.09,2.76,3.49,3.57,3.55,1.66,none,1,employee,0
9.19,3,5,2,3.33,2.39,3.89,3.15,3.58,2.63,none,1,employee,0
13.12,6,9,1,4.96,3.65,2.41,1.61,3.25,1.0,frenetic,2,general,0
10.12,2,3,2,1.5,2.5,4.0,2.53,2.45,2.97,none,1,student,0
6.72,0,2,3,1.38,1.62,4.39,3.88,4.2,4.01,none,0,employee,0
7.0,1,1,3,2.6,4.55,2.72,1.58,1.0,4.92,under_challenged,2,employee,0
10.45,3,5,1,4.11,5.0,1.33,1.5,1.63,1.97,worn_out,3,general,1
8.62,1,1,2,1.13,2.33,4.15,3.99,4.48,3.63,none,0,general,1
12.22,4,5,0,4.0,4.73,2.21,1.66,2.08,2.52,worn_out,3,employee,0
10.4,1,3,4,3.03,1.65,2.55,2.08,1.78,4.51,none,1,student,1
12.28,1,2,2,3.67,3.02,3.31,3.68,3.8,1.96,none,1,student,1
9.42,4,3,3,1.71,2.35,2.6,2.51,1.96,2.24,none,1,student,1
14.19,5,8,1,4.77,4.06,3.04,1.28,4.0,1.56,frenetic,3,general,1
11.31,0,3,5,1.4,4.87,2.48,1.28,1.0,3.02,under_challenged,2,employee,1
14.53,6,3,0,4.36,2.59,1.7,2.84,3.38,1.0,frenetic,3,student,1
6.15,0,4,6,1.67,1.6,4.78,4.13,2.8,4.42,none,0,employee,0
10.88,2,4,1,2.26,1.93,2.96,3.62,3.46,3.43,none,1,employee,0
10.86,5,2,2,4.37,4.64,1.74,1.0,1.0,2.14,worn_out,3,employee,0
8.39,0,2,6,1.22,1.12,3.64,4.59,4.99,3.81,none,0,general,1
7.21,1,2,6,1.0,1.0,3.32,3.74,4.28,4.21,none,0,student,1
7.47,0,3,6,1.8,1.0,3.86,3.83,4.05,4.29,none,0,employee,1
7.58,0,3,3,1.0,1.0,4.73,3.95,4.57,4.54,none,0,general,1
11.55,4,7,3,4.13,5.0,1.38,2.09,1.47,2.69,worn_out,2,student,1
7.31,1,4,4,1.65,1.1,4.01,4.35,4.28,4.15,none,0,employee,1
12.8,1,6,1,3.59,4.43,1.6,1.84,1.0,1.7,worn_out,2,employee,1
7.46,0,4,2,1.47,2.13,4.39,4.47,4.18,4.93,none,0,employee,0
8.7,0,1,5,2.08,4.5,1.15,2.28,2.25,3.11,under_challenged,1,student,0
10.53,2,6,3,2.83,2.51,2.21,3.12,2.55,2.89,none,1,employee,1
8.44,1,4,6,1.68,1.54,4.26,4.84,4.42,4.04,none,0,employee,0
8.78,1,4,2,2.14,3.15,3.19,2.74,3.76,2.2,none,1,general,0
6.56,0,2,6,2.33,1.06,4.2,4.43,3.65,4.02,none,0,employee,0
7.59,2,6,2,3.61,1.79,2.99,4.35,1.52,2.4,none,1,general,0
13.19,3,4,1,4.69,4.4,1.98,1.0,1.53,2.07,worn_out,2,student,1
8.29,2,3,6,2.6,4.59,2.77,1.45,1.92,2.27,under_challenged,1,employee,0
9.16,2,7,0,3.11,3.18,2.58,2.54,2.31,1.96,none,1,general,0
9.37,1,1,3,3.34,4.9,1.53,1.65,2.09,2.29,under_challenged,1,employee,1
7.36,0,2,4,2.33,1.29,4.32,4.61,3.6,4.04,none,0,student,0
11.88,4,8,1,4.47,2.81,2.66,1.42,2.32,1.37,frenetic,3,employee,1
10.47,0,5,8,1.77,2.32,4.31,3.98,4.43,4.95,none,0,general,1
8.39,0,2,6,2.18,1.32,5.0,4.5,4.12,3.65,none,0,employee,1
7.77,0,3,4,1.93,4.45,2.81,1.92,3.06,4.0,under_challenged,1,general,0
6.75,0,2,6,2.05,2.25,4.56,3.93,3.83,3.53,none,0,student,0
5.93,0,1,4,1.49,2.33,4.24,4.66,4.58,4.2,none,0,student,0
10.23,0,2,4,3.06,4.16,2.68,1.23,2.84,3.17,under_challenged,2,employee,1
10.2,0,2,7,3.03,2.23,4.18,4.42,4.42,4.28,none,0,employee,1
9.39,2,3,8,1.95,2.18,4.08,4.16,3.73,3.7,none,0,employee,1
7.6,0,2,4,2.35,4.33,2.83,1.69,2.79,2.29,under_challenged,1,student,1
14.41,2,6,1,4.7,3.92,2.26,2.11,3.55,1.5,frenetic,2,student,1
7.25,2,2,6,3.21,3.92,1.59,1.79,2.39,3.34,under_challenged,2,general,0
7.95,0,1,2,1.98,3.98,2.31,1.0,1.0,1.35,under_challenged,1,student,1
9.85,2,4,0,1.81,3.92,2.94,1.33,1.19,3.76,under_challenged,1,employee,1
6.33,0,5,5,3.07,4.2,2.49,1.78,1.04,4.83,under_challenged,1,employee,0
9.75,0,1,6,2.72,4.27,3.09,1.84,3.02,3.42,under_challenged,1,student,1
13.23,5,7,0,4.68,2.75,3.12,2.08,2.91,2.65,frenetic,3,general,0
13.33,2,8,1,4.39,2.78,2.57,1.98,2.38,1.0,frenetic,3,general,1
10.96,2,5,3,2.45,1.52,4.2,3.71,3.19,2.4,none,1,employee,1
7.77,0,1,2,1.0,1.54,3.14,3.82,4.31,4.33,none,0,student,0
9.19,2,1,2,3.49,4.47,1.57,1.11,2.08,2.51,under_challenged,2,student,1
11.03,2,5,4,2.38,2.32,4.0,3.06,2.54,2.43,none,1,general,1
9.0,1,4,6,1.0,1.25,4.43,4.55,4.2,4.56,none,0,employee,0
15.15,4,5,1,4.41,3.33,2.93,2.96,3.05,2.07,frenetic,3,student,0
7.55,0,2,4,1.44,1.96,4.64,3.71,4.38,4.95,none,0,employee,0
7.79,0,4,0,2.29,3.77,2.34,1.81,2.3,2.89,under_challenged,1,employee,0
11.69,4,4,0,4.62,2.11,2.18,1.99,1.0,1.16,frenetic,3,student,0
9.12,0,2,4,2.87,4.44,2.51,1.39,2.35,2.32,under_challenged,1,employee,1
8.48,2,8,0,4.72,4.18,2.27,1.24,1.0,2.12,worn_out,3,employee,0
7.6,0,3,8,1.31,1.47,4.65,4.46,4.72,4.14,none,0,employee,1
8.06,1,3,6,1.9,1.22,4.31,4.76,4.93,3.58,none,0,general,1
10.64,2,2,4,3.39,3.13,1.87,2.5,2.87,2.84,none,1,employee,1
10.0,5,8,0,4.52,2.65,1.95,2.05,1.88,1.27,frenetic,2,general,0
8.41,2,2,2,2.11,4.37,2.38,1.25,2.48,3.69,under_challenged,2,employee,1
8.53,2,3,0,2.38,3.41,4.31,2.13,3.36,3.54,none,1,student,0
14.52,5,10,2,3.75,4.76,1.23,1.81,1.69,1.5,worn_out,3,employee,1
12.76,4,9,1,4.31,2.27,2.22,1.95,3.69,1.08,frenetic,3,employee,1
9.19,0,5,3,2.59,2.11,2.98,2.64,2.34,2.62,none,1,employee,0
8.4,1,2,5,1.87,1.97,3.65,4.52,3.56,3.73,none,0,general,1
11.31,2,5,2,2.73,2.71,2.81,2.78,3.66,2.35,none,1,employee,1
10.52,2,5,2,3.08,2.54,2.6,3.37,3.45,4.33,none,1,employee,0
9.18,0,1,4,3.25,3.6,2.29,1.99,2.7,3.02,under_challenged,1,student,1
10.01,0,0,3,1.09,1.59,4.71,5.0,4.72,3.06,none,0,student,1
10.56,1,6,1,2.66,2.56,3.17,3.15,2.91,2.11,none,1,employee,1
8.66,0,3,7,2.28,1.85,5.0,4.7,3.57,3.59,none,0,employee,1
9.97,0,1,4,3.52,4.19,1.39,1.54,1.49,2.57,under_challenged,1,general,0
8.52,1,3,2,1.83,4.59,2.4,1.72,3.22,3.29,under_challenged,1,employee,0
10.85,0,2,8,3.05,1.08,4.85,4.4,4.02,3.86,none,0,employee,1
7.6,1,5,1,4.16,5.0,1.08,1.88,1.17,2.64,worn_out,3,employee,1
6.56,0,4,7,1.64,1.32,3.79,4.34,4.44,3.84,none,0,employee,1
12.87,4,7,1,3.99,4.3,2.63,1.0,1.66,3.01,worn_out,3,general,0
9.11,0,4,2,2.34,1.69,3.68,4.25,3.75,3.6,none,0,general,1
12.32,0,5,1,5.0,4.87,2.01,1.62,1.61,1.53,worn_out,2,employee,1
5.96,2,2,6,1.36,1.87,3.65,4.69,5.0,5.0,none,0,employee,0
13.21,4,5,1,4.43,4.86,2.25,2.75,2.28,1.0,frenetic,2,student,1
13.41,3,6,1,3.6,3.5,2.5,1.52,1.61,1.76,worn_out,3,employee,1
8.52,0,6,4,2.65,2.33,3.28,3.42,3.67,2.19,none,1,employee,1
9.25,1,5,1,2.53,3.28,3.75,2.73,3.42,3.48,none,1,general,1
11.82,1,8,3,3.24,4.0,3.2,3.02,2.78,3.05,none,1,employee,1
7.69,1,2,7,1.92,1.65,3.75,4.77,4.33,4.01,none,0,employee,1
13.88,4,8,0,4.79,3.23,3.01,2.94,1.51,1.0,frenetic,2,employee,1
11.58,2,4,3,2.02,1.9,3.75,3.24,3.79,2.34,none,1,general,1
13.95,4,8,0,4.34,3.17,3.85,2.86,1.66,1.28,frenetic,2,general,1
15.11,5,4,1,4.47,3.48,2.7,2.47,2.79,1.02,frenetic,2,student,1
7.0,0,3,8,1.99,4.85,2.61,2.15,1.0,3.97,under_challenged,2,employee,0
7.66,0,2,1,2.73,3.7,2.51,2.59,1.45,3.65,under_challenged,2,employee,0
13.84,4,8,1,4.59,3.37,2.07,1.6,2.26,1.21,frenetic,2,general,0
8.61,0,0,3,2.78,4.59,2.43,1.61,1.0,2.82,under_challenged,2,student,0
10.58,0,5,2,2.68,2.41,3.19,3.19,2.99,3.82,none,1,employee,1
7.36,2,4,0,4.88,4.41,1.98,1.32,2.2,2.28,worn_out,3,student,0
8.2,0,3,1,1.06,1.65,4.77,3.6,5.0,3.95,none,0,employee,1
7.72,1,2,11,2.39,1.08,4.56,4.89,4.55,3.91,none,0,student,1
10.65,4,5,0,4.34,4.44,1.0,1.3,2.63,1.87,worn_out,3,general,0
8.78,0,1,4,1.62,1.86,4.42,4.75,4.06,4.88,none,0,employee,1
12.96,5,7,1,4.29,4.43,2.46,2.46,2.66,1.0,frenetic,2,general,1
9.91,2,3,8,1.72,1.26,3.7,4.76,4.05,4.9,none,0,employee,1
10.98,4,5,0,4.39,3.16,2.26,1.31,2.37,1.22,frenetic,3,student,1
7.62,0,2,3,1.78,1.58,3.91,4.11,2.89,4.0,none,0,student,1
8.59,2,8,4,2.57,3.34,3.33,3.62,4.1,2.84,none,1,employee,1
8.39,1,2,2,2.15,1.67,4.85,3.46,4.24,4.77,none,0,general,0
13.84,3,11,1,4.61,1.5,2.61,2.48,3.47,1.0,frenetic,3,general,1
9.16,0,5,4,2.95,2.39,3.52,3.46,3.77,2.18,none,1,employee,1
7.4,1,3,7,1.08,2.85,3.85,3.76,3.92,3.16,none,0,employee,1
10.43,1,3,4,2.8,3.5,2.09,4.7,3.7,2.82,none,1,employee,1
7.65,0,2,7,1.31,2.04,4.09,4.89,4.29,3.54,none,0,employee,0
8.34,1,5,5,3.1,2.51,2.98,3.72,3.33,3.47,none,1,employee,0
11.75,1,7,2,3.51,4.39,1.5,1.42,1.0,1.7,worn_out,3,general,1
10.75,3,2,0,2.92,2.21,3.68,3.66,4.23,2.48,none,1,student,1
7.83,1,4,0,4.43,4.8,1.0,1.57,2.67,2.37,worn_out,3,student,0
8.8,4,9,0,4.35,4.31,1.88,1.0,1.79,1.0,worn_out,3,general,1
13.53,7,5,1,4.25,3.26,2.89,3.47,1.94,1.29,frenetic,2,student,1
10.12,2,7,2,3.74,5.0,1.41,1.64,1.41,2.73,worn_out,3,employee,0
9.86,2,2,2,4.27,4.47,1.92,2.03,1.41,2.56,worn_out,3,employee,1
9.11,1,3,0,3.2,2.07,3.63,3.08,3.0,3.74,none,1,student,0
9.14,0,3,3,1.41,1.29,3.99,4.18,3.57,2.89,none,0,employee,1
12.67,7,7,1,4.25,3.81,3.46,1.77,1.77,1.72,frenetic,2,student,1
8.17,1,0,1,2.47,3.43,1.58,2.13,1.22,4.72,under_challenged,2,employee,0
11.31,4,2,1,4.17,4.45,2.01,1.48,1.0,1.44,worn_out,3,student,1
6.36,0,2,5,1.96,1.28,4.16,3.82,4.3,3.89,none,0,student,0
10.03,1,4,6,1.98,1.81,3.59,3.57,3.86,2.61,none,0,employee,1
12.21,2,9,0,4.42,4.38,2.44,3.48,2.77,1.39,frenetic,3,employee,1
9.82,0,4,0,2.1,2.81,4.18,2.43,2.5,2.81,none,1,student,0
7.75,0,1,6,1.82,3.96,3.5,1.8,1.81,4.41,under_challenged,1,student,0
10.46,2,3,3,3.77,3.21,3.67,2.36,3.73,2.4,none,1,student,1
12.5,2,4,3,4.57,4.13,2.06,1.2,1.75,3.36,worn_out,3,student,0
11.35,3,9,0,4.19,2.81,2.46,1.79,3.03,1.86,frenetic,2,employee,1
9.42,0,2,3,4.0,4.38,1.82,1.74,3.56,2.58,under_challenged,2,general,1
12.93,2,2,1,4.06,4.34,1.81,1.0,1.79,1.69,worn_out,2,student,1
12.34,2,6,0,4.3,4.95,2.15,1.61,1.31,1.0,worn_out,3,employee,1
9.19,0,5,2,2.57,1.52,4.32,2.88,3.9,2.78,none,1,employee,0
8.98,0,2,5,2.75,2.05,4.53,4.19,2.78,4.25,none,0,student,1
11.45,4,4,1,4.45,3.76,2.44,2.19,1.65,1.15,frenetic,2,student,0
12.12,2,5,1,4.38,3.0,2.39,2.36,2.92,1.53,frenetic,3,student,0
11.94,2,2,6,2.09,1.47,3.24,3.35,3.16,3.61,none,1,student,1
10.25,0,6,2,2.93,2.54,3.6,4.21,3.33,2.19,none,1,employee,1
8.77,0,4,7,1.81,1.53,3.81,4.07,3.56,4.36,none,0,employee,0
6.98,0,3,6,1.07,1.7,4.7,5.0,3.79,3.31,none,0,employee,0
11.41,2,4,1,4.09,1.59,3.51,1.7,1.39,1.68,frenetic,3,student,0
9.99,1,6,1,3.11,1.96,3.53,3.18,2.25,1.82,none,1,employee,1
12.72,3,3,0,4.62,3.31,1.57,2.38,1.91,1.0,frenetic,3,student,1
10.52,3,9,0,4.59,3.63,2.4,1.68,2.34,2.38,worn_out,3,employee,0
12.08,0,3,2,2.7,3.82,1.99,1.93,2.58,3.46,under_challenged,2,employee,1
8.42,0,1,5,2.17,1.53,4.11,4.53,3.77,2.79,none,0,student,0
9.06,0,3,5,2.17,1.77,4.28,4.11,3.98,3.7,none,0,employee,1
9.0,1,1,5,1.97,4.49,2.03,1.55,2.12,2.73,under_challenged,2,student,0
8.04,0,2,2,1.67,1.79,4.7,4.19,4.8,3.95,none,0,employee,0
7.08,0,1,8,1.81,1.0,4.29,4.48,4.55,4.57,none,0,student,0
13.79,2,5,0,5.0,3.67,2.96,2.7,4.0,1.0,frenetic,2,student,1
9.0,0,2,6,2.18,1.41,4.79,3.88,4.11,3.95,none,0,student,0
7.28,2,3,5,2.28,2.32,3.98,4.0,3.45,4.5,none,0,employee,0
13.51,4,4,0,4.23,2.09,3.07,1.84,3.92,1.0,frenetic,2,student,1
6.28,1,3,2,2.17,1.4,4.01,4.81,5.0,4.72,none,0,employee,0
14.74,2,4,0,4.05,3.71,1.84,1.41,3.98,1.32,frenetic,2,student,1
11.7,7,5,1,4.95,2.25,2.58,1.49,1.46,1.0,frenetic,3,student,1
8.86,0,3,6,1.14,1.8,4.95,3.71,4.61,3.28,none,0,employee,1
9.22,1,3,4,2.5,2.42,5.0,3.46,2.84,2.64,none,1,student,0
7.23,0,2,2,2.29,1.22,4.67,3.97,3.69,4.18,none,0,student,0
8.17,1,2,4,1.0,5.0,1.66,2.31,1.48,4.5,under_challenged,2,employee,0
7.65,0,4,5,2.55,1.57,3.89,4.05,4.15,3.06,none,0,employee,1
9.06,1,2,7,2.78,4.4,1.55,1.22,2.43,3.83,under_challenged,1,employee,1
13.47,5,9,1,4.37,2.23,2.45,1.0,2.23,1.64,frenetic,3,employee,0
10.8,0,8,2,3.35,1.62,2.86,3.65,3.44,2.6,none,1,general,1
11.16,3,8,1,4.73,1.87,3.49,2.04,2.3,1.54,frenetic,2,employee,0
13.86,2,9,0,4.25,2.27,3.28,2.22,2.94,1.54,frenetic,3,employee,0
8.11,0,2,2,3.29,4.95,1.97,1.8,2.13,3.45,under_challenged,2,student,0
10.5,1,5,2,4.36,4.29,2.42,1.53,1.47,1.98,worn_out,3,employee,0
7.03,0,1,4,1.57,1.75,5.0,4.04,3.77,3.16,none,0,student,0
8.26,4,4,0,3.78,2.45,2.02,2.96,3.04,4.54,none,1,employee,0
5.14,0,0,5,3.14,4.99,2.19,1.39,3.44,3.15,under_challenged,2,employee,0
10.53,1,4,2,2.24,4.67,1.73,2.78,2.21,3.19,under_challenged,2,employee,1
7.63,0,1,5,2.55,4.13,1.45,1.07,2.91,1.82,under_challenged,2,student,1
7.17,0,2,6,1.8,1.42,4.4,4.54,4.39,4.39,none,0,student,0
9.63,2,5,3,2.48,1.68,3.47,2.65,2.2,3.08,none,1,employee,1
13.43,4,7,1,4.31,4.53,1.71,1.36,1.92,1.0,worn_out,2,employee,1
10.56,2,4,1,4.05,4.18,1.53,2.34,1.0,1.94,worn_out,3,employee,0
7.37,2,2,4,2.33,4.25,2.06,2.14,1.84,3.61,under_challenged,2,employee,0
13.01,4,4,3,3.76,4.63,1.35,1.78,1.43,2.03,worn_out,3,employee,0
7.75,0,2,3,2.41,4.74,1.97,1.0,2.92,2.69,under_challenged,2,general,0
9.99,2,4,5,1.87,2.36,3.54,3.26,3.36,3.04,none,1,employee,1
6.67,0,3,1,2.67,4.9,1.79,1.23,3.96,2.65,under_challenged,2,employee,0
13.26,5,6,1,5.0,4.1,3.51,2.06,3.38,1.92,frenetic,3,student,0
10.07,4,6,1,4.69,4.78,2.1,1.85,1.0,2.42,worn_out,2,general,1
7.78,0,1,6,1.86,1.0,3.74,5.0,4.1,3.67,none,0,student,0
11.86,0,1,3,2.58,4.83,2.06,2.47,1.72,2.67,under_challenged,1,student,1
8.7,1,4,4,2.5,4.07,2.36,1.83,2.6,5.0,under_challenged,1,general,0
8.62,1,2,2,2.39,4.98,2.25,2.21,2.24,2.88,under_challenged,2,student,1
12.72,0,7,3,5.0,5.0,1.05,1.21,1.2,2.08,worn_out,3,employee,1
10.4,1,1,5,2.77,4.71,1.4,1.0,2.42,4.35,under_challenged,2,employee,1
12.56,2,7,0,4.42,2.84,2.38,1.42,2.69,2.46,frenetic,3,student,1
14.0,3,1,0,4.5,5.0,1.23,1.0,1.2,1.14,worn_out,3,student,0
12.3,3,5,0,3.68,4.16,1.22,2.19,3.23,1.18,frenetic,3,student,1
8.94,0,2,4,2.31,5.0,2.63,2.01,1.09,4.08,under_challenged,2,student,1
14.24,4,7,0,3.75,3.63,2.9,2.76,2.09,1.34,frenetic,2,employee,0
7.67,2,4,2,2.17,2.32,3.01,3.93,2.99,2.77,none,1,employee,0
8.15,5,3,1,3.99,4.57,2.37,1.86,1.55,2.15,worn_out,3,employee,1
7.58,1,2,4,2.25,4.35,2.05,1.0,3.33,3.66,under_challenged,1,employee,0
7.01,0,4,3,1.61,1.18,3.16,4.05,3.87,3.77,none,0,employee,0
11.5,5,4,0,4.41,4.63,1.89,1.34,1.78,1.0,worn_out,3,employee,1
10.08,2,2,6,2.02,2.54,3.33,3.19,3.68,2.22,none,1,employee,1
8.45,0,4,5,1.85,2.79,3.15,3.75,4.17,3.93,none,0,employee,1
11.54,0,6,1,4.05,4.65,1.83,1.44,1.6,1.54,worn_out,3,general,1
12.97,5,7,2,5.0,4.08,3.47,2.66,2.5,1.0,frenetic,3,employee,1
9.96,1,3,2,2.28,3.75,2.32,3.5,2.52,2.54,none,1,general,1
7.0,1,4,3,4.91,4.46,1.09,1.4,1.53,1.41,worn_out,3,employee,0
9.72,3,5,1,2.69,2.08,2.23,3.55,2.49,2.24,none,1,employee,1
8.68,0,1,6,2.38,1.0,4.24,3.46,3.15,3.78,none,0,employee,0
9.94,0,3,3,2.22,3.64,2.13,1.79,3.25,3.84,under_challenged,2,employee,1
12.74,4,9,0,4.46,2.14,1.77,2.09,1.27,1.08,frenetic,3,employee,1
11.5,3,6,2,4.0,4.74,1.64,1.51,1.76,1.0,worn_out,3,employee,1
5.66,2,3,8,2.03,2.25,4.82,4.59,3.77,4.45,none,0,student,0
12.65,3,6,1,4.76,4.32,2.77,2.04,2.41,1.0,worn_out,3,employee,1
9.21,2,3,0,2.67,2.42,2.93,3.68,2.66,3.58,none,1,student,1
11.85,3,8,2,4.67,4.9,1.7,1.32,1.34,2.83,worn_out,2,employee,0
8.06,1,3,4,1.4,1.69,4.26,5.0,4.19,3.9,none,0,student,1
7.91,4,4,1,4.38,4.24,1.67,1.13,2.14,1.75,worn_out,3,student,0
8.63,0,3,5,2.27,3.62,1.69,1.65,1.73,3.39,under_challenged,1,employee,0
7.37,0,2,4,1.85,2.0,4.4,5.0,3.73,4.44,none,0,student,0
14.43,1,4,3,4.24,3.97,1.01,1.04,1.58,2.34,worn_out,3,student,1
7.58,2,6,3,1.89,3.64,2.55,4.23,3.02,2.7,none,1,employee,0
7.4,3,7,1,4.64,3.8,2.79,1.96,1.74,2.25,worn_out,2,general,0
8.97,1,2,5,2.64,4.63,2.35,1.83,2.77,2.32,under_challenged,2,employee,1
7.71,0,1,2,1.98,1.33,3.59,3.9,5.0,3.99,none,0,student,1
9.77,0,3,1,2.41,1.41,3.72,4.41,4.36,3.72,none,0,employee,1
8.07,0,4,4,2.05,1.1,3.82,4.26,5.0,3.9,none,0,employee,0
8.62,1,3,2,2.49,1.59,2.79,4.12,2.89,3.28,none,1,student,0
6.24,0,4,2,1.48,1.94,4.46,4.24,2.89,4.52,none,0,employee,0
9.3,2,3,1,2.48,2.89,4.16,3.89,3.73,1.5,none,1,student,1
8.45,0,1,5,3.23,4.41,2.21,1.03,2.52,2.53,under_challenged,1,employee,0
7.02,1,3,4,2.15,1.18,4.4,4.26,3.25,3.36,none,0,employee,1
10.94,2,4,3,3.06,2.07,3.18,2.76,2.39,2.56,none,1,employee,1
7.99,3,7,1,4.5,4.57,1.84,1.27,2.2,1.48,worn_out,2,employee,1
7.96,1,4,1,2.23,1.17,5.0,3.14,4.02,3.66,none,0,employee,1
13.33,2,4,2,4.72,4.62,1.71,1.98,1.12,2.93,worn_out,3,student,1
8.55,0,0,3,3.14,4.21,2.53,1.12,2.94,3.3,under_challenged,1,student,0
10.0,0,2,1,4.0,4.84,2.12,1.0,2.98,4.06,under_challenged,2,general,0
13.72,3,4,1,4.01,4.35,1.27,2.13,1.26,2.21,worn_out,3,employee,1
15.21,2,10,1,4.39,3.13,2.01,2.97,1.26,1.52,frenetic,3,employee,1
14.04,7,7,1,4.13,4.64,2.06,1.92,2.01,1.79,frenetic,3,employee,1
12.53,1,4,4,2.41,2.14,2.98,3.46,3.88,2.81,none,1,employee,1
10.09,1,6,2,4.0,4.56,2.41,1.75,2.21,2.81,worn_out,2,general,1
8.55,1,5,1,2.24,2.75,2.25,2.74,2.35,4.16,none,1,employee,0
12.0,7,7,0,4.23,2.43,2.58,1.52,2.19,1.0,frenetic,2,employee,1
13.47,5,6,0,4.75,2.3,3.22,1.72,2.98,1.97,frenetic,3,student,1
7.03,1,3,6,1.12,1.68,3.7,4.2,2.68,4.94,none,0,employee,0
12.54,5,8,0,4.39,3.01,1.53,3.04,2.53,1.0,frenetic,2,employee,0
8.26,0,3,5,1.9,1.71,4.45,3.63,4.29,2.66,none,0,employee,1
9.15,0,2,2,2.93,3.18,2.67,1.77,1.11,4.2,under_challenged,1,general,1
14.04,2,4,1,4.63,4.61,2.73,1.87,1.0,2.43,worn_out,2,employee,1
7.95,1,4,1,3.09,2.8,2.76,2.62,3.14,3.26,none,1,employee,0
7.18,1,3,6,2.06,1.0,3.96,4.39,4.39,3.77,none,0,employee,1
9.43,0,3,3,2.28,4.26,2.21,2.26,2.34,2.45,under_challenged,2,employee,1
10.43,0,5,2,2.95,2.76,2.85,3.36,3.48,3.27,none,1,employee,1
8.23,0,2,6,1.64,1.99,3.74,4.13,4.42,4.42,none,0,employee,1
12.03,4,7,1,3.72,4.95,1.8,1.48,1.68,1.0,worn_out,3,general,1
12.09,6,9,1,4.18,2.73,1.22,1.96,1.14,2.37,frenetic,3,general,0
14.68,7,8,1,4.79,3.48,3.33,2.27,2.54,1.0,frenetic,2,employee,1
8.28,3,5,5,2.71,2.18,2.71,2.43,2.97,3.22,none,1,general,0
7.6,0,3,3,1.97,2.02,1.7,2.17,2.69,3.18,none,1,student,0
12.25,3,8,1,4.08,1.6,3.18,1.95,3.65,2.01,frenetic,3,general,0
12.02,2,2,0,4.66,4.85,1.42,1.86,2.56,1.97,worn_out,2,general,1
13.48,6,4,1,4.06,2.98,2.43,1.0,2.02,1.37,frenetic,2,student,1
14.46,3,9,1,5.0,2.99,3.35,1.49,3.48,1.0,frenetic,3,employee,1
16.0,3,9,0,4.36,3.91,2.44,2.33,1.0,1.0,frenetic,3,employee,1
12.67,7,7,2,4.42,4.19,3.06,1.38,1.22,1.0,frenetic,3,general,1
11.05,5,6,0,4.03,3.46,1.89,1.0,2.29,2.48,frenetic,3,student,0
10.46,0,2,0,3.01,4.66,2.97,1.0,1.0,1.83,under_challenged,1,employee,1
11.61,5,8,1,4.37,2.71,1.68,2.57,2.95,2.22,frenetic,2,employee,0
7.69,1,3,5,2.1,3.52,1.77,2.08,1.0,4.62,under_challenged,2,student,1
12.38,0,4,1,3.67,4.86,1.4,1.81,1.98,2.36,worn_out,3,employee,0
9.03,0,1,5,2.21,1.0,4.44,3.47,3.73,3.62,none,0,student,1
11.33,0,2,4,1.25,3.94,3.23,1.0,1.59,4.27,under_challenged,2,employee,1
6.34,0,1,4,2.27,1.44,4.53,4.41,4.88,3.84,none,0,student,0
6.6,1,2,3,1.86,1.11,3.4,4.14,4.0,5.0,none,0,student,0
9.64,1,5,2,3.12,2.29,3.76,3.22,3.49,2.0,none,1,employee,0
8.64,2,1,6,2.55,4.15,2.38,2.17,1.64,2.93,under_challenged,2,student,1
13.4,4,5,0,4.85,2.99,1.72,1.95,1.0,1.17,frenetic,2,student,1
11.8,5,5,0,4.24,2.33,1.3,2.27,2.27,1.0,frenetic,2,student,0
12.95,5,3,1,3.68,4.28,1.73,1.8,1.36,1.92,worn_out,3,general,1
9.64,1,2,8,3.02,3.91,2.4,1.84,1.45,2.44,under_challenged,1,student,1
15.25,7,10,0,4.11,1.94,1.87,2.22,2.31,1.0,frenetic,2,employee,1
9.42,0,3,4,2.14,4.4,2.4,1.29,2.18,3.6,under_challenged,2,employee,0
11.03,4,3,0,4.18,4.38,1.2,1.0,1.26,1.81,worn_out,3,employee,0
8.74,0,3,5,2.15,1.55,4.25,4.14,3.84,4.36,none,0,general,1
9.62,1,7,1,2.87,2.07,3.27,3.39,3.21,4.34,none,1,employee,1
9.63,2,6,4,3.3,1.03,2.88,2.4,2.51,2.35,none,1,employee,0
9.87,0,5,6,1.58,1.82,3.91,4.02,4.4,4.18,none,0,employee,1
8.77,1,5,0,3.22,2.36,3.62,3.13,1.81,2.93,none,1,employee,0
13.2,3,3,0,4.37,4.68,1.74,1.22,1.99,3.1,worn_out,3,student,0
9.44,1,1,2,2.26,4.2,2.07,1.77,1.0,2.18,under_challenged,2,employee,1
9.19,0,4,4,2.04,1.0,4.42,4.43,4.77,3.67,none,0,general,1
7.22,0,4,5,2.51,4.42,2.54,1.77,2.6,3.8,under_challenged,1,general,0
10.17,0,3,3,1.7,2.36,3.77,4.01,4.92,3.84,none,0,general,1
13.73,2,7,0,4.18,3.15,3.36,2.62,2.03,1.94,frenetic,3,general,0
11.52,7,4,1,3.5,2.26,1.95,2.37,2.68,1.13,frenetic,2,student,0
9.19,0,3,4,2.37,1.0,3.57,4.73,3.69,4.44,none,0,employee,1
9.8,2,4,0,3.35,4.38,2.44,1.77,2.07,2.19,worn_out,3,student,1
11.61,3,3,2,3.87,4.9,1.95,1.65,1.71,1.0,worn_out,3,general,1
12.6,4,4,1,4.42,3.93,1.74,1.8,1.07,2.06,worn_out,3,student,1
10.47,0,2,3,1.0,3.68,2.35,1.81,1.94,3.2,under_challenged,2,employee,1
7.0,3,4,1,3.57,4.6,2.92,1.72,1.18,1.26,worn_out,3,student,0
13.12,6,6,0,4.65,3.32,2.7,2.22,2.68,2.39,frenetic,3,general,0
6.81,0,2,6,2.24,1.62,3.54,3.97,3.35,3.36,none,0,employee,1
10.15,4,5,1,2.45,2.88,2.2,3.16,2.13,3.5,none,1,general,0
14.68,3,10,0,5.0,3.07,1.87,1.49,1.96,1.52,frenetic,3,employee,0
14.93,4,4,0,3.7,3.18,2.93,2.52,1.0,1.7,frenetic,2,student,1
10.34,1,3,0,2.72,2.14,2.38,2.27,1.95,3.57,none,1,employee,0
14.0,7,5,0,4.78,2.28,2.2,1.77,2.86,2.73,frenetic,3,student,0
10.46,4,4,2,3.35,4.98,1.98,1.29,1.37,2.29,worn_out,3,employee,0
12.68,5,9,0,4.29,5.0,3.4,1.4,1.38,2.04,frenetic,2,employee,0
7.81,1,1,7,1.95,1.63,4.31,4.55,3.74,4.25,none,0,student,0
11.48,5,9,0,4.1,3.45,3.04,2.46,2.46,1.45,frenetic,3,employee,0
14.32,4,10,1,4.09,3.91,1.78,2.68,4.0,1.9,frenetic,2,general,1
8.11,0,3,6,2.06,3.78,3.02,2.21,3.1,3.5,under_challenged,1,employee,0
7.93,0,2,3,1.69,1.35,4.75,3.64,5.0,3.6,none,0,employee,0
12.32,4,8,1,4.72,2.8,3.21,3.18,1.84,1.13,frenetic,3,general,1
9.87,1,4,2,3.45,2.43,2.57,2.9,3.18,3.13,none,1,student,1
9.58,0,3,0,3.52,4.37,1.44,1.32,1.0,2.87,under_challenged,1,employee,1
11.34,0,3,4,2.84,2.88,3.8,3.45,3.17,2.75,none,1,student,1
9.72,2,7,1,4.22,4.47,2.48,1.93,1.16,2.35,worn_out,3,employee,0
10.29,3,3,1,4.93,5.0,2.56,1.0,1.76,1.2,worn_out,3,employee,1
8.74,2,4,8,2.32,1.01,4.34,4.68,3.97,4.64,none,0,employee,0
10.71,2,2,2,1.45,1.0,4.49,3.97,3.23,3.7,none,0,student,1
6.55,0,1,3,2.16,4.66,2.78,1.27,2.05,3.83,under_challenged,2,employee,0
7.93,2,5,0,4.33,4.54,2.38,1.34,1.96,1.98,worn_out,3,general,0
8.46,0,5,6,1.47,1.33,3.59,4.83,2.7,5.0,none,0,general,0
9.0,0,3,8,1.54,1.46,3.56,4.38,3.43,4.62,none,0,general,0
10.94,4,4,1,4.13,4.33,1.1,2.06,1.5,1.39,worn_out,3,student,1
7.26,0,3,6,2.95,1.17,3.95,4.09,3.31,3.28,none,0,employee,1
8.79,1,2,6,2.25,1.11,5.0,4.59,4.9,4.41,none,0,employee,1
8.9,2,7,2,4.58,3.99,1.82,1.65,1.66,2.36,worn_out,3,general,0
7.9,0,3,5,1.41,2.32,3.89,4.85,5.0,3.16,none,0,general,1
8.44,2,6,3,2.5,2.42,2.93,2.77,2.48,2.95,none,1,employee,0
9.0,1,2,7,1.34,3.0,4.84,4.39,3.72,4.3,none,0,employee,0
14.44,3,9,0,4.35,1.98,1.79,2.92,3.19,2.03,frenetic,3,employee,1
9.26,0,5,0,2.57,2.52,3.63,2.76,2.37,2.43,none,1,employee,0
7.49,0,3,5,2.36,1.36,4.57,3.96,4.1,3.35,none,0,employee,1
10.21,3,4,5,3.67,2.01,3.17,3.27,2.92,3.36,none,1,employee,0
10.0,0,3,4,2.83,4.13,2.32,1.6,1.0,2.48,under_challenged,2,employee,0
12.21,0,4,1,3.98,4.23,2.07,1.73,1.92,1.98,worn_out,2,general,1
10.0,2,2,4,1.52,2.93,4.05,3.06,3.06,3.22,none,1,student,1
7.52,0,2,6,1.8,2.19,4.74,4.13,3.28,4.37,none,0,student,1
9.19,0,2,4,2.09,1.0,3.62,4.87,4.31,4.1,none,0,student,1
7.85,1,2,4,1.0,1.78,4.29,4.84,3.85,4.36,none,0,student,0
10.1,0,1,1,1.34,1.25,4.31,4.72,3.47,4.99,none,0,employee,1
13.25,5,7,1,4.51,1.7,2.12,1.91,2.09,1.98,frenetic,3,employee,1
14.4,4,7,1,4.12,3.82,2.33,1.81,2.72,1.35,frenetic,3,general,1
16.0,2,7,1,4.44,4.07,3.02,2.12,1.0,2.12,frenetic,3,employee,1
9.97,0,1,1,2.89,4.09,2.56,1.88,1.65,2.47,under_challenged,2,student,1
7.26,0,4,3,3.87,3.6,2.34,1.0,1.0,3.69,under_challenged,1,employee,0
13.0,2,7,2,4.91,3.03,1.48,1.47,1.34,1.55,frenetic,2,student,1
13.53,3,5,0,4.22,1.63,1.46,2.69,4.0,1.0,frenetic,3,student,1
13.23,7,6,1,4.67,2.63,1.2,2.49,2.39,1.03,frenetic,2,employee,1
7.28,0,4,3,2.91,4.26,2.37,2.26,1.0,3.5,under_challenged,2,employee,0
8.2,0,4,2,1.86,2.17,4.52,3.54,5.0,4.51,none,0,employee,1
11.32,3,3,2,3.42,5.0,2.26,1.37,1.0,1.0,worn_out,3,student,0
10.53,3,5,1,2.23,1.96,2.7,3.12,3.26,1.0,none,1,general,1
12.68,7,8,1,4.24,2.59,2.96,2.42,2.81,1.0,frenetic,3,general,1
9.69,1,4,4,2.09,1.82,3.13,2.66,3.28,2.96,none,1,general,1
7.36,1,5,0,4.0,1.71,2.98,3.27,3.44,2.15,none,1,general,0
7.21,0,2,1,1.72,4.43,2.68,1.12,1.77,3.06,under_challenged,2,general,0
10.29,2,5,5,2.73,2.7,2.96,2.06,1.94,1.06,none,1,employee,1
10.84,1,3,3,3.36,2.98,4.0,3.97,3.31,2.22,none,1,student,1
12.03,7,8,1,3.88,2.64,1.85,2.31,1.0,1.0,frenetic,3,employee,1
7.64,1,3,8,2.14,1.0,3.43,3.98,3.88,4.01,none,0,employee,0
8.2,0,3,5,1.5,2.33,3.43,4.76,4.39,3.77,none,0,student,1
9.2,0,3,1,1.58,1.05,4.37,4.94,4.22,3.68,none,0,employee,1
8.13,0,3,5,1.0,1.91,4.87,3.9,4.45,3.95,none,0,general,1
14.08,3,2,0,4.2,4.59,1.73,1.23,1.52,1.0,worn_out,2,general,1
6.75,0,2,3,2.08,5.0,1.21,1.13,1.33,1.98,under_challenged,1,student,0
10.02,4,4,3,3.11,4.17,1.97,1.69,1.18,1.81,worn_out,2,employee,0
8.62,2,5,3,2.2,2.21,3.84,3.57,3.25,3.22,none,1,general,0
8.87,0,3,4,1.7,3.74,2.36,1.97,2.65,3.53,under_challenged,2,employee,1
10.96,1,6,1,4.39,5.0,1.8,1.0,1.61,1.79,worn_out,2,employee,0
9.27,0,4,4,2.11,1.38,3.94,3.71,4.62,2.65,none,0,employee,1
10.72,0,2,4,1.53,1.07,5.0,4.35,4.29,2.97,none,0,student,1
10.48,1,3,4,3.1,2.83,2.72,3.81,2.09,3.1,none,1,student,1
8.58,1,3,10,1.82,2.03,4.34,4.05,4.49,4.07,none,0,employee,1
12.98,6,5,0,4.95,3.03,2.27,3.02,2.61,1.0,frenetic,2,student,1
10.0,0,4,9,1.97,1.59,5.0,4.23,4.72,3.61,none,0,general,1
6.31,0,2,4,2.63,1.12,4.72,5.0,4.16,4.77,none,0,student,0
13.16,2,4,2,5.0,4.55,2.07,1.06,1.86,1.0,worn_out,3,employee,1
12.43,7,6,1,4.95,3.62,2.49,1.07,1.38,1.27,frenetic,3,employee,0
8.29,0,2,7,2.59,1.69,4.39,4.07,3.72,3.76,none,0,student,0
11.93,3,7,2,4.79,4.9,1.45,1.01,1.47,1.25,worn_out,3,general,1
9.57,1,5,2,2.93,1.93,2.98,2.87,4.41,3.24,none,1,general,0
11.08,3,3,2,4.21,4.56,1.45,1.45,1.0,2.61,worn_out,3,employee,0
9.48,2,5,0,4.2,4.59,1.84,1.3,1.0,2.67,worn_out,3,employee,0
10.88,0,1,5,1.59,1.0,4.06,4.02,4.75,3.6,none,0,general,1
9.79,4,6,1,2.14,1.87,2.3,4.36,2.69,2.8,none,1,employee,0
10.53,2,2,1,5.0,4.66,2.17,1.65,1.13,1.0,worn_out,3,employee,0
8.05,0,3,3,1.98,3.59,1.98,1.81,2.02,5.0,under_challenged,2,employee,0
9.47,2,3,2,2.98,5.0,2.77,2.07,1.14,3.88,under_challenged,2,employee,1
9.83,1,3,4,4.03,4.13,1.0,1.52,1.81,2.03,worn_out,3,student,0
6.23,0,3,3,1.0,1.67,4.51,4.61,4.52,3.46,none,0,employee,0
8.07,0,2,5,2.28,3.43,2.54,1.74,2.15,2.31,under_challenged,2,student,0
10.89,2,2,1,4.46,4.6,2.08,1.0,1.52,1.48,worn_out,3,employee,1
9.29,2,5,4,3.45,2.34,3.3,3.89,2.13,2.9,none,1,employee,0
15.39,3,8,0,4.15,3.2,1.0,1.23,1.9,1.74,frenetic,2,employee,1
12.6,1,6,1,3.93,4.85,1.49,1.43,2.01,1.94,worn_out,2,employee,1
7.12,0,3,6,2.06,2.06,4.51,4.26,2.74,3.46,none,0,employee,0
8.89,2,4,2,3.72,5.0,1.03,1.0,1.57,1.0,worn_out,2,general,1
7.9,0,2,6,1.77,2.27,4.55,4.24,4.6,3.84,none,0,general,1
10.15,2,5,3,2.67,1.85,2.8,3.03,3.03,3.53,none,1,general,0
8.4,1,4,6,1.37,1.18,4.42,4.25,5.0,4.01,none,0,employee,1
9.83,1,1,4,2.72,4.49,2.9,1.05,3.23,3.18,under_challenged,1,student,1
11.25,3,2,0,5.0,5.0,1.0,1.0,1.77,1.67,worn_out,2,general,1
7.43,0,3,4,1.11,1.86,3.69,4.68,3.51,4.6,none,0,general,0
12.67,2,8,1,4.22,3.52,3.06,1.61,2.0,1.08,frenetic,3,general,0
13.21,2,4,1,4.57,2.79,2.17,1.94,2.37,1.0,frenetic,3,student,1
8.47,0,6,1,2.63,3.59,4.22,3.33,2.96,3.92,none,1,general,0
12.41,2,4,1,4.17,4.46,2.0,1.0,2.04,3.06,worn_out,3,student,0
9.87,0,4,6,2.93,2.15,2.96,4.17,3.51,1.45,none,1,general,0
14.21,7,6,1,4.79,3.81,2.75,2.16,2.36,1.0,frenetic,3,general,1
8.21,0,5,3,1.41,1.13,4.37,4.26,3.84,4.25,none,0,employee,1
10.54,5,9,1,4.93,2.62,2.9,2.8,2.83,1.19,frenetic,3,employee,0
12.71,1,3,2,2.29,1.8,4.68,3.99,4.07,2.87,none,1,employee,1
8.72,1,3,1,1.58,1.01,4.26,4.32,3.74,4.93,none,0,employee,1
6.99,0,4,5,1.37,1.19,4.73,4.14,4.49,3.77,none,0,general,0
14.98,4,8,1,4.66,3.64,3.46,2.09,1.96,1.1,frenetic,3,employee,0
12.34,1,3,1,4.59,4.05,2.84,1.64,1.98,2.68,worn_out,3,general,0
12.38,7,5,0,4.45,3.79,2.27,2.17,3.19,1.0,frenetic,2,student,1
10.06,3,4,0,3.92,2.55,2.57,2.53,4.0,1.61,frenetic,2,student,0
11.85,1,2,1,3.29,4.8,2.09,1.41,1.47,1.0,worn_out,3,student,1
10.28,1,1,3,2.38,3.59,1.63,2.4,1.0,4.62,under_challenged,2,employee,1
6.53,0,2,1,2.02,1.47,5.0,4.21,4.66,4.85,none,0,student,0
14.21,3,10,1,4.23,3.61,2.97,2.4,2.91,1.68,frenetic,2,employee,0
6.82,1,2,5,2.57,4.21,2.05,1.38,2.41,2.24,under_challenged,1,employee,1
8.5,2,4,4,2.26,1.01,4.71,4.41,3.49,4.1,none,0,employee,1
10.75,1,3,1,3.3,4.35,1.43,1.47,1.0,1.94,worn_out,3,employee,0
7.89,0,2,6,2.26,1.8,3.65,4.1,4.65,3.58,none,0,student,0
12.68,5,8,0,4.65,4.15,2.01,2.83,2.65,1.26,frenetic,3,employee,0
9.01,1,2,4,2.15,4.26,1.88,1.22,2.99,4.14,under_challenged,2,employee,1
8.4,0,2,2,2.28,1.31,3.82,4.17,3.85,2.8,none,0,employee,1
12.49,2,9,1,4.46,5.0,2.76,1.98,3.74,1.0,frenetic,3,employee,0
8.32,1,3,8,1.7,1.94,3.9,3.41,5.0,4.23,none,0,general,0
8.68,1,6,3,2.46,3.29,2.59,2.77,3.04,3.18,none,1,employee,0
8.96,2,6,2,3.71,1.65,2.69,3.86,4.22,2.41,none,1,employee,0
11.66,6,8,1,4.74,2.71,1.44,2.32,2.73,1.76,frenetic,2,employee,0
6.36,0,3,7,1.62,1.89,4.14,4.73,3.65,3.81,none,0,employee,0
7.04,0,4,4,3.36,1.66,4.42,3.65,4.0,2.87,none,0,employee,1
7.76,1,5,5,1.42,1.44,4.69,4.23,3.89,3.55,none,0,general,1
10.72,1,3,0,3.75,3.24,3.51,3.47,3.09,3.46,none,1,general,0
9.24,0,3,3,2.34,3.73,2.68,1.0,1.69,3.96,under_challenged,1,employee,1
8.55,0,1,4,2.17,1.08,4.55,4.16,4.45,3.17,none,0,employee,1
6.17,0,2,5,1.3,2.14,4.54,4.43,3.43,3.85,none,0,employee,0
11.79,0,6,1,4.02,4.29,2.51,1.0,1.34,1.77,worn_out,3,general,1
10.08,2,5,4,1.79,1.8,3.04,2.82,3.3,2.97,none,1,employee,0
9.0,0,2,8,1.82,1.9,3.94,3.46,5.0,3.75,none,0,employee,0
6.45,0,2,8,1.87,2.19,3.93,5.0,3.85,4.44,none,0,employee,1
8.07,0,2,7,2.28,4.26,2.84,1.83,3.28,3.77,under_challenged,2,employee,0
11.28,3,4,1,3.89,3.63,3.22,2.13,2.0,1.59,frenetic,2,student,1
12.92,7,10,0,5.0,2.68,3.5,3.07,1.15,1.62,frenetic,3,employee,0
8.34,0,2,1,1.93,5.0,2.13,2.3,3.79,1.29,under_challenged,2,student,1
8.71,0,7,3,2.71,1.74,2.74,2.89,3.57,2.76,none,1,employee,0
8.59,4,3,1,2.76,1.68,2.81,2.78,3.79,3.36,none,1,student,1
12.59,6,7,2,4.13,2.4,1.63,2.2,1.0,1.0,frenetic,2,general,1
8.14,0,3,2,3.03,4.64,2.31,2.15,2.74,4.1,under_challenged,1,general,0
6.29,0,3,3,1.48,1.97,4.31,4.6,4.34,3.75,none,0,employee,0
11.04,0,4,0,3.27,2.69,3.43,2.86,1.99,2.25,none,1,student,1
10.83,0,4,4,1.63,1.0,4.08,3.55,5.0,3.44,none,0,general,1
10.97,0,5,2,4.11,3.87,1.8,1.59,1.7,1.89,worn_out,2,employee,0
7.44,0,3,5,2.02,1.48,4.37,4.0,4.15,4.97,none,0,employee,0
13.92,3,4,3,3.88,3.5,1.05,1.82,1.0,1.46,worn_out,3,employee,0
11.25,2,5,0,5.0,5.0,2.34,1.34,1.93,1.81,worn_out,3,employee,1
11.0,2,4,1,4.03,4.6,1.83,1.68,1.48,2.62,worn_out,3,student,0
10.83,2,2,5,1.73,4.58,2.25,1.09,1.0,1.78,under_challenged,1,student,1
10.09,2,3,1,2.17,3.34,3.39,4.28,2.89,3.4,none,1,general,1
11.09,4,6,2,3.1,2.33,3.72,3.38,3.08,3.57,none,1,general,1
10.67,5,7,0,5.0,2.34,2.14,2.46,2.36,1.56,frenetic,3,employee,0
9.85,2,4,1,4.67,3.68,1.8,1.0,1.61,1.0,worn_out,2,student,1
11.22,0,3,1,2.46,4.39,2.23,2.63,2.22,1.96,under_challenged,2,employee,1
13.99,2,5,1,4.62,2.61,2.38,2.01,3.39,1.0,frenetic,3,student,1
7.88,0,2,3,2.26,4.48,1.95,2.49,2.93,3.8,under_challenged,2,student,0
13.22,5,8,0,4.6,2.48,2.45,1.71,2.15,1.82,frenetic,3,employee,1
9.71,4,8,3,3.97,4.52,1.96,1.19,1.58,2.19,worn_out,3,employee,0
11.17,2,9,4,3.38,4.45,1.96,1.0,2.47,2.08,worn_out,3,general,0
10.55,1,2,3,4.42,3.78,1.13,1.64,2.15,2.32,worn_out,3,student,0
15.07,7,8,1,4.63,2.99,3.39,1.57,1.24,1.0,frenetic,3,employee,1
8.09,0,4,3,1.61,1.89,4.24,3.24,3.08,2.57,none,0,employee,0
10.62,0,2,4,1.62,1.55,4.31,4.16,3.43,4.3,none,0,general,1
10.54,3,3,4,3.74,3.28,2.4,3.35,3.82,3.39,none,1,student,1
9.43,4,4,2,3.07,1.99,3.15,2.49,3.46,3.1,none,1,employee,1
8.53,0,2,8,1.14,1.62,4.04,4.93,3.42,3.38,none,0,student,1
8.05,1,1,2,2.25,3.42,1.91,2.0,3.92,3.53,under_challenged,2,student,1
12.85,2,8,0,3.83,3.41,1.22,2.84,3.42,1.0,frenetic,3,general,1
10.71,2,3,1,4.26,4.81,1.81,1.14,1.13,1.91,worn_out,3,employee,1
9.36,0,1,3,2.11,4.77,2.69,1.14,2.77,3.36,under_challenged,2,student,1
8.56,2,3,1,4.5,5.0,1.48,1.0,2.0,1.8,worn_out,3,student,1
8.94,1,4,1,4.76,4.64,1.8,1.0,1.71,1.01,worn_out,3,employee,1
11.03,2,6,2,4.69,4.51,1.51,1.19,1.81,2.5,worn_out,3,employee,0
10.76,2,2,0,1.88,4.45,1.84,1.76,2.97,2.64,under_challenged,1,employee,1
13.69,3,10,1,3.32,4.39,1.84,1.5,1.0,1.64,worn_out,3,employee,0
8.89,1,6,2,2.38,2.11,3.32,2.99,3.18,3.31,none,1,employee,0
8.06,4,7,2,2.61,2.35,3.47,3.49,2.26,3.14,none,1,employee,0
12.52,5,7,1,4.81,3.82,2.97,2.76,2.08,2.05,frenetic,2,general,0
8.72,2,3,2,4.42,4.74,1.77,1.35,1.5,3.2,worn_out,3,student,0
8.75,4,4,3,3.99,3.29,2.49,3.52,2.38,3.12,none,1,employee,0
12.38,4,5,0,4.18,3.3,2.37,2.57,2.82,1.6,frenetic,3,student,0
11.9,4,6,0,3.83,4.91,1.16,1.2,1.8,2.31,worn_out,3,general,0
10.41,0,3,3,1.69,2.45,2.43,3.07,2.24,3.02,none,1,student,0
10.29,0,4,4,2.69,1.59,3.1,3.22,3.98,2.8,none,1,student,0
12.73,5,6,1,4.76,2.17,2.33,2.11,1.83,1.0,frenetic,3,student,0
9.68,3,4,0,2.75,1.23,3.02,3.84,2.79,2.73,none,1,student,1
12.16,5,4,2,3.52,4.63,1.16,1.0,1.24,1.46,worn_out,2,student,0
14.65,3,9,2,3.96,2.49,2.01,2.95,1.21,1.12,frenetic,3,employee,1
7.27,0,4,1,1.75,1.0,3.64,4.16,3.72,3.89,none,0,employee,0
12.67,1,2,2,4.64,3.83,1.81,1.83,1.25,2.41,worn_out,2,employee,1
10.72,1,5,4,2.22,3.01,3.13,2.46,2.53,3.07,none,1,employee,1
7.57,2,2,7,1.77,2.33,4.23,4.7,3.99,3.87,none,0,student,1
8.08,0,3,5,1.34,1.82,3.44,4.57,4.02,3.52,none,0,general,1
12.24,3,5,2,4.5,4.51,2.15,1.23,1.43,2.68,worn_out,3,student,1
14.88,2,8,0,4.85,3.09,1.81,1.75,3.08,1.53,frenetic,3,employee,1
6.28,0,1,6,1.52,1.88,4.0,4.29,2.96,3.86,none,0,general,0
8.99,0,5,3,1.96,4.92,2.41,1.38,1.58,3.81,under_challenged,2,employee,1
7.82,0,2,5,3.83,4.07,2.22,1.8,1.03,4.26,under_challenged,2,general,0
11.0,3,2,1,4.38,4.28,1.65,1.0,1.45,1.72,worn_out,2,student,0
13.6,6,4,0,4.28,1.74,2.5,2.75,2.98,1.28,frenetic,2,student,0
12.46,3,6,2,4.71,4.12,1.73,1.13,1.0,2.54,worn_out,2,employee,1
7.45,0,4,5,2.16,1.0,3.65,4.2,5.0,4.84,none,0,employee,0
14.44,5,9,0,4.64,2.95,3.3,3.5,3.18,1.0,frenetic,3,employee,0
11.21,6,8,1,4.7,3.53,2.74,2.61,3.65,1.0,frenetic,2,employee,0
11.41,0,1,4,2.15,1.0,4.8,5.0,4.01,4.14,none,0,student,1
8.84,1,5,3,3.57,3.74,1.0,1.11,2.52,3.14,under_challenged,1,employee,1
10.08,1,5,3,2.47,3.39,3.53,2.93,3.64,2.69,none,1,general,0
7.69,0,3,7,1.89,1.18,3.4,3.7,4.28,4.24,none,0,employee,0
7.45,1,3,8,1.32,1.72,4.47,4.12,5.0,3.8,none,0,employee,0
10.12,0,3,5,2.07,3.7,2.12,1.64,1.89,3.67,under_challenged,1,employee,1
13.96,7,9,0,4.05,2.49,2.48,2.92,3.35,1.0,frenetic,3,general,1
8.81,3,8,1,4.89,4.04,1.56,1.09,1.94,1.0,worn_out,2,employee,1
7.89,0,2,5,1.0,1.23,4.49,3.97,3.5,3.03,none,0,employee,1
8.31,3,5,4,2.48,2.44,3.12,2.54,2.11,3.95,none,1,employee,0
9.09,0,4,5,3.03,4.52,1.01,1.88,1.5,2.68,under_challenged,2,employee,1
10.1,1,7,5,2.22,3.22,3.44,3.16,3.35,1.24,none,1,general,0
8.69,0,2,0,1.09,4.9,2.57,1.65,1.22,4.04,under_challenged,1,student,0
15.69,2,6,2,3.63,4.61,1.38,2.01,1.46,1.1,worn_out,3,general,1
12.85,3,4,1,4.77,5.0,1.58,1.31,1.0,1.65,worn_out,3,student,1
13.76,2,5,2,4.51,3.54,3.01,1.5,1.82,1.43,frenetic,3,student,0
8.47,1,3,5,2.08,1.84,2.23,3.12,3.46,2.43,none,1,student,0
7.09,0,1,5,3.08,4.86,1.57,1.0,3.21,3.91,under_challenged,1,student,0
10.6,1,6,0,1.5,2.47,3.52,2.69,3.07,2.15,none,1,general,0
8.13,2,1,6,1.94,1.01,4.03,4.59,4.62,3.59,none,0,student,1
7.75,0,1,10,2.46,1.79,4.33,4.7,4.66,3.05,none,0,student,1
14.89,5,9,0,4.05,3.87,2.59,2.18,1.72,1.0,frenetic,2,employee,1
13.06,2,7,1,4.6,3.07,2.12,3.23,1.0,2.12,frenetic,3,employee,1
9.71,1,3,4,3.16,2.39,2.19,2.82,2.16,1.71,none,1,student,1
7.99,0,2,2,2.6,3.31,2.58,1.24,1.65,4.14,under_challenged,1,student,0
13.51,4,6,0,4.59,3.09,2.38,1.71,1.57,1.57,frenetic,3,student,1
14.11,2,9,0,4.65,2.38,2.86,2.69,2.69,1.0,frenetic,2,employee,1
8.29,0,2,1,1.78,1.84,5.0,4.28,3.35,4.33,none,0,student,0
9.68,1,3,8,1.0,1.39,4.12,4.27,4.64,2.98,none,0,employee,1
12.52,0,2,2,3.27,1.84,3.32,3.94,2.27,1.8,none,1,student,1
8.6,4,3,2,3.82,4.93,1.63,1.0,2.15,1.0,worn_out,3,employee,0
7.84,1,2,6,2.0,1.18,4.13,3.99,4.44,3.32,none,0,employee,1
8.97,1,2,5,2.44,1.35,2.95,4.12,4.32,3.24,none,0,student,1
8.67,1,1,3,3.02,4.31,2.22,1.56,1.51,2.72,under_challenged,2,student,1
6.83,0,3,4,1.26,1.47,4.86,4.28,4.16,3.33,none,0,employee,0
7.91,0,4,6,1.62,1.39,4.4,5.0,4.22,4.47,none,0,employee,0
9.83,1,3,2,2.24,1.67,2.18,3.89,3.12,1.88,none,1,student,0
10.95,1,6,3,2.45,3.43,3.39,3.65,3.9,2.17,none,1,employee,1
15.84,5,7,0,4.12,2.42,3.18,1.17,3.71,1.08,frenetic,2,employee,1
9.77,2,4,2,2.92,2.44,2.72,2.18,3.9,4.18,none,1,general,0
11.9,3,7,1,3.89,4.42,1.71,1.8,1.7,2.77,worn_out,3,employee,0
9.94,1,2,2,1.98,1.0,4.37,4.64,4.23,4.44,none,0,student,1
8.27,0,4,8,1.98,3.88,2.47,2.67,1.0,3.99,under_challenged,2,employee,0
10.66,1,5,1,2.05,3.08,2.71,3.38,1.89,2.84,none,1,employee,0
6.82,0,2,3,1.0,1.86,4.86,3.35,4.37,5.0,none,0,student,0
7.97,1,5,4,2.44,1.53,4.57,4.95,4.07,4.93,none,0,general,0
12.07,7,5,1,4.26,4.05,3.47,2.24,2.83,1.6,frenetic,3,student,0
11.38,1,5,3,4.67,4.55,1.64,1.0,1.72,1.0,worn_out,3,general,1
9.13,2,3,4,3.28,4.51,1.13,1.0,2.47,3.86,under_challenged,1,employee,1
8.68,0,4,2,2.09,3.97,3.08,1.79,1.52,2.34,under_challenged,2,employee,0
12.93,4,6,0,4.41,3.15,3.03,2.33,3.06,1.91,frenetic,3,general,0
13.59,2,9,1,4.59,4.28,3.7,2.21,2.04,1.53,frenetic,2,employee,0
8.17,1,3,1,2.92,1.16,3.39,3.01,4.01,3.0,none,1,student,0
9.87,2,8,0,4.15,5.0,1.19,1.32,1.0,1.54,worn_out,3,employee,1
7.44,0,3,4,2.69,4.43,3.38,1.7,1.29,2.35,under_challenged,2,general,1
9.16,2,3,2,3.57,1.56,3.67,2.32,1.94,2.32,none,1,student,1
14.3,7,5,0,4.93,3.21,1.44,1.69,2.27,1.74,frenetic,3,employee,1
7.96,1,3,5,1.62,1.95,4.95,4.92,2.89,4.35,none,0,general,0
11.4,4,3,1,3.96,4.54,1.91,1.54,1.82,1.91,worn_out,3,employee,0
11.96,1,3,2,4.47,4.83,1.34,1.39,1.0,2.39,worn_out,2,student,1
14.61,5,8,0,5.0,1.87,2.66,2.22,2.81,1.89,frenetic,2,employee,1
9.47,0,3,7,1.82,1.85,4.34,3.54,4.32,3.82,none,0,student,1
12.09,0,2,2,4.5,4.18,1.94,1.53,1.49,2.29,worn_out,3,student,1
15.98,7,11,1,4.21,3.09,1.2,2.07,2.08,1.45,frenetic,3,employee,1
8.26,1,2,4,1.0,3.82,2.49,2.16,2.05,3.24,under_challenged,1,student,1
11.03,2,5,1,4.26,3.86,2.29,1.3,1.34,2.71,worn_out,3,student,0
6.44,0,1,2,3.63,4.58,1.91,1.89,1.18,3.94,under_challenged,1,student,1
11.45,2,4,1,4.38,3.25,2.84,2.6,1.67,1.0,frenetic,3,student,1
14.04,5,9,0,4.86,3.53,3.57,2.78,2.79,1.0,frenetic,3,general,1
11.47,2,1,1,3.86,4.18,2.96,1.21,1.27,1.51,worn_out,3,student,0
10.31,3,5,1,3.6,3.24,2.86,2.52,2.82,2.72,none,1,employee,0
6.66,0,3,1,1.48,1.29,3.5,5.0,4.65,3.85,none,0,employee,1
10.98,1,3,3,3.77,4.61,1.27,1.38,1.07,1.32,worn_out,2,employee,1
11.88,4,4,0,4.85,3.04,3.41,2.8,2.9,2.04,frenetic,3,student,0
10.36,4,4,0,4.65,4.63,1.99,1.52,1.24,1.82,worn_out,3,employee,0
7.19,0,3,4,2.16,5.0,1.82,1.71,2.9,3.42,under_challenged,1,general,0
9.0,1,4,3,1.14,1.36,3.62,3.84,3.77,4.18,none,0,general,0
10.6,1,7,3,4.18,4.88,1.47,1.08,1.0,2.24,worn_out,2,employee,0
7.89,1,3,2,2.73,3.95,2.53,1.0,2.26,4.07,under_challenged,2,employee,0
8.8,3,5,0,3.61,4.78,2.17,1.48,2.06,1.56,worn_out,3,general,1
13.19,4,5,0,4.21,4.13,2.84,1.65,2.92,1.42,frenetic,3,student,0
8.28,3,7,2,2.44,3.66,3.71,2.86,2.4,4.17,none,1,employee,0
16.0,4,10,1,4.67,2.26,2.08,2.56,2.9,1.0,frenetic,2,employee,1
8.63,1,5,1,3.93,1.89,2.04,2.89,2.84,3.0,none,1,employee,0
8.06,0,3,2,2.25,2.22,2.69,2.86,1.9,2.4,none,1,student,1
9.4,1,4,4,3.57,1.73,3.25,3.26,2.96,2.63,none,1,student,1
11.16,2,5,4,2.66,2.54,3.31,2.79,2.39,1.0,none,1,employee,1
7.52,1,2,2,3.58,4.5,2.46,2.28,1.11,3.1,under_challenged,1,general,0
8.04,1,3,1,2.31,3.66,2.96,1.83,1.0,3.42,under_challenged,2,general,0
13.67,6,4,0,4.11,2.89,3.58,2.15,3.27,1.0,frenetic,3,student,1
10.71,2,7,0,4.48,3.4,3.68,1.29,1.0,1.0,frenetic,3,general,0
11.01,0,5,6,1.18,1.58,4.74,4.25,3.6,4.01,none,0,employee,1
7.75,0,2,4,2.02,1.67,4.18,4.26,5.0,3.77,none,0,employee,0
13.75,5,7,0,4.55,4.54,2.19,2.63,1.89,1.67,frenetic,2,employee,1
8.65,0,3,4,1.75,4.41,2.52,1.85,2.81,3.64,under_challenged,2,employee,1
7.98,1,3,9,1.87,1.13,4.8,3.93,5.0,3.79,none,0,employee,1
9.0,4,4,2,4.21,3.75,1.78,1.38,1.94,1.95,worn_out,3,student,1
8.4,0,3,6,1.29,2.63,4.05,3.93,3.66,4.47,none,0,employee,0
7.62,0,3,2,2.49,1.33,3.87,3.27,4.49,4.0,none,0,general,0
7.52,0,1,1,1.49,1.22,4.48,3.96,4.11,3.88,none,0,student,0
8.87,2,1,5,2.77,5.0,2.55,1.54,1.14,2.78,under_challenged,2,student,1
9.1,1,4,3,3.55,2.95,3.23,3.25,2.95,2.87,none,1,student,0
12.06,5,6,0,5.0,3.0,3.14,1.74,2.8,1.85,frenetic,3,employee,0
6.58,0,3,7,1.64,1.0,5.0,4.71,4.57,3.9,none,0,employee,0
11.48,5,7,0,4.39,2.53,2.45,1.95,2.51,1.66,frenetic,3,general,0
11.38,4,8,0,5.0,2.89,2.76,2.66,2.99,1.34,frenetic,3,employee,0
13.75,4,5,1,5.0,2.63,2.37,1.75,3.28,1.0,frenetic,2,student,1
9.84,0,4,0,1.71,2.08,2.47,2.93,2.38,1.58,none,1,employee,0
7.91,0,1,3,1.16,1.56,4.9,3.65,3.75,4.37,none,0,general,0
9.61,0,3,3,2.01,1.86,3.2,3.81,3.67,3.69,none,0,employee,1
9.93,3,5,1,4.67,4.84,1.0,1.19,1.0,2.48,worn_out,3,employee,1
8.99,4,6,4,3.56,2.58,3.43,3.97,3.62,3.66,none,1,employee,0
9.22,2,2,2,2.67,2.62,1.88,2.81,2.39,1.35,none,1,student,0
9.32,2,2,1,1.7,1.74,2.32,1.58,3.14,3.81,none,1,student,0
7.22,0,2,3,2.43,4.22,1.71,1.41,3.03,2.83,under_challenged,2,employee,1
8.64,3,7,1,4.49,4.82,1.28,1.7,1.03,2.39,worn_out,3,employee,0
9.64,2,1,2,2.63,5.0,2.38,2.0,1.6,1.97,under_challenged,2,general,1
11.73,1,4,0,3.44,1.79,3.39,3.14,3.11,1.8,none,1,student,1
9.89,0,2,1,1.46,4.2,2.5,1.05,1.0,3.47,under_challenged,2,employee,1
14.68,3,9,0,5.0,3.15,2.84,1.92,2.52,1.0,frenetic,2,employee,1
11.49,2,4,1,4.54,4.53,2.69,1.38,1.36,1.0,worn_out,3,employee,1
7.54,0,4,5,1.69,1.86,4.01,4.78,3.91,3.85,none,0,employee,1
8.96,1,1,2,2.34,4.48,1.77,1.49,1.6,3.65,under_challenged,1,general,1
10.76,2,2,2,3.66,4.35,1.81,1.38,3.29,3.4,under_challenged,2,employee,1
15.75,7,8,1,4.17,2.95,2.52,1.76,2.89,1.0,frenetic,2,employee,1
11.29,0,8,1,3.78,4.23,1.85,1.38,1.55,2.07,worn_out,3,general,0
7.4,0,2,1,1.45,3.72,2.28,2.15,1.06,3.09,under_challenged,2,employee,0
7.71,1,1,6,2.65,4.19,3.0,1.0,1.11,2.46,under_challenged,1,employee,0
9.93,2,2,1,5.0,4.17,1.4,1.58,1.0,2.57,worn_out,3,student,0
9.93,0,1,0,2.67,3.15,2.48,1.0,1.94,3.56,under_challenged,1,employee,1
8.34,1,4,6,1.95,1.8,3.82,5.0,3.77,4.08,none,0,general,0
7.05,0,2,6,1.08,1.26,4.52,4.11,3.8,3.67,none,0,student,0
9.1,1,4,6,1.24,1.58,4.06,3.9,3.99,3.02,none,0,general,1
8.45,0,1,0,2.42,4.03,2.17,1.7,2.15,2.94,under_challenged,2,student,0
9.15,0,2,2,1.57,1.9,3.92,4.7,3.38,3.89,none,0,employee,1
9.16,1,3,2,2.77,3.52,2.63,1.73,1.43,3.08,under_challenged,2,employee,0
9.31,0,1,2,1.18,3.93,2.96,1.77,1.47,2.95,under_challenged,2,employee,1
8.75,1,6,6,2.03,2.04,3.69,2.75,4.05,2.37,none,1,general,0
12.37,2,6,0,4.2,3.59,1.12,1.6,3.73,1.98,frenetic,2,employee,1
11.3,7,7,0,4.4,3.24,2.13,2.59,2.65,1.17,frenetic,3,employee,0
16.0,3,7,0,4.42,3.66,3.84,2.49,2.54,1.04,frenetic,3,employee,1
12.24,3,7,0,4.79,3.9,2.35,3.12,1.97,1.0,frenetic,3,employee,0
10.81,1,0,6,2.35,4.48,2.04,1.54,2.29,4.17,under_challenged,2,employee,1
9.7,2,5,5,3.02,2.4,2.47,2.62,3.35,1.13,none,1,employee,0
12.32,3,4,3,1.86,1.59,3.22,3.41,4.03,2.85,none,1,general,1
13.13,2,6,0,4.82,4.01,2.04,2.51,2.59,1.0,frenetic,3,employee,1
7.98,1,2,1,1.79,3.44,3.34,1.87,2.0,3.73,under_challenged,2,employee,0
11.13,0,2,7,1.97,1.01,3.95,4.32,3.72,3.99,none,0,student,1
13.22,4,10,1,4.67,2.93,3.31,2.39,1.54,1.02,frenetic,3,employee,1
10.5,4,3,3,2.94,2.41,2.3,3.38,2.46,3.68,none,1,student,1
10.22,1,7,1,2.47,2.79,3.93,2.28,4.53,2.81,none,1,employee,1
7.35,0,2,8,1.87,1.25,3.49,4.52,4.05,4.37,none,0,employee,0
12.59,6,6,2,4.11,3.29,1.11,2.55,1.19,1.62,frenetic,2,employee,1
8.45,0,2,4,3.68,5.0,1.89,1.0,1.39,3.2,under_challenged,1,employee,1
10.01,1,1,2,1.46,4.55,2.25,2.15,1.0,3.78,under_challenged,1,student,1
8.28,0,2,7,2.1,1.61,3.5,4.46,2.25,3.99,none,0,employee,1
8.4,0,2,6,1.24,1.0,3.88,3.63,4.81,4.64,none,0,employee,1
9.22,0,6,2,2.67,2.19,3.4,2.84,4.5,2.6,none,1,employee,0
14.09,5,8,0,4.82,3.81,2.48,2.21,3.31,1.45,frenetic,3,employee,0
12.25,2,8,0,4.61,4.42,2.35,1.16,1.59,1.5,worn_out,3,employee,1
15.11,2,8,1,5.0,3.56,2.1,2.1,1.46,1.0,frenetic,3,employee,1
11.57,3,2,1,5.0,3.95,1.9,1.2,1.32,1.85,worn_out,3,student,1
7.38,1,1,3,2.06,5.0,2.01,1.0,1.44,4.62,under_challenged,2,student,0
11.45,2,10,3,4.75,4.39,1.67,1.52,1.0,2.2,worn_out,3,employee,0
11.84,5,6,0,3.89,1.63,2.13,2.3,2.73,1.37,frenetic,3,employee,0
9.37,1,3,0,1.0,3.81,2.16,1.27,3.18,4.21,under_challenged,1,employee,0
10.09,3,7,6,2.65,2.7,2.99,3.1,2.45,1.46,none,1,employee,1
7.01,1,1,3,2.66,4.96,2.5,1.69,2.43,1.89,under_challenged,1,student,1
10.58,0,5,2,3.09,1.97,4.08,3.26,2.46,1.92,none,1,general,1
8.26,0,2,3,1.5,2.6,3.72,5.0,3.89,4.04,none,0,student,1
13.49,4,6,1,3.97,2.88,2.23,2.94,2.54,1.81,frenetic,3,general,1
7.91,1,1,0,1.0,4.5,2.27,1.5,1.46,3.92,under_challenged,2,general,0
9.28,0,2,4,1.41,4.26,2.76,1.62,1.88,2.91,under_challenged,2,employee,1
13.34,2,7,1,5.0,4.77,1.02,1.46,1.63,1.0,worn_out,3,general,1
11.28,1,3,1,3.74,3.04,2.86,2.36,3.18,1.19,none,1,student,1
12.71,4,7,1,4.59,3.71,3.05,2.29,3.63,1.76,frenetic,3,employee,0
7.54,1,2,6,1.67,1.37,4.49,4.28,4.26,3.57,none,0,general,0
15.07,3,10,1,4.48,1.54,2.52,1.44,2.38,1.0,frenetic,3,employee,1
13.89,1,5,2,4.86,4.03,1.41,1.0,1.71,2.1,worn_out,2,employee,1
9.83,0,3,3,2.48,1.7,2.28,3.89,2.78,3.94,none,1,general,1
9.64,1,4,1,1.84,1.92,3.31,3.42,2.96,2.51,none,1,student,1
9.11,2,6,3,2.23,1.96,3.21,3.12,2.38,2.49,none,1,employee,0
7.62,1,1,0,2.49,4.54,2.41,1.07,2.41,3.04,under_challenged,1,student,1
8.81,1,2,3,1.93,1.28,3.66,4.35,3.23,3.06,none,0,student,1
8.88,1,4,1,3.08,1.55,3.93,4.04,3.94,4.24,none,0,general,1
12.06,2,9,1,5.0,3.07,2.18,1.99,1.1,1.34,frenetic,3,general,1
10.29,2,3,1,1.84,2.44,3.58,3.81,2.38,1.87,none,1,student,1
14.07,2,10,1,4.43,2.23,2.07,2.41,1.87,1.0,frenetic,3,general,1
7.71,1,5,0,3.47,4.53,1.94,1.23,1.78,2.72,under_challenged,2,employee,1
9.73,0,3,1,2.92,2.6,2.93,3.67,3.51,2.63,none,1,student,0
7.57,0,2,1,1.83,1.03,4.05,4.34,3.38,4.29,none,0,student,0
10.9,1,5,2,5.0,4.97,1.78,2.07,1.0,1.4,worn_out,3,employee,0
6.62,0,1,3,1.35,1.25,4.59,3.16,2.92,4.84,none,0,student,0
7.79,0,3,5,1.98,1.95,4.1,3.9,4.78,5.0,none,0,employee,0
8.07,0,1,7,1.37,1.0,4.33,3.64,3.96,4.49,none,0,student,1
12.71,3,4,1,4.26,2.13,3.17,1.22,1.04,1.48,frenetic,3,student,1
7.26,1,2,8,1.97,1.08,4.89,3.71,4.77,4.87,none,0,student,0
12.54,1,6,1,4.48,4.59,1.2,1.0,2.01,1.99,worn_out,3,employee,1
9.81,0,3,2,1.74,2.95,3.09,3.06,3.4,3.06,none,1,student,0
12.06,5,4,0,4.59,5.0,2.66,1.24,2.06,1.01,worn_out,2,employee,1
9.02,1,6,4,3.39,2.62,3.45,3.01,3.39,2.34,none,1,general,0
12.35,6,5,1,4.85,3.98,2.93,2.65,3.22,1.0,frenetic,3,student,1
8.08,3,4,1,2.18,2.41,3.31,3.24,3.2,3.08,none,1,employee,0
11.27,1,4,3,4.0,1.95,3.67,4.16,2.22,1.0,none,1,employee,1
10.18,5,7,0,4.12,4.21,1.45,1.56,1.91,1.06,worn_out,3,employee,1
7.35,0,2,5,2.42,1.0,4.26,3.73,3.86,4.47,none,0,employee,0
14.05,3,7,1,4.6,1.8,2.18,1.81,1.57,1.58,frenetic,3,general,1
10.3,0,3,7,1.71,1.36,3.68,4.13,4.83,3.41,none,0,employee,1
9.53,1,1,3,2.21,1.07,4.62,4.51,2.43,3.89,none,0,employee,1
7.75,0,5,2,1.88,4.13,1.86,1.95,2.16,2.93,under_challenged,1,general,0
10.46,1,4,2,2.68,1.75,3.54,3.67,2.65,3.37,none,1,student,1
10.36,0,2,9,2.64,1.5,3.56,4.45,3.05,3.99,none,0,student,1
12.56,7,9,0,4.01,2.74,1.0,2.67,2.42,1.0,frenetic,2,employee,1
14.19,6,8,0,4.76,3.49,2.81,1.44,2.74,1.04,frenetic,3,employee,0
9.1,0,8,3,2.83,2.9,2.97,3.06,2.23,2.16,none,1,employee,0
10.09,1,3,4,2.96,4.56,1.81,1.73,1.67,2.11,under_challenged,2,employee,1
9.82,2,4,2,4.31,4.01,1.82,1.0,2.56,3.0,worn_out,3,student,0
7.62,0,3,4,2.7,1.51,3.68,4.71,4.57,4.69,none,0,employee,0
7.91,0,3,3,1.98,1.74,4.77,4.36,4.02,3.87,none,0,employee,1
13.55,2,7,1,4.58,2.93,2.33,1.04,2.74,1.46,frenetic,3,student,0
7.52,0,1,9,2.02,1.33,3.97,5.0,3.53,3.95,none,0,student,1
15.12,3,10,0,4.95,3.16,3.38,2.56,3.06,1.0,frenetic,3,employee,1
10.62,6,9,0,4.88,3.1,3.45,2.42,1.83,1.0,frenetic,3,employee,1
6.6,0,3,6,2.01,1.81,3.64,3.98,4.99,4.64,none,0,student,0
10.0,0,1,2,3.24,3.64,2.09,2.46,2.5,3.15,under_challenged,2,student,0
12.24,7,8,0,4.57,2.95,2.07,2.21,2.21,1.0,frenetic,3,general,0
10.65,2,4,1,5.0,5.0,1.41,1.41,1.48,1.51,worn_out,3,general,1
9.66,1,6,3,4.0,2.04,3.92,2.75,3.76,2.4,none,1,employee,0
10.59,6,5,1,4.47,3.38,2.35,1.69,3.33,1.0,frenetic,3,student,1
9.42,0,3,4,2.68,4.24,1.43,1.61,2.19,3.04,under_challenged,2,general,0
11.31,3,6,2,3.83,3.91,1.25,1.35,2.16,1.81,worn_out,3,employee,1
6.85,0,3,3,1.54,2.14,3.57,4.06,3.69,4.58,none,0,employee,0
7.42,1,1,3,1.2,4.1,1.57,1.0,2.18,2.97,under_challenged,1,student,1
10.59,1,3,2,3.9,1.68,3.55,3.24,3.38,2.81,none,1,employee,1
13.16,4,7,0,4.23,4.36,2.58,3.24,3.06,1.51,frenetic,3,employee,1
8.28,0,5,3,1.35,1.0,4.28,4.13,3.68,4.43,none,0,employee,0
9.26,3,5,1,2.5,2.69,3.0,3.49,1.97,2.54,none,1,employee,0
8.72,0,3,4,1.0,1.0,4.09,4.29,4.9,3.48,none,0,employee,1
6.89,0,1,5,2.02,1.33,4.09,3.11,3.64,4.27,none,0,employee,0
10.08,4,3,1,2.89,1.86,2.04,3.35,3.1,1.48,none,1,general,1
8.01,4,3,2,2.71,3.15,3.82,2.96,4.35,2.69,none,1,student,1
10.6,1,5,0,3.58,2.44,2.95,3.26,1.74,3.35,none,1,general,0
11.17,0,3,1,2.49,2.66,3.38,2.48,2.38,2.36,none,1,general,1
11.31,2,5,4,3.82,2.62,2.3,2.86,3.36,3.09,none,1,employee,1
7.86,0,3,6,1.57,2.61,4.37,4.76,5.0,3.87,none,0,employee,1
9.18,2,3,4,2.62,2.71,3.56,2.8,2.05,3.02,none,1,student,1
7.11,0,3,10,1.28,1.35,4.44,4.65,3.9,4.1,none,0,employee,0
7.32,0,2,8,1.5,1.69,4.05,5.0,5.0,3.96,none,0,student,0
9.14,2,1,3,2.22,4.16,2.48,1.75,2.8,2.64,under_challenged,2,student,1
8.61,0,1,4,4.0,4.39,1.39,2.63,1.82,3.99,under_challenged,1,general,0
12.42,4,7,0,4.23,2.97,3.71,1.81,2.4,1.06,frenetic,3,employee,0
6.53,0,1,8,1.49,1.26,4.77,4.38,5.0,4.0,none,0,student,0
12.96,4,6,1,3.97,4.57,2.67,2.23,2.16,2.02,frenetic,3,student,0
14.36,7,10,0,4.87,2.39,1.26,1.53,2.29,2.01,frenetic,2,general,0
10.91,7,4,1,4.42,2.55,2.49,2.38,3.1,1.98,frenetic,2,student,0
11.91,5,5,0,3.84,3.82,2.67,1.75,1.62,1.0,frenetic,3,student,0
7.48,1,5,4,1.76,1.0,3.67,4.24,3.23,4.02,none,0,employee,0
8.79,1,4,6,2.57,1.53,4.66,4.65,4.27,3.95,none,0,employee,1
11.47,4,4,1,3.89,3.94,1.29,2.03,2.31,1.0,frenetic,3,student,0
13.92,5,6,0,4.59,3.8,2.84,2.01,2.88,1.04,frenetic,3,student,1
10.03,1,5,3,1.5,2.77,3.34,3.0,2.4,3.86,none,1,general,0
11.58,5,3,1,4.84,4.61,2.11,1.12,1.16,1.18,worn_out,3,employee,0
10.36,0,2,3,3.13,1.07,4.53,3.93,4.72,4.28,none,0,student,1
8.74,1,1,5,2.0,1.66,3.96,4.61,4.09,3.69,none,0,student,1
10.23,1,6,1,4.39,4.55,1.94,1.11,1.33,1.74,worn_out,3,employee,1
8.34,4,6,6,2.66,3.02,3.6,2.86,3.04,3.61,none,1,employee,1
11.63,2,5,5,2.9,2.26,3.61,2.74,2.47,3.24,none,1,employee,1
8.71,0,1,7,1.54,2.08,3.46,4.26,3.24,4.12,none,0,student,1
9.86,3,8,0,4.24,5.0,2.13,1.37,1.0,2.22,worn_out,3,general,0
10.28,0,2,6,2.78,2.09,4.72,3.38,4.17,3.63,none,0,student,1
14.21,4,9,0,4.78,1.98,1.44,1.98,1.78,2.1,frenetic,3,employee,0
9.11,4,4,4,3.54,2.94,3.37,2.34,1.71,2.68,none,1,student,1
13.32,3,7,1,4.28,3.45,2.1,2.27,1.37,1.56,frenetic,3,employee,0
7.88,0,2,1,2.03,5.0,1.6,1.63,1.18,2.59,under_challenged,2,employee,0
12.72,1,4,1,4.43,4.25,1.47,1.95,2.0,2.28,worn_out,3,student,1
10.11,1,3,2,3.14,4.83,2.48,1.46,1.6,3.82,under_challenged,1,employee,1
12.66,5,5,1,4.82,3.48,3.74,1.78,2.52,1.42,frenetic,3,student,0
7.43,2,4,3,1.22,4.06,1.28,1.13,1.81,3.53,under_challenged,1,employee,0
10.82,3,7,1,4.12,2.29,2.57,1.0,2.62,1.17,frenetic,3,employee,0
8.43,1,3,5,2.7,3.91,3.41,3.19,1.87,2.32,none,1,general,0
11.11,1,5,3,3.02,2.28,3.2,2.44,1.63,3.42,none,1,general,1
11.74,3,5,4,3.28,1.76,2.51,3.57,3.38,3.47,none,1,employee,1
9.99,5,8,2,4.33,4.55,1.96,1.89,1.62,2.21,worn_out,3,employee,1
9.88,4,5,5,3.3,2.46,2.83,3.3,2.83,1.67,none,1,employee,1
11.43,3,4,2,3.4,4.31,2.44,1.41,1.0,2.9,worn_out,3,employee,0
12.26,6,8,1,4.81,4.5,2.28,1.0,1.83,1.56,frenetic,3,general,1
14.43,4,3,2,4.16,3.27,2.62,2.16,1.84,1.0,frenetic,2,student,1
13.72,5,11,1,4.86,1.5,2.83,1.1,1.85,1.0,frenetic,2,employee,1
8.56,0,3,7,2.27,1.3,4.46,4.43,4.55,4.42,none,0,general,0
8.8,1,4,2,3.95,4.46,2.46,1.94,2.64,3.41,under_challenged,1,employee,1
9.1,1,5,4,2.17,4.48,1.38,1.0,1.0,4.46,under_challenged,1,general,1
11.66,0,6,1,3.76,4.38,2.2,1.91,1.44,1.8,worn_out,2,student,1
9.46,4,7,0,2.47,2.85,3.58,2.74,3.42,3.14,none,1,general,1
11.12,1,3,3,3.59,2.97,3.67,2.26,2.21,3.26,none,1,student,1
8.32,0,3,8,1.0,1.0,3.56,4.86,3.6,3.61,none,0,student,1
10.89,1,2,0,1.5,5.0,2.78,1.67,1.15,2.25,under_challenged,2,student,1
13.36,2,9,0,3.75,4.91,1.88,1.41,1.57,1.21,worn_out,3,general,1
9.99,2,4,1,4.7,4.64,2.04,1.28,1.79,1.0,worn_out,3,student,0
14.82,7,8,0,4.11,2.59,2.8,1.77,2.07,1.0,frenetic,3,employee,1
9.15,0,2,5,2.5,1.27,4.76,4.27,4.55,4.13,none,0,general,1
10.77,1,5,4,3.44,2.6,3.63,2.95,2.77,3.37,none,1,employee,1
8.64,2,3,6,1.55,1.0,4.13,4.92,4.65,3.93,none,0,employee,1
9.51,1,2,2,1.95,2.04,4.81,4.91,5.0,3.8,none,0,student,1
6.97,0,1,7,2.34,4.58,2.46,1.0,2.31,3.6,under_challenged,2,student,0
8.92,0,5,4,2.18,2.14,4.52,3.74,4.74,4.02,none,0,employee,1
14.57,3,6,0,4.77,3.19,3.37,1.45,1.77,1.35,frenetic,3,student,1
11.2,4,4,4,4.29,4.13,2.94,1.61,1.0,1.0,worn_out,3,student,0
10.37,0,1,4,1.89,3.51,1.48,1.1,1.0,3.49,under_challenged,2,student,1
9.56,1,4,1,3.38,2.22,2.4,2.93,2.04,1.7,none,1,general,1
9.47,0,2,5,1.48,1.44,4.17,4.62,3.47,3.21,none,0,student,1
8.91,0,2,5,3.56,1.44,4.66,4.51,3.84,4.67,none,0,student,1
8.27,1,5,4,2.59,2.96,3.04,3.56,1.56,3.59,none,1,employee,0
9.13,0,2,9,2.69,1.0,3.64,4.61,4.37,3.22,none,0,student,1
16.0,2,5,1,4.11,4.02,3.06,2.37,1.68,1.1,frenetic,3,student,1
12.29,6,8,0,4.17,3.96,3.03,1.82,1.9,1.25,frenetic,2,employee,0
8.77,0,2,1,1.63,1.57,4.26,4.32,3.63,4.67,none,0,employee,1
6.94,2,0,5,1.41,1.47,4.7,4.11,4.81,4.87,none,0,student,0
12.33,4,7,1,4.28,4.42,2.46,1.92,1.56,2.19,worn_out,2,general,1
11.82,5,9,1,5.0,4.08,2.14,2.12,3.24,1.46,frenetic,3,employee,0
8.97,0,7,2,2.51,3.08,2.5,2.52,3.81,2.4,none,1,employee,1
12.41,2,9,0,4.29,2.83,3.03,2.03,2.5,1.0,frenetic,3,employee,0
11.87,1,4,1,2.11,2.51,3.24,3.59,2.44,2.52,none,1,general,1
12.64,3,3,0,4.7,4.39,1.49,1.21,1.56,2.73,worn_out,3,student,1
12.75,4,5,1,4.75,4.27,2.42,1.58,2.29,1.49,frenetic,2,student,0
9.15,0,2,5,2.1,1.85,4.32,3.73,5.0,3.31,none,0,student,1
10.91,2,2,0,4.0,2.13,2.04,2.52,2.7,1.89,none,1,student,0
11.44,0,5,2,4.15,4.72,1.69,1.12,1.58,1.68,worn_out,2,student,1
13.19,3,9,0,3.92,3.2,2.26,1.99,3.68,1.84,frenetic,3,general,0
8.37,1,4,4,2.25,2.18,4.05,2.33,3.75,3.62,none,1,employee,0
9.85,1,4,3,2.91,2.25,3.04,3.77,2.64,2.41,none,1,general,1
8.99,0,4,6,1.37,2.14,4.43,4.69,4.75,3.48,none,0,employee,1
11.57,7,6,1,4.32,3.38,2.53,1.62,2.07,2.0,frenetic,2,student,0
7.71,3,2,1,4.22,4.41,2.27,1.43,1.72,2.68,worn_out,3,student,0
10.8,0,2,2,2.86,4.37,3.15,1.52,3.61,1.56,under_challenged,1,student,1
10.15,1,5,0,2.75,3.66,2.13,2.4,3.03,3.46,none,1,employee,0
8.84,0,6,3,3.48,2.75,4.15,2.01,3.41,2.15,none,1,employee,0
8.36,0,3,5,1.64,1.82,4.99,4.21,3.47,3.83,none,0,employee,1
8.74,0,2,5,1.37,1.0,3.85,4.32,4.89,3.94,none,0,employee,1
10.64,3,6,1,4.31,2.84,2.09,2.6,1.52,2.01,frenetic,2,employee,0
10.78,3,6,0,5.0,4.98,1.54,1.53,1.31,1.62,worn_out,3,employee,0
10.09,3,5,2,1.5,3.24,2.59,2.99,2.83,2.79,none,1,employee,1
11.37,5,5,0,5.0,2.74,2.72,1.78,2.79,1.0,frenetic,2,student,0
15.29,3,5,0,4.86,3.12,1.69,1.4,1.05,1.01,frenetic,2,student,1
11.01,0,5,4,3.39,3.97,3.15,2.92,2.56,2.22,none,1,employee,1
8.7,0,4,7,2.14,1.45,4.14,4.31,4.84,2.74,none,0,employee,1
13.77,3,6,0,3.89,4.55,1.86,1.0,1.48,1.24,worn_out,3,employee,1
9.7,1,6,0,5.0,4.3,2.7,1.61,1.81,1.61,worn_out,3,employee,0
12.75,2,3,0,4.39,4.63,1.94,1.77,2.24,1.2,worn_out,3,employee,1
9.0,1,2,7,2.28,1.01,4.3,4.39,3.75,4.14,none,0,student,0
12.16,3,3,3,4.07,4.09,2.18,2.31,2.49,3.15,worn_out,3,student,0
13.31,5,5,0,4.66,2.3,2.36,2.35,2.93,1.62,frenetic,3,employee,1
7.31,0,4,4,2.03,1.55,4.09,3.99,4.12,4.62,none,0,general,1
10.07,2,6,5,2.01,2.22,3.21,3.28,2.89,4.28,none,1,employee,0
6.8,0,2,5,2.14,1.59,3.91,4.01,3.43,5.0,none,0,student,0
8.07,0,3,4,1.54,2.1,3.85,3.97,3.78,5.0,none,0,employee,0
6.9,0,1,2,2.11,1.66,4.22,4.42,4.93,4.03,none,0,student,0
11.33,2,7,2,3.46,1.31,3.29,3.62,3.64,3.38,none,1,employee,1
12.7,4,7,1,4.64,3.33,1.49,2.8,3.25,1.45,frenetic,3,employee,1
13.84,4,6,0,4.37,4.21,3.43,3.06,3.49,1.31,frenetic,3,general,1
9.22,0,2,5,2.42,3.81,3.5,1.0,1.25,1.73,under_challenged,2,employee,1
8.66,0,0,2,2.75,3.85,3.24,1.74,2.89,3.71,under_challenged,2,student,1
9.04,0,2,5,1.06,1.92,4.2,4.5,4.43,3.84,none,0,student,1
9.3,1,4,6,3.16,2.42,2.91,1.65,3.49,2.85,none,1,employee,0
7.13,1,2,5,1.74,1.12,4.3,4.54,3.23,5.0,none,0,employee,0
13.6,4,5,0,4.21,2.89,1.6,2.93,2.23,1.0,frenetic,2,student,0
9.46,2,2,6,3.03,4.8,2.25,1.44,2.65,2.27,under_challenged,2,general,0
8.13,2,2,3,3.3,4.61,1.99,2.27,1.78,2.84,under_challenged,1,student,0
10.5,4,4,3,2.59,2.79,3.02,2.91,3.06,2.56,none,1,student,1
8.97,0,3,5,1.17,1.59,4.5,4.1,4.91,4.85,none,0,employee,1
8.15,0,1,2,1.7,3.56,3.13,1.86,2.0,5.0,under_challenged,2,student,0
13.15,4,7,0,4.72,2.15,1.64,2.15,3.04,1.0,frenetic,2,employee,1
7.7,0,2,3,1.9,1.82,4.28,5.0,3.3,3.68,none,0,general,1
10.17,3,5,3,2.81,3.24,2.73,2.62,2.99,1.29,none,1,employee,1
16.0,2,7,0,4.64,2.52,2.94,2.95,1.95,1.0,frenetic,3,employee,1
11.65,3,3,2,3.8,4.52,1.75,1.05,1.16,1.54,worn_out,3,student,1
12.39,3,6,0,4.37,3.47,3.49,2.06,1.99,1.0,frenetic,3,general,1
7.28,0,3,5,2.52,1.11,3.56,4.64,4.03,4.78,none,0,employee,0
7.97,0,1,2,2.52,3.2,2.24,1.89,2.06,4.36,under_challenged,2,student,0
10.49,3,3,1,4.06,4.15,1.62,1.64,1.75,1.0,worn_out,3,employee,1
11.84,2,7,0,5.0,4.1,1.21,1.98,2.46,2.04,worn_out,3,general,1
11.72,6,5,0,4.83,2.31,2.96,2.63,2.28,1.39,frenetic,3,student,0
9.14,0,1,1,2.07,5.0,1.0,1.0,1.95,2.49,under_challenged,1,general,0
10.3,3,4,1,4.34,4.71,2.35,1.0,1.4,3.2,worn_out,3,student,0
9.37,2,5,1,3.37,2.29,3.73,1.73,3.77,3.08,none,1,employee,1
9.25,0,1,4,2.66,3.99,1.38,1.19,2.34,2.64,under_challenged,2,employee,0
8.16,1,2,1,1.23,1.29,3.93,3.74,4.36,4.39,none,0,student,0
11.55,3,6,0,4.89,3.42,2.14,2.43,3.0,1.25,frenetic,2,student,0
11.01,3,8,2,4.53,4.69,2.37,2.01,1.87,2.86,worn_out,3,general,1
13.15,2,8,0,4.47,2.79,2.85,2.19,3.77,1.32,frenetic,3,employee,0
10.64,1,7,2,4.84,4.5,2.18,1.93,1.9,1.42,worn_out,3,general,0
11.14,2,4,2,4.52,5.0,1.02,1.77,2.07,3.49,worn_out,3,student,1
12.9,5,8,1,4.31,3.01,3.25,1.24,2.99,2.27,frenetic,3,employee,0
10.0,2,4,2,3.63,4.44,2.13,1.81,1.48,1.57,worn_out,3,employee,1
13.86,2,2,0,4.33,4.76,2.27,1.54,2.07,2.68,worn_out,3,student,1
10.98,2,5,3,3.21,2.68,3.54,3.22,3.73,2.77,none,1,employee,1
6.17,0,1,4,3.52,4.09,1.85,1.05,2.37,3.92,under_challenged,2,student,0
9.77,0,4,5,2.4,1.14,3.98,4.8,4.27,3.64,none,0,employee,1
6.68,1,3,8,2.23,1.4,4.95,3.82,5.0,4.28,none,0,employee,0
13.5,2,4,0,4.96,3.88,3.06,2.1,1.62,2.35,frenetic,3,student,1
7.16,0,3,2,1.48,1.21,4.33,4.6,4.17,4.25,none,0,employee,0
15.37,4,3,1,4.43,4.45,1.99,2.32,1.6,2.53,frenetic,3,student,1
11.05,0,4,1,2.15,1.94,2.71,2.77,3.76,3.4,none,1,general,1
7.74,0,2,4,1.72,2.26,4.36,5.0,4.16,5.0,none,0,general,0
11.82,4,9,1,4.2,3.54,1.43,2.11,1.41,1.51,frenetic,3,employee,0
8.22,1,2,3,3.3,4.71,2.39,1.64,1.98,3.76,under_challenged,2,general,0
7.26,1,3,2,3.71,4.42,1.99,1.0,1.0,3.21,under_challenged,2,general,0
8.62,1,1,1,2.05,4.96,1.89,1.86,1.3,3.74,under_challenged,1,employee,1
9.41,0,2,5,2.79,1.99,4.22,4.33,4.47,3.72,none,0,student,1
7.88,0,3,4,1.93,1.65,3.51,4.08,4.19,5.0,none,0,employee,0
14.81,3,2,2,3.73,3.64,1.21,1.78,1.36,1.81,worn_out,2,student,1
7.91,0,4,6,1.18,1.17,3.95,3.82,3.17,4.45,none,0,employee,1
5.87,0,2,4,1.99,1.94,4.29,3.79,4.03,4.27,none,0,employee,0
10.63,0,2,5,2.01,1.0,4.01,4.42,3.89,3.3,none,0,student,1
9.67,0,2,6,1.82,1.0,4.56,4.11,4.32,3.07,none,0,student,1
11.73,0,5,2,2.02,4.2,2.18,1.01,3.99,3.17,under_challenged,1,employee,1
9.65,0,3,1,1.17,1.0,4.47,4.86,4.56,3.7,none,0,employee,1
10.67,3,3,2,3.63,4.67,1.22,1.91,1.59,2.17,worn_out,2,student,0
10.71,1,4,2,2.62,2.83,4.16,3.59,2.84,3.35,none,1,student,1
14.08,6,9,0,4.7,2.62,1.88,1.87,2.07,2.14,frenetic,3,employee,1
8.67,0,4,0,3.87,1.9,3.03,3.14,2.25,2.25,none,1,employee,0
6.92,0,4,7,1.74,1.9,3.54,4.03,3.05,3.21,none,0,general,1
9.17,2,1,1,2.8,4.63,3.45,1.96,2.25,3.39,under_challenged,2,employee,1
8.06,0,2,0,2.82,3.9,3.27,1.0,2.66,4.55,under_challenged,2,student,1
7.82,0,4,2,1.6,2.04,3.73,5.0,4.48,4.57,none,0,employee,0
7.93,0,4,0,2.53,4.48,2.1,2.24,2.56,3.13,under_challenged,1,employee,0
8.63,0,2,6,1.0,1.56,3.96,4.3,3.67,3.3,none,0,student,1
12.72,6,9,0,4.55,2.9,2.36,3.16,3.77,1.04,frenetic,2,employee,1
8.09,0,3,5,2.45,4.05,2.62,1.72,2.32,3.18,under_challenged,2,employee,0
15.4,3,6,1,3.81,2.63,3.48,2.19,2.74,1.57,frenetic,3,employee,1
9.02,0,2,5,2.77,1.0,4.47,3.87,4.42,3.3,none,0,student,1
9.31,4,8,3,2.52,3.56,2.21,3.24,3.91,2.72,none,1,employee,1
8.0,2,8,1,3.97,4.2,1.86,1.47,1.0,2.0,worn_out,3,employee,0
8.17,0,3,1,1.66,4.57,1.42,1.35,1.97,3.59,under_challenged,2,general,0
7.76,0,2,5,1.64,1.0,4.0,2.61,4.39,4.05,none,0,employee,1
12.33,1,5,0,4.93,5.0,1.54,1.24,1.94,1.0,worn_out,3,general,0
8.34,1,1,5,2.76,4.23,1.89,2.05,1.0,4.03,under_challenged,1,student,0
11.53,7,4,0,4.7,2.66,3.36,2.1,1.0,1.35,frenetic,3,student,0
8.75,1,2,2,2.42,4.41,2.28,2.55,1.0,3.08,under_challenged,1,student,1
11.92,3,7,1,4.21,3.09,1.96,2.1,2.57,1.0,frenetic,3,student,1
12.55,7,9,0,4.81,2.05,1.17,2.46,3.55,1.18,frenetic,3,employee,0
7.3,0,3,10,1.68,1.3,4.47,4.98,4.41,4.89,none,0,general,0
13.44,3,9,0,4.7,3.04,1.64,2.32,1.99,1.83,frenetic,3,general,0
10.2,2,4,2,4.85,4.44,1.63,1.54,1.49,1.6,worn_out,3,employee,1
9.08,2,2,0,2.44,3.82,2.67,2.51,3.4,3.91,none,1,student,1
6.62,0,3,1,1.38,1.85,3.96,4.96,3.47,4.69,none,0,general,1
10.04,0,3,2,2.55,5.0,1.43,1.69,3.4,3.98,under_challenged,1,employee,1
9.25,0,3,1,2.2,3.44,1.0,1.5,1.67,2.03,under_challenged,2,employee,1
8.69,0,2,5,2.28,1.77,4.15,3.88,4.1,2.79,none,0,student,1
13.47,6,8,0,4.81,4.12,1.71,2.93,1.76,1.12,frenetic,3,general,0
12.41,3,4,0,4.61,2.73,2.4,2.61,3.31,1.58,frenetic,3,student,0
8.9,0,1,1,2.51,3.86,1.0,1.46,2.02,2.56,under_challenged,2,general,1
9.17,0,4,4,2.41,4.28,1.58,2.27,2.28,2.55,under_challenged,2,general,1
13.43,7,8,0,4.6,3.04,2.9,2.53,3.01,2.3,frenetic,3,general,0
9.15,0,4,2,1.0,1.0,3.7,3.52,5.0,3.89,none,0,employee,1
11.58,4,6,1,4.38,2.6,2.74,2.31,2.26,1.33,frenetic,3,employee,0
11.52,5,9,2,4.11,3.86,2.83,1.58,1.75,1.67,worn_out,3,employee,1
9.37,2,5,2,3.84,4.33,1.17,1.0,1.0,1.94,worn_out,3,employee,0
7.36,3,6,1,4.59,4.06,2.64,1.71,1.52,1.54,worn_out,3,employee,0
11.33,4,6,0,4.2,3.06,2.41,2.53,2.74,1.55,frenetic,3,student,0
6.94,0,1,5,1.0,1.81,3.7,4.64,4.52,3.54,none,0,general,1
12.38,5,7,1,4.39,3.84,1.85,1.3,3.22,1.87,frenetic,3,student,0
10.14,2,4,1,2.99,1.6,3.49,3.78,2.85,3.51,none,1,employee,1
12.22,6,4,0,3.81,2.23,2.47,3.13,4.0,2.2,frenetic,2,student,0
14.11,6,7,1,4.7,3.02,2.31,1.65,3.36,1.0,frenetic,3,employee,1
10.56,3,2,0,5.0,4.3,2.56,1.54,1.0,3.26,worn_out,3,student,0
8.42,1,5,1,2.51,3.32,3.14,4.44,3.03,2.72,none,1,general,0
7.46,0,3,5,1.14,1.84,3.92,3.49,4.26,4.09,none,0,student,0
10.75,4,5,1,4.54,4.27,1.26,1.07,1.72,1.46,worn_out,2,general,0
6.61,0,3,3,1.42,1.1,4.54,4.53,4.27,4.5,none,0,employee,0
8.9,0,2,0,2.49,3.24,3.2,3.31,3.3,2.03,none,1,student,1
15.81,7,4,1,4.7,2.9,2.81,3.5,2.87,1.57,frenetic,2,student,1
11.59,3,5,0,4.37,4.26,1.43,1.77,2.16,2.65,worn_out,3,employee,1
11.92,0,4,0,4.09,4.95,1.25,1.93,1.91,1.02,worn_out,3,student,1
9.34,0,3,5,2.46,3.37,3.44,3.55,3.96,2.61,none,1,employee,0
13.3,7,8,0,4.47,4.09,2.59,1.65,2.17,1.0,frenetic,3,employee,1
7.19,0,2,2,1.37,5.0,3.16,1.46,1.95,3.47,under_challenged,2,student,0
10.35,0,3,1,3.27,3.07,2.15,3.84,3.68,2.37,none,1,student,1
8.52,1,2,7,1.29,1.02,4.4,4.36,4.66,4.23,none,0,general,0
12.15,5,4,0,3.71,2.62,1.76,2.62,3.21,1.0,frenetic,3,student,0
6.95,1,1,5,1.92,2.28,4.0,4.66,3.99,4.63,none,0,student,0
10.08,0,2,8,1.0,1.39,4.09,4.21,4.04,3.23,none,0,employee,1
9.56,3,3,4,1.95,2.58,2.69,2.43,1.21,3.49,none,1,student,0
12.04,2,6,0,4.87,3.58,2.21,2.2,3.33,1.0,frenetic,3,student,0
6.61,0,3,2,1.83,4.42,2.1,1.46,2.32,3.32,under_challenged,2,general,0
7.23,0,1,3,2.21,3.84,1.6,1.0,1.0,3.77,under_challenged,2,employee,0
14.66,6,4,0,4.14,4.16,2.23,2.46,2.41,1.1,frenetic,3,student,1
6.5,1,3,9,1.0,1.31,4.02,3.34,3.82,4.0,none,0,employee,0
6.69,0,4,5,2.53,1.03,5.0,3.76,3.9,3.52,none,0,employee,0
13.09,2,7,0,4.77,3.12,3.46,2.4,3.4,2.34,frenetic,3,employee,0
7.8,0,2,3,1.41,2.05,3.49,4.2,2.87,4.77,none,0,employee,0
7.01,0,3,5,1.0,1.81,4.22,3.72,4.37,3.99,none,0,employee,0
8.06,2,2,1,2.89,3.72,2.34,1.0,1.0,3.14,under_challenged,2,student,1
10.66,1,2,4,1.27,1.03,4.66,4.1,3.43,4.01,none,0,student,1
11.02,5,2,0,3.64,5.0,1.65,1.01,1.69,1.87,worn_out,2,student,1
9.48,1,2,3,2.31,3.34,3.66,3.8,3.77,1.75,none,1,student,1
8.21,0,1,3,2.71,4.15,3.25,1.33,1.19,4.1,under_challenged,1,employee,1
9.96,2,3,0,2.81,2.16,2.49,3.82,3.06,2.37,none,1,student,1
8.96,1,3,1,1.0,4.09,2.74,1.38,1.16,3.44,under_challenged,2,employee,0
8.51,0,2,4,2.4,1.34,3.97,5.0,4.78,2.92,none,0,student,1
11.68,7,6,1,4.3,2.51,2.51,1.39,1.21,1.0,frenetic,2,student,0
12.78,2,10,0,3.82,3.6,1.67,1.77,3.31,1.04,frenetic,2,employee,1
9.38,0,2,3,2.25,1.3,3.96,4.94,3.24,4.77,none,0,employee,1
10.29,0,3,5,2.23,1.9,4.03,3.33,3.56,3.55,none,0,employee,1
9.9,1,4,3,3.88,1.76,3.41,2.15,3.11,2.4,none,1,employee,1
13.02,3,6,1,3.44,4.83,1.62,1.58,2.11,1.57,worn_out,2,employee,1
13.76,3,2,0,3.59,3.93,1.17,1.36,1.32,1.0,worn_out,3,student,1
14.45,2,4,3,5.0,4.74,2.16,1.56,1.77,1.0,worn_out,3,student,1
11.57,3,6,1,4.91,4.89,1.97,1.5,1.79,1.33,worn_out,3,employee,0
10.11,0,4,2,2.54,2.0,4.9,4.8,4.05,3.26,none,0,employee,1
9.03,1,2,3,2.37,3.92,2.66,1.45,3.23,2.64,under_challenged,1,employee,0
8.51,1,4,4,2.25,1.21,4.0,3.63,4.37,3.63,none,0,general,1
12.24,3,5,2,4.23,4.22,1.14,1.11,2.11,2.18,worn_out,3,student,0
10.86,2,2,1,4.38,4.99,2.04,1.88,2.02,1.79,worn_out,2,employee,1
8.33,0,4,1,1.74,1.61,4.45,5.0,2.69,2.94,none,0,general,1
12.09,5,5,0,4.54,4.46,2.28,1.47,1.07,2.31,worn_out,3,employee,1
13.28,2,8,1,4.84,2.83,2.83,1.3,2.39,1.09,frenetic,2,employee,0
10.13,0,2,5,1.79,1.7,4.4,4.45,4.26,2.88,none,0,general,1
9.55,2,3,2,1.19,4.62,2.36,1.39,3.93,3.76,under_challenged,2,employee,0
7.42,2,6,2,2.21,1.98,2.4,2.73,3.1,3.63,none,1,employee,0
10.57,1,5,5,1.96,3.26,3.32,2.17,3.39,1.85,none,1,general,1
12.61,7,11,0,4.89,2.51,3.22,1.55,2.89,2.01,frenetic,3,employee,0
9.77,0,2,2,2.0,4.26,1.97,1.75,1.81,2.42,under_challenged,1,student,1
8.02,1,4,1,2.25,2.38,3.57,2.5,3.87,3.63,none,1,employee,0
12.46,2,6,0,4.66,2.64,1.55,1.44,2.82,2.19,frenetic,3,student,0
15.48,2,4,1,3.81,3.6,2.83,1.61,2.51,1.82,frenetic,2,student,1
12.29,5,6,1,4.52,3.74,2.35,1.0,2.23,2.04,frenetic,3,general,1
8.86,2,7,0,3.84,3.91,2.22,1.23,2.83,1.0,worn_out,3,employee,1
7.21,0,4,7,2.19,1.35,3.81,4.36,3.57,4.02,none,0,general,1
9.17,0,2,3,1.0,4.51,2.67,1.0,2.58,3.45,under_challenged,1,student,0
8.78,3,6,2,4.19,4.63,1.45,1.0,1.0,2.51,worn_out,2,employee,1
6.95,2,3,10,1.68,1.07,4.44,3.92,4.44,4.33,none,0,employee,0
15.94,7,8,1,4.94,2.14,3.24,1.84,2.86,1.17,frenetic,3,employee,1
9.91,1,6,0,2.44,2.86,3.76,3.39,3.76,2.83,none,1,employee,1
8.94,0,3,5,1.0,1.0,4.0,4.8,3.77,3.78,none,0,employee,1
7.79,0,3,7,1.39,1.0,4.49,4.77,4.8,4.42,none,0,employee,0
10.13,1,2,7,2.85,4.16,2.65,1.32,1.16,4.15,under_challenged,2,employee,1
9.7,0,3,5,2.57,2.49,4.17,3.9,3.52,3.59,none,0,employee,1
14.16,2,10,1,4.54,2.8,2.61,1.34,2.6,1.52,frenetic,2,employee,1
8.29,1,2,6,1.84,4.45,2.55,1.3,1.07,4.36,under_challenged,2,employee,0
13.09,6,3,1,4.46,2.23,2.55,1.18,1.83,1.0,frenetic,3,student,1
14.11,6,9,1,4.23,3.94,2.74,2.73,1.72,1.67,frenetic,3,employee,1
8.81,2,2,3,2.07,1.66,4.23,2.87,2.58,2.46,none,1,student,0
8.82,3,4,3,3.16,2.94,3.07,2.49,4.34,3.62,none,1,student,1
9.92,0,4,4,2.29,1.67,3.47,4.89,3.27,3.24,none,0,employee,1
9.37,1,2,2,1.0,1.41,4.26,4.75,4.16,4.35,none,0,student,1
9.57,0,5,2,3.42,4.9,1.99,1.55,1.49,1.84,worn_out,3,employee,0
13.82,6,10,0,5.0,3.71,1.17,2.17,2.16,1.78,frenetic,3,employee,1
10.94,4,3,3,2.18,2.33,2.88,2.86,3.75,1.5,none,1,general,1
13.49,1,6,2,3.81,3.64,1.15,1.6,2.58,1.0,worn_out,3,employee,1
11.8,2,7,2,1.95,3.87,2.95,2.99,2.9,3.57,none,1,employee,1
8.41,0,3,5,1.48,1.58,4.21,3.75,3.67,3.84,none,0,employee,1
12.34,4,4,2,3.83,2.25,2.87,2.15,3.58,2.66,none,1,general,1
8.2,0,4,5,1.13,1.0,4.26,4.64,4.29,3.68,none,0,employee,0
12.47,3,4,2,3.12,3.53,3.5,1.98,2.72,2.53,none,1,employee,1
9.18,0,3,3,1.78,1.24,4.25,4.72,3.45,2.93,none,0,general,1
8.54,0,2,1,2.31,1.09,3.05,3.96,3.67,3.21,none,1,employee,0
10.48,0,5,0,4.46,3.58,2.12,1.49,1.9,1.44,worn_out,3,student,0
9.64,5,5,1,4.61,3.99,1.8,1.22,1.36,1.23,worn_out,3,general,0
10.73,1,2,7,2.05,2.25,4.61,3.05,4.24,4.33,none,0,employee,1
8.38,0,4,6,2.67,4.19,2.78,1.0,1.15,2.83,under_challenged,1,employee,1
8.73,4,3,3,3.95,5.0,1.77,1.0,1.42,1.0,worn_out,3,student,1
9.07,0,3,2,2.46,1.42,4.55,4.02,4.55,4.16,none,0,general,1
12.45,3,6,2,3.59,4.99,1.71,1.7,1.14,1.79,worn_out,3,general,1
8.19,0,2,3,1.5,1.42,3.66,4.1,3.97,4.31,none,0,employee,0
9.62,5,7,1,4.61,4.28,1.74,1.0,1.09,1.18,worn_out,3,employee,1
9.42,2,3,0,4.26,4.2,2.03,1.0,1.61,2.65,worn_out,3,employee,0
12.23,6,9,1,4.31,3.81,1.69,2.26,1.13,1.53,frenetic,3,employee,1
9.21,2,2,4,3.56,2.69,3.69,2.7,4.32,2.97,none,1,student,1
11.22,3,8,1,4.54,4.28,1.43,2.11,2.45,1.61,frenetic,3,employee,0
12.64,1,2,1,4.83,4.92,2.13,1.32,1.33,1.7,worn_out,3,student,1
11.11,3,6,0,4.34,4.25,1.0,1.46,1.0,2.32,worn_out,3,employee,1
15.51,3,9,0,4.72,2.81,2.52,3.42,1.73,1.29,frenetic,3,employee,1
8.04,1,2,4,1.83,2.08,4.38,3.94,4.04,3.55,none,0,student,0
8.36,4,6,1,1.98,2.83,3.51,2.75,3.91,3.2,none,1,employee,0
6.73,1,3,3,1.06,1.34,4.2,3.47,3.16,3.68,none,0,general,0
8.16,0,2,7,2.28,1.0,3.54,2.68,3.77,4.61,none,0,student,0
8.79,1,3,1,2.69,4.01,1.39,1.84,2.28,3.37,under_challenged,1,employee,0
9.57,0,2,6,2.85,1.01,3.31,3.75,3.22,4.23,none,0,employee,1
12.95,2,6,1,4.13,2.54,2.2,1.64,2.07,1.0,frenetic,3,general,0
7.41,0,2,4,2.33,1.13,4.03,3.37,3.4,3.96,none,0,student,1
7.95,0,3,5,2.12,1.69,4.33,4.03,3.65,3.45,none,0,employee,0
9.6,0,4,7,2.38,1.32,3.65,5.0,3.34,4.24,none,0,employee,1
7.23,1,3,4,1.85,1.0,4.24,4.28,4.42,4.15,none,0,employee,1
9.58,0,4,2,3.01,2.63,3.08,3.4,3.66,3.89,none,1,employee,1
10.74,0,5,2,3.87,4.36,2.16,1.33,1.66,1.0,worn_out,2,student,0
7.32,1,5,5,1.81,1.36,4.52,2.78,4.0,2.99,none,0,employee,0
11.09,5,3,1,4.23,4.19,2.71,1.42,1.57,2.43,worn_out,2,student,0
14.84,6,9,1,4.51,3.27,2.57,2.55,2.47,1.35,frenetic,3,general,1
8.46,0,2,4,1.56,2.23,3.98,4.58,3.83,3.4,none,0,employee,1
7.92,0,2,4,1.37,3.98,2.18,1.37,2.59,3.64,under_challenged,1,employee,0
6.84,0,1,4,2.25,2.53,4.91,4.23,5.0,4.84,none,0,student,0
10.06,1,6,1,3.76,1.68,3.22,3.01,2.43,3.09,none,1,employee,0
9.48,0,4,6,1.84,1.74,3.98,4.24,5.0,4.08,none,0,general,1
8.46,0,3,5,1.72,1.3,4.42,4.6,4.56,3.48,none,0,student,1
9.16,0,3,6,1.97,4.01,2.44,2.14,1.0,4.15,under_challenged,2,employee,0
9.61,1,2,0,2.62,3.42,3.63,3.08,3.1,4.35,none,1,student,1
8.27,1,4,4,1.97,4.16,2.55,1.03,1.02,3.07,under_challenged,2,employee,0
11.73,5,9,0,4.46,3.49,2.58,3.44,1.2,1.0,frenetic,3,general,0
9.31,2,4,3,3.72,1.86,4.19,2.21,2.03,2.7,none,1,general,0
12.05,3,8,0,4.04,3.06,1.96,1.36,3.35,1.0,frenetic,3,employee,1
5.68,1,1,2,2.72,4.19,1.72,1.75,1.97,3.04,under_challenged,1,employee,1
9.62,1,4,4,1.92,3.05,1.9,1.62,1.44,3.63,under_challenged,2,employee,1
11.41,0,2,1,3.0,3.91,2.03,1.4,1.82,1.0,worn_out,3,employee,1
7.45,0,3,4,1.9,4.57,2.29,1.0,2.76,3.79,under_challenged,1,employee,0
14.8,3,7,0,4.33,1.88,2.26,2.1,2.75,2.18,frenetic,3,employee,1
9.19,0,4,1,2.99,2.57,3.09,2.97,3.22,2.72,none,1,employee,0
14.65,3,3,3,3.8,4.43,1.23,1.57,2.11,1.91,worn_out,3,student,1
7.2,0,3,5,2.32,4.93,1.93,2.68,1.33,1.0,under_challenged,2,employee,1
12.59,6,7,0,4.83,3.15,2.57,1.66,3.3,1.0,frenetic,3,student,1
9.69,2,5,1,4.05,4.37,1.75,1.0,2.76,1.0,worn_out,3,employee,1
10.79,1,7,2,4.9,5.0,1.58,1.11,2.6,2.92,worn_out,3,general,1
11.78,3,4,4,3.19,2.36,2.94,3.28,2.79,2.61,none,1,employee,1
8.02,3,4,0,3.66,2.54,1.9,3.27,2.67,3.28,none,1,student,0
11.86,4,4,2,4.01,4.51,1.96,1.68,1.37,2.38,worn_out,3,general,0
8.08,0,2,3,1.54,1.05,3.7,4.4,4.35,3.52,none,0,general,1
8.5,0,4,8,1.7,1.96,4.46,4.53,3.89,3.62,none,0,employee,1
12.74,1,5,1,3.67,3.02,3.79,3.67,2.89,1.8,none,1,employee,1
7.31,1,3,3,1.02,1.08,4.8,3.71,4.2,4.3,none,0,general,0
15.15,6,5,0,5.0,4.15,2.42,2.96,1.97,1.92,frenetic,3,student,1
10.35,0,2,4,1.37,1.92,4.61,3.8,3.52,3.54,none,0,general,1
10.51,0,1,5,3.26,3.59,2.06,1.42,2.36,4.11,under_challenged,2,employee,1
11.97,1,6,1,4.97,3.81,1.68,1.01,1.45,1.53,worn_out,3,general,1
8.21,0,4,6,1.95,1.48,4.29,4.43,4.8,3.23,none,0,employee,1
14.67,5,6,0,4.41,2.97,1.79,2.35,2.2,1.0,frenetic,3,employee,1
14.99,3,4,1,5.0,4.18,2.85,3.5,2.66,1.0,frenetic,3,student,1
12.35,3,10,1,4.23,2.6,3.14,2.83,1.6,1.65,frenetic,3,general,1
9.49,1,3,4,1.84,1.85,3.61,3.3,2.43,4.0,none,1,employee,0
8.63,1,3,7,2.97,3.36,2.12,2.2,3.76,4.27,under_challenged,1,general,0
11.19,0,3,4,2.58,1.57,2.83,3.93,4.83,3.36,none,0,employee,1
6.5,1,4,5,1.97,3.31,2.44,1.0,1.16,3.69,under_challenged,1,general,1
11.25,3,4,0,4.24,1.5,2.79,1.96,2.09,1.22,frenetic,2,student,0
6.74,0,2,2,2.62,4.23,1.28,1.0,1.15,2.61,under_challenged,1,employee,1
10.24,0,4,3,2.86,2.29,4.24,4.72,4.87,4.72,none,0,employee,1
7.9,1,3,4,1.39,1.05,3.71,3.91,3.67,3.12,none,0,general,1
8.23,2,2,4,2.73,4.52,1.61,1.26,1.53,2.5,under_challenged,2,employee,1
13.71,5,10,0,4.49,2.73,1.85,1.0,4.0,1.24,frenetic,3,employee,1
7.97,0,3,5,1.72,1.11,4.15,3.93,3.52,4.2,none,0,employee,1
8.93,0,1,4,2.04,3.95,2.24,2.74,3.02,2.46,under_challenged,1,student,1
13.37,3,6,0,4.59,4.32,1.91,1.0,1.99,1.49,worn_out,2,employee,1
7.87,0,4,5,2.52,1.8,4.61,4.83,3.89,3.36,none,0,employee,1
11.9,7,7,0,4.32,2.66,1.76,1.79,1.46,1.0,frenetic,2,employee,0
6.37,0,3,7,2.47,1.0,3.36,4.17,4.54,3.57,none,0,employee,0
9.14,2,3,5,1.64,2.06,4.65,4.07,3.73,3.49,none,0,employee,1
10.79,1,1,3,2.59,4.18,2.95,2.27,2.76,2.69,under_challenged,1,employee,1
6.2,0,2,6,1.28,1.38,3.97,4.17,4.13,3.54,none,0,general,1
8.39,0,3,3,1.2,1.39,3.97,4.49,4.26,3.4,none,0,employee,1
9.16,3,6,0,4.0,4.73,1.42,1.48,1.86,2.49,worn_out,3,employee,0
10.29,0,3,4,1.0,4.36,3.38,1.9,2.71,2.74,under_challenged,2,general,1
14.33,2,5,1,4.04,1.96,2.4,3.14,2.41,1.0,frenetic,3,student,0
9.68,2,4,1,2.95,2.3,2.27,2.42,3.43,2.23,none,1,employee,0
10.58,1,2,3,3.16,5.0,2.45,1.92,3.18,2.94,under_challenged,2,student,1
9.89,0,2,5,2.7,1.49,4.05,4.75,5.0,2.46,none,0,general,1
12.23,0,5,2,3.61,3.07,2.87,2.78,3.24,2.67,none,1,employee,1
11.95,1,3,2,5.0,4.44,1.88,1.62,2.07,1.35,worn_out,3,student,1
6.87,2,3,2,3.31,4.59,2.43,1.72,1.51,3.48,under_challenged,2,employee,0
9.02,0,4,3,1.85,4.38,1.49,2.33,3.17,3.27,under_challenged,1,employee,0
14.51,5,5,0,4.13,2.98,3.15,2.37,2.61,1.13,frenetic,3,student,1
13.13,6,7,1,4.86,2.16,4.0,2.54,2.92,2.14,frenetic,3,employee,0
7.03,0,3,6,2.36,4.66,1.83,1.0,3.37,3.83,under_challenged,1,general,1
7.3,0,2,3,1.0,1.0,4.78,3.94,3.74,3.94,none,0,student,0
9.97,2,4,3,3.34,1.94,3.78,3.02,3.18,3.41,none,1,general,0
7.78,0,2,2,2.08,1.0,4.38,4.91,4.71,4.33,none,0,student,1
10.49,3,6,4,2.16,2.79,2.91,3.74,3.7,2.81,none,1,employee,1
11.85,1,5,3,3.53,1.46,3.31,2.75,3.47,3.19,none,1,employee,1
15.41,2,7,0,4.81,3.62,3.01,1.95,2.51,1.72,frenetic,3,student,0
6.86,0,3,4,2.4,3.49,1.44,1.4,2.23,1.54,under_challenged,2,general,1
11.15,4,8,1,4.25,2.89,2.77,1.51,2.92,1.88,frenetic,3,employee,0
11.21,0,2,7,2.76,1.0,3.49,4.86,4.2,4.21,none,0,student,1
11.46,5,5,0,3.65,4.38,1.72,1.4,1.23,1.0,worn_out,2,employee,1
12.61,5,4,1,4.54,3.95,1.54,2.1,2.94,2.78,worn_out,3,student,0
10.37,1,2,2,3.09,4.41,2.95,1.6,2.18,4.4,under_challenged,1,employee,1
14.44,4,7,0,5.0,3.27,2.13,3.22,2.57,1.42,frenetic,2,general,0
8.69,0,4,4,3.21,4.74,1.94,1.16,1.53,2.94,under_challenged,1,employee,1
12.8,5,7,1,4.96,3.62,2.3,1.56,1.7,1.0,frenetic,3,employee,0
10.13,2,5,3,2.94,3.15,3.09,3.47,3.67,3.24,none,1,employee,1
8.81,1,1,7,1.3,2.07,4.58,3.77,4.07,4.23,none,0,student,1
7.98,1,4,8,1.08,1.38,3.67,3.94,5.0,3.76,none,0,employee,0
10.1,1,4,1,4.4,3.96,2.21,1.42,1.11,2.72,worn_out,3,student,1
11.54,3,5,0,4.85,4.5,1.06,1.7,1.72,2.92,worn_out,2,employee,1
7.65,0,1,3,3.15,3.75,2.09,1.39,2.19,3.21,under_challenged,2,student,0
13.88,6,10,1,4.55,1.74,2.95,1.98,1.67,1.0,frenetic,2,general,1
7.31,0,3,7,1.71,1.0,4.4,4.15,4.26,3.93,none,0,employee,0
12.33,1,5,1,2.12,2.13,4.17,2.49,2.74,2.88,none,1,general,1
9.11,4,7,3,3.18,2.95,3.61,3.74,4.39,2.95,none,1,general,1
10.41,0,1,8,1.23,2.16,4.35,5.0,3.53,4.5,none,0,student,1
8.46,0,2,2,2.42,4.25,2.03,1.46,1.67,3.01,under_challenged,2,employee,1
12.71,5,5,0,4.64,1.97,3.54,2.54,2.54,1.67,frenetic,3,employee,0
11.32,6,7,0,4.9,2.28,2.33,1.14,1.34,1.0,frenetic,3,general,0
8.79,4,5,4,2.33,2.43,3.59,2.53,2.68,3.36,none,1,employee,0
7.9,0,5,7,2.46,1.61,3.86,4.54,4.62,4.7,none,0,employee,0
15.13,3,2,2,4.71,4.12,1.0,1.75,1.26,1.08,worn_out,3,student,1
8.06,2,2,6,1.53,1.25,4.75,3.9,4.86,4.89,none,0,employee,0
8.01,0,2,1,1.58,5.0,2.42,1.33,1.33,1.76,under_challenged,2,student,1
12.64,2,4,0,4.24,4.69,2.29,1.79,2.28,1.51,worn_out,2,employee,1
12.28,3,4,0,3.72,4.83,2.33,1.03,1.02,1.42,worn_out,2,general,1
11.37,1,3,3,2.41,1.16,4.08,4.34,4.44,4.39,none,0,employee,1
7.86,1,3,4,2.24,5.0,2.57,1.34,3.12,2.86,under_challenged,1,student,1
10.24,4,7,0,4.36,3.24,3.58,1.73,2.17,1.54,frenetic,3,employee,0
7.25,0,2,1,1.6,1.91,3.87,5.0,4.22,4.12,none,0,general,0
12.68,3,3,1,2.21,3.19,2.4,2.2,3.41,3.35,none,1,student,1
8.21,0,3,8,2.45,3.97,2.01,1.4,2.54,2.05,under_challenged,1,student,1
7.53,1,3,2,2.9,2.66,3.3,2.0,4.3,1.96,none,1,student,1
12.49,5,10,1,3.99,2.78,3.55,1.67,1.0,1.0,frenetic,3,employee,1
10.91,1,3,1,3.24,2.53,3.22,3.3,3.58,1.46,none,1,student,1
16.0,7,5,1,4.66,3.04,2.8,1.82,3.4,1.0,frenetic,3,student,1
9.81,2,4,2,2.74,2.76,2.89,3.46,3.57,2.37,none,1,student,1
12.29,2,2,3,3.76,2.31,2.63,2.33,2.34,3.29,none,1,student,1
13.1,7,6,0,4.55,4.35,1.73,2.23,2.75,1.63,frenetic,2,student,1
11.77,3,5,0,4.57,3.92,2.92,1.6,3.54,2.27,frenetic,3,student,0
13.23,5,5,0,4.59,4.14,1.2,1.52,1.61,2.08,worn_out,3,student,1
7.25,0,2,2,2.49,1.02,3.78,4.23,4.59,4.49,none,0,employee,1
9.51,0,2,6,1.59,1.97,4.3,3.94,4.67,2.96,none,0,employee,1
8.09,0,2,3,2.36,4.36,1.36,1.12,1.67,2.89,under_challenged,2,general,0
10.16,0,3,4,3.16,3.1,3.92,2.72,3.01,3.18,none,1,student,1
8.68,1,4,3,1.5,2.55,3.42,2.33,3.66,2.2,none,1,general,1
9.78,1,2,3,2.7,4.07,2.33,2.0,2.54,2.92,under_challenged,2,employee,1
10.0,0,5,2,1.74,3.52,2.02,1.77,1.5,3.3,under_challenged,2,employee,0
7.48,1,2,5,2.68,1.0,4.42,4.13,5.0,3.89,none,0,student,0
7.0,1,3,1,4.24,4.12,1.02,1.88,1.0,2.74,worn_out,2,employee,0
8.92,1,3,9,2.25,2.6,3.89,4.71,3.52,3.24,none,0,employee,1
10.02,1,3,2,3.35,2.42,3.82,2.71,2.68,3.67,none,1,employee,0
8.08,0,2,5,1.36,1.78,3.97,4.43,3.56,3.0,none,0,student,0
9.05,1,2,1,5.0,4.61,1.51,1.63,1.0,1.83,worn_out,3,employee,0
9.31,0,3,5,2.92,4.24,3.5,1.88,2.51,3.12,under_challenged,2,general,1
6.0,1,1,5,1.5,1.41,3.77,3.95,4.23,4.34,none,0,employee,0
7.9,0,1,5,1.5,1.46,3.39,4.02,5.0,3.98,none,0,student,0
12.41,2,9,1,4.7,2.52,2.71,1.81,1.48,1.21,frenetic,3,employee,0
8.12,0,3,3,2.11,3.99,2.64,2.63,1.7,3.86,under_challenged,2,employee,0
8.11,0,3,3,3.22,1.19,3.38,3.39,3.12,2.92,none,1,general,0
7.59,1,3,4,1.62,1.93,3.97,3.26,4.11,4.09,none,0,employee,1
10.63,2,6,1,4.31,4.97,1.34,1.52,2.06,2.01,worn_out,3,employee,0
11.82,4,4,3,4.96,4.95,1.57,1.98,1.64,1.0,worn_out,3,employee,1
10.16,3,4,3,3.11,2.93,3.46,4.28,3.4,3.13,none,1,general,1
10.13,0,7,0,3.9,4.34,2.52,1.44,2.05,2.04,worn_out,2,employee,0
9.15,1,2,9,2.38,1.06,3.86,4.25,4.85,3.86,none,0,general,1
9.22,0,1,5,3.0,4.67,2.32,1.64,1.73,3.13,under_challenged,2,student,1
9.37,1,4,4,3.11,3.32,3.58,3.38,2.35,1.24,none,1,general,1
8.26,2,4,2,3.19,2.44,3.17,2.26,2.95,2.9,none,1,employee,0
9.29,4,5,2,3.18,3.74,3.29,3.28,2.77,2.62,none,1,employee,0
8.36,0,5,2,2.2,1.02,5.0,4.76,3.77,4.46,none,0,employee,1
13.87,2,6,0,4.61,2.67,1.99,2.84,1.57,1.58,frenetic,3,employee,0
10.56,6,8,1,4.13,1.89,1.36,1.73,3.29,1.32,frenetic,3,general,0
13.42,1,7,1,4.15,4.86,1.7,1.0,2.05,1.0,worn_out,3,employee,1
8.33,0,3,3,1.53,1.96,4.41,3.78,4.2,4.49,none,0,employee,0
13.59,5,9,0,4.76,1.85,3.02,1.76,2.07,1.0,frenetic,3,employee,1
8.45,2,5,3,2.87,2.7,2.65,3.87,2.37,3.3,none,1,general,0
10.33,2,4,2,4.85,4.53,1.78,1.0,2.91,2.52,worn_out,3,student,1
7.45,1,3,8,2.58,1.36,3.0,4.4,3.63,3.94,none,0,student,0
10.64,5,4,0,4.76,3.81,2.94,2.56,3.84,1.68,frenetic,3,student,0
11.13,4,5,2,4.02,3.86,1.91,1.65,1.45,1.76,worn_out,2,student,0
8.65,0,1,6,1.93,1.68,3.66,3.71,3.35,3.33,none,0,student,1
10.03,2,4,1,2.89,1.64,3.47,3.21,2.07,2.54,none,1,student,1
8.16,1,4,3,2.36,2.93,3.91,4.64,4.42,4.93,none,0,employee,0
9.52,5,6,0,4.76,4.52,1.58,1.48,1.0,2.38,worn_out,3,employee,1
7.74,0,3,1,2.1,4.01,2.96,2.14,1.2,3.86,under_challenged,2,student,0
10.53,2,6,2,1.93,3.99,3.34,2.38,1.29,3.59,none,1,employee,1
12.27,5,5,1,4.46,3.58,2.37,1.8,2.4,1.84,frenetic,3,student,0
7.03,0,1,4,1.49,1.0,3.45,3.91,4.89,3.76,none,0,employee,1
12.39,6,7,1,4.55,3.13,3.41,1.9,2.3,1.0,frenetic,3,employee,1
10.56,0,2,6,2.24,1.72,3.69,4.24,4.17,4.88,none,0,employee,1
10.29,3,10,1,3.44,3.5,2.22,2.12,1.0,1.46,worn_out,3,employee,1
12.06,4,11,0,4.98,2.32,2.17,3.41,3.46,1.0,frenetic,2,employee,1
8.2,0,2,4,1.72,1.47,4.52,3.64,3.75,4.45,none,0,student,0
7.64,0,2,5,1.85,3.87,2.59,2.37,3.09,2.65,under_challenged,2,general,0
9.44,2,6,1,2.87,3.63,3.44,3.11,2.18,2.42,none,1,employee,0
9.07,0,4,4,1.13,1.0,4.63,4.01,4.49,3.96,none,0,general,1
10.87,0,4,5,2.88,3.33,3.96,3.09,3.36,3.16,none,1,general,1
9.16,0,1,3,1.44,4.17,1.77,1.0,2.1,2.75,under_challenged,1,student,1
9.72,2,3,2,2.34,3.88,2.4,1.14,2.06,3.28,under_challenged,1,student,1
9.89,5,5,2,4.14,4.85,1.1,1.1,1.0,2.39,worn_out,3,general,1
8.82,0,2,0,4.79,5.0,2.05,1.73,1.41,1.7,worn_out,2,student,0
13.68,4,8,0,3.91,2.26,2.53,1.92,1.0,1.21,frenetic,2,employee,1
6.76,0,2,7,1.92,1.18,4.06,4.92,4.11,4.44,none,0,general,0
13.41,4,8,0,4.57,4.14,1.6,1.99,1.0,1.0,worn_out,3,employee,1
7.96,0,2,7,2.14,2.08,3.48,3.74,4.35,4.04,none,0,student,0
12.73,2,5,1,3.7,3.41,3.04,1.65,3.53,1.12,frenetic,2,student,1
9.42,1,1,3,1.68,1.91,4.2,4.05,4.3,3.05,none,0,employee,1
9.01,2,5,1,3.94,4.03,1.35,1.25,1.2,2.13,worn_out,2,general,0
8.5,0,3,7,1.58,1.52,4.75,4.17,3.57,4.17,none,0,general,1
7.67,1,4,5,3.12,1.91,3.98,3.18,5.0,3.99,none,0,employee,0
10.36,0,1,4,3.35,5.0,2.73,1.46,2.24,3.37,under_challenged,2,student,1
9.53,0,4,0,4.27,5.0,1.75,1.5,1.63,1.68,worn_out,3,student,0
14.69,4,7,1,5.0,4.15,2.65,1.45,1.0,1.56,frenetic,3,student,1
8.99,3,3,0,4.78,4.78,1.42,1.84,1.3,2.97,worn_out,3,employee,1
11.84,2,5,1,3.74,2.38,3.59,2.5,1.98,2.21,none,1,general,1
13.06,3,6,1,4.32,5.0,1.75,1.44,1.22,1.0,worn_out,3,employee,1
8.24,2,4,1,3.16,1.89,3.1,3.71,2.58,3.28,none,1,employee,0
11.61,2,5,2,4.26,4.61,1.54,1.9,1.18,2.15,worn_out,3,general,0
7.19,0,2,5,1.99,1.0,4.06,3.44,3.75,4.13,none,0,student,0
15.28,7,9,0,4.04,4.09,2.71,1.86,2.03,1.0,frenetic,3,employee,1
6.8,1,2,2,2.38,4.23,1.89,1.0,2.04,3.51,under_challenged,1,student,0
11.88,6,8,1,4.6,2.56,2.53,1.45,2.03,1.0,frenetic,3,employee,1
13.13,6,8,0,4.65,1.68,2.83,2.31,2.48,1.0,frenetic,3,employee,1
9.02,2,4,0,4.7,4.08,2.66,1.38,1.0,1.73,worn_out,3,employee,1
8.17,0,1,3,2.39,1.0,3.77,4.52,4.66,3.91,none,0,student,0
9.85,0,3,1,4.32,4.03,1.6,1.71,2.27,1.05,worn_out,3,employee,0
7.89,1,1,3,2.62,4.69,1.54,1.86,2.54,3.49,under_challenged,2,employee,0
9.68,3,4,1,4.31,4.07,1.0,1.0,1.58,1.34,worn_out,3,student,1
13.96,3,7,1,4.11,2.6,2.26,1.0,3.17,1.04,frenetic,2,employee,1
10.24,3,4,3,1.54,3.1,3.49,3.33,1.0,2.72,none,1,student,1
8.71,1,6,1,2.78,1.89,1.84,3.05,2.14,3.54,none,1,employee,0
12.58,4,8,1,3.87,2.58,3.05,3.06,3.37,1.0,frenetic,2,general,1
8.34,0,2,3,2.13,4.1,2.41,1.85,2.91,2.66,under_challenged,2,employee,1
9.41,0,2,2,2.48,1.66,3.21,3.78,3.96,4.36,none,0,student,1
10.3,1,4,3,2.49,2.58,3.83,3.77,3.14,4.56,none,1,employee,1
11.02,3,5,0,4.38,2.41,1.95,2.36,2.51,1.68,frenetic,2,student,0
7.71,1,2,3,1.61,1.27,4.4,4.32,4.12,3.83,none,0,employee,1
10.45,3,2,0,4.33,4.29,1.98,1.54,1.61,2.11,worn_out,3,student,0
7.96,0,3,4,1.89,4.31,2.41,1.0,2.99,3.83,under_challenged,2,employee,0
8.96,4,2,3,2.06,1.8,4.58,2.91,1.91,2.91,none,1,student,0
8.06,0,2,4,1.61,4.84,1.22,1.07,1.41,2.72,under_challenged,2,employee,0
10.16,2,6,1,4.1,4.43,1.75,1.27,1.79,2.43,worn_out,3,employee,0
12.38,4,9,1,4.29,2.56,2.33,1.97,3.9,1.08,frenetic,3,employee,0
9.69,3,6,4,2.23,2.54,3.56,2.91,3.77,3.64,none,1,employee,1
14.39,2,5,1,4.99,4.26,1.87,1.24,1.58,2.16,worn_out,3,general,1
9.43,0,3,4,1.62,1.66,5.0,4.85,3.32,3.4,none,0,employee,1
11.82,2,7,5,1.96,1.74,2.76,3.19,3.27,3.14,none,1,employee,1
10.07,0,2,3,1.72,1.5,4.34,4.33,4.05,3.52,none,0,student,1
7.72,0,2,6,1.69,1.56,4.79,3.81,4.01,4.71,none,0,employee,0
14.97,4,7,0,4.6,4.46,1.52,2.49,2.07,1.0,frenetic,2,employee,1
16.0,7,6,1,4.87,2.28,2.74,2.23,3.1,1.28,frenetic,3,student,1
14.5,2,9,1,4.51,2.03,2.46,1.8,1.5,1.0,frenetic,3,employee,1
8.35,3,4,1,2.07,3.02,3.71,2.82,2.92,2.43,none,1,employee,0
8.54,1,3,8,1.59,2.34,4.73,4.66,3.55,3.8,none,0,student,1
10.26,0,4,5,3.01,2.24,3.67,2.81,4.38,3.77,none,1,student,1
12.25,1,7,1,4.45,4.87,2.68,2.17,1.27,3.36,worn_out,3,employee,0
7.0,4,3,0,4.94,3.87,2.05,1.55,1.69,2.23,worn_out,3,employee,0
11.43,1,3,1,5.0,4.14,1.82,1.41,2.2,2.46,worn_out,3,general,1
13.68,5,4,1,4.16,2.63,1.53,1.92,1.52,1.0,frenetic,3,student,1
8.32,2,2,4,1.79,1.43,4.84,5.0,4.73,4.03,none,0,employee,0
14.56,6,6,1,4.48,2.18,3.81,1.8,2.6,1.34,frenetic,3,employee,0
10.32,3,5,1,3.98,4.9,1.0,1.04,1.84,1.0,worn_out,3,student,1
10.23,1,5,0,3.2,2.66,2.26,2.31,3.06,4.27,none,1,employee,0
9.28,0,2,5,1.91,1.52,5.0,5.0,3.1,3.21,none,0,student,1
8.16,0,2,5,1.09,1.0,3.95,4.08,3.29,4.48,none,0,general,0
13.02,2,7,0,4.34,2.99,2.01,1.89,1.9,1.21,frenetic,2,employee,1
11.45,2,6,0,3.42,4.17,1.98,1.0,1.99,2.61,worn_out,3,employee,0
9.4,2,4,1,2.09,2.25,3.56,2.99,2.25,3.39,none,1,student,0
8.56,2,1,1,3.01,4.15,2.32,2.67,2.18,2.83,under_challenged,2,student,1
8.91,0,2,4,1.03,1.83,4.73,3.44,4.13,2.31,none,0,employee,1
11.26,1,5,5,2.98,2.91,2.61,3.02,2.02,1.83,none,1,employee,1
12.21,1,4,2,4.88,4.65,1.93,1.19,1.85,2.88,worn_out,2,employee,1
8.22,2,2,5,4.0,4.65,1.94,1.09,2.08,3.29,under_challenged,1,student,1
10.82,3,5,2,3.04,3.32,2.72,2.06,2.12,3.49,none,1,employee,1
11.05,3,7,2,3.82,4.83,2.15,1.47,1.7,2.15,worn_out,3,employee,0
12.89,4,4,0,4.11,4.09,1.77,1.71,1.67,2.7,worn_out,3,student,1
9.37,1,4,1,2.47,2.78,3.9,2.1,2.25,2.27,none,1,employee,0
9.32,1,5,6,1.56,1.38,4.81,3.58,2.8,4.42,none,0,employee,1
10.62,2,6,1,2.14,3.45,3.1,3.46,3.35,2.24,none,1,general,0
10.81,1,4,1,3.67,2.07,3.18,3.01,3.06,2.51,none,1,student,1
9.45,1,3,1,2.17,2.29,3.83,3.49,3.71,2.34,none,1,student,0
11.31,1,5,0,4.31,4.66,1.16,1.23,1.61,3.1,worn_out,3,employee,0
8.2,0,3,2,2.52,4.48,2.15,1.87,2.17,3.93,under_challenged,2,employee,0
8.86,1,5,1,2.2,2.4,3.71,3.47,3.32,4.11,none,1,employee,1
11.87,3,6,5,2.92,2.77,3.1,2.2,3.01,1.87,none,1,employee,1
7.76,4,5,1,2.84,2.32,3.86,3.28,3.61,4.33,none,1,employee,0
10.6,4,3,1,4.63,4.13,1.0,1.54,2.13,2.83,worn_out,2,student,0
12.08,4,6,0,4.69,2.74,2.18,1.26,3.34,1.7,frenetic,3,student,0
7.34,1,3,4,1.59,1.86,4.38,4.6,4.5,4.54,none,0,general,0
11.05,1,7,1,4.57,4.92,1.78,1.12,1.53,2.02,worn_out,3,employee,1
9.71,0,4,2,2.89,1.58,3.62,2.53,2.02,2.83,none,1,student,0
11.18,2,6,2,2.06,2.67,3.51,2.39,2.92,2.61,none,1,employee,1
9.97,0,2,3,1.1,1.73,5.0,3.93,3.2,4.25,none,0,student,1
9.15,1,5,5,1.87,1.48,4.54,4.77,4.19,3.31,none,0,employee,1
7.37,0,2,7,1.27,1.49,3.85,4.53,4.27,4.05,none,0,student,0
8.27,0,3,6,1.95,1.95,4.48,3.79,3.21,3.21,none,0,general,0
10.1,0,2,3,1.77,1.0,4.54,4.26,3.21,3.08,none,0,employee,1
8.7,0,3,2,2.69,1.0,3.45,5.0,3.09,4.34,none,0,student,1
11.99,1,6,3,2.81,2.22,3.67,3.36,4.24,4.41,none,1,general,1
8.95,0,7,0,3.11,2.32,2.47,3.66,3.63,2.97,none,1,general,0
8.75,0,3,1,2.28,1.85,3.87,3.06,3.7,3.09,none,1,student,1
11.24,2,4,1,4.02,4.77,1.46,1.78,2.07,2.07,worn_out,2,employee,0
10.18,1,4,2,2.9,2.01,2.76,2.69,4.29,1.63,none,1,student,1
7.81,0,2,5,1.57,1.42,4.18,3.76,4.41,4.57,none,0,general,0
9.19,3,7,0,1.6,2.27,3.51,2.78,3.0,3.26,none,1,general,0
11.67,2,7,0,3.98,3.93,1.95,1.71,1.9,3.21,worn_out,3,employee,0
13.9,5,10,0,5.0,3.8,2.42,1.19,2.34,1.25,frenetic,3,employee,1
10.29,1,3,3,2.26,2.74,3.75,3.83,3.34,3.03,none,1,student,1
13.76,2,4,1,3.8,4.46,2.22,1.61,1.98,1.09,worn_out,2,student,1
10.3,2,6,4,2.43,2.97,2.82,2.97,2.48,4.01,none,1,general,1
10.41,0,1,3,2.17,1.4,4.84,5.0,4.2,2.8,none,0,student,1
11.37,0,5,1,3.7,1.89,3.19,1.7,3.5,3.02,none,1,employee,1
12.78,7,7,0,4.77,3.44,3.34,2.86,2.41,1.89,frenetic,3,general,1
10.92,0,3,2,2.61,3.9,2.39,1.0,2.44,3.22,under_challenged,1,employee,1
11.96,3,8,1,4.54,2.49,3.26,1.9,4.0,1.36,frenetic,3,general,1
7.32,1,4,3,2.39,1.84,4.3,4.27,4.38,3.79,none,0,general,0
7.56,0,2,4,2.1,3.75,2.45,1.45,1.94,3.41,under_challenged,2,employee,0
9.62,0,3,5,2.02,3.49,2.73,1.81,3.35,2.56,under_challenged,1,employee,1
9.51,0,1,5,1.0,1.61,3.79,4.19,3.17,3.62,none,0,student,1
8.59,1,3,6,1.69,1.85,4.59,4.79,3.45,3.61,none,0,general,1
13.47,4,9,0,4.12,3.48,3.36,2.03,2.7,1.42,frenetic,3,general,0
8.21,2,7,5,4.0,3.73,2.68,3.01,2.52,2.84,none,1,employee,1
10.71,5,8,0,4.48,3.25,2.64,2.17,2.59,1.66,frenetic,2,employee,1
7.56,0,2,8,1.87,1.36,4.22,4.03,4.39,4.13,none,0,student,0
7.08,0,3,6,1.44,1.34,4.03,3.98,3.29,4.76,none,0,employee,1
9.85,0,0,8,3.44,4.28,2.35,2.11,1.0,1.71,under_challenged,2,student,1
9.38,0,3,6,1.96,1.5,3.65,4.87,5.0,3.93,none,0,employee,1
9.24,3,5,1,5.0,4.27,2.17,1.18,1.31,1.79,worn_out,3,employee,0
12.51,5,4,1,4.39,4.65,2.3,1.41,1.49,1.15,worn_out,3,student,0
8.03,1,2,3,2.79,3.33,2.06,1.75,2.63,2.73,under_challenged,2,employee,1
7.23,0,3,0,3.05,3.53,1.79,2.17,1.43,3.98,under_challenged,2,employee,0
8.65,0,4,7,2.46,1.4,4.91,5.0,3.57,4.45,none,0,employee,0
9.03,2,4,1,3.08,2.2,3.13,2.78,3.92,2.62,none,1,employee,0
9.92,0,1,3,2.15,3.96,2.65,1.74,2.05,3.47,under_challenged,2,student,1
11.02,2,7,1,4.39,4.72,2.12,1.43,1.44,1.24,worn_out,3,employee,1
11.01,3,3,0,4.66,4.46,2.21,1.62,2.16,2.31,worn_out,3,student,0
9.36,0,2,2,1.87,1.0,4.22,4.27,4.32,3.98,none,0,student,1
6.96,0,3,5,2.04,1.0,3.8,3.02,4.18,4.2,none,0,employee,0
9.34,0,2,6,1.86,1.31,4.77,3.68,5.0,4.31,none,0,employee,1
10.01,1,4,0,4.95,4.4,1.71,1.15,1.34,2.6,worn_out,3,student,1
7.09,0,2,8,2.14,1.5,4.0,4.2,5.0,3.55,none,0,general,0
13.24,5,5,1,4.8,3.69,2.42,2.24,1.75,1.0,frenetic,3,student,1
7.53,1,1,4,1.76,1.22,5.0,3.49,3.79,3.74,none,0,employee,0
11.36,3,6,1,3.69,4.24,2.37,1.74,2.43,1.39,worn_out,3,employee,0
8.27,1,3,10,2.28,1.0,4.52,4.78,5.0,3.74,none,0,employee,1
13.9,1,6,0,4.22,3.95,1.77,1.92,1.36,1.7,worn_out,3,general,1
7.71,1,2,5,2.19,3.96,2.64,1.0,1.73,4.12,under_challenged,2,employee,0
10.62,5,7,0,3.88,3.21,2.31,1.31,2.23,1.0,frenetic,2,general,1
13.74,2,4,2,4.05,4.39,1.89,1.76,2.19,1.82,worn_out,3,employee,1
11.8,6,5,0,4.16,3.82,1.08,3.29,1.94,1.0,frenetic,3,employee,1
9.13,0,2,5,2.34,1.81,3.68,4.8,3.94,3.66,none,0,general,1
5.83,0,4,2,2.63,1.12,4.55,4.85,3.95,4.39,none,0,employee,0
8.48,0,3,3,3.66,4.17,1.68,2.29,1.0,3.76,under_challenged,2,employee,0
10.0,0,6,2,3.36,3.5,1.89,3.15,2.29,1.48,none,1,general,0
9.25,2,5,5,1.92,2.64,2.86,2.58,2.53,2.59,none,1,general,0
8.86,0,2,8,1.63,1.39,4.48,4.62,3.7,2.79,none,0,student,1
6.96,1,1,6,1.27,1.33,4.26,3.58,3.91,4.81,none,0,student,0
11.12,2,1,1,2.24,4.31,1.83,1.31,2.6,2.71,under_challenged,2,student,1
11.32,2,4,5,3.68,2.76,3.67,2.69,3.3,3.76,none,1,employee,1
9.73,0,3,4,2.18,3.34,1.98,1.62,1.81,2.82,under_challenged,2,employee,0
7.3,4,2,2,2.95,2.81,3.24,2.77,3.23,2.28,none,1,student,1
9.74,0,1,4,1.71,2.91,3.8,5.0,3.59,3.58,none,0,student,1
10.98,7,5,0,4.64,2.61,2.09,2.06,2.52,1.47,frenetic,3,employee,0
9.09,0,1,5,2.03,1.19,4.68,4.74,4.12,4.42,none,0,student,1
11.18,1,6,1,3.71,4.49,1.89,2.22,1.4,1.0,worn_out,3,employee,1
7.71,0,2,2,2.09,3.91,1.76,1.66,2.98,3.63,under_challenged,2,employee,0
7.22,2,3,0,3.43,3.94,3.04,1.0,1.92,3.77,under_challenged,2,general,0
13.64,5,9,1,4.1,4.33,2.26,2.37,3.64,1.0,frenetic,3,general,1
13.41,5,7,0,4.14,1.86,2.71,2.42,1.6,1.0,frenetic,2,employee,1
9.08,1,1,3,3.15,4.31,2.56,1.13,1.72,2.66,under_challenged,2,general,1
14.65,2,10,1,3.87,4.16,1.11,2.86,1.0,1.86,frenetic,3,employee,0
11.02,2,7,1,3.72,3.84,1.2,1.11,1.0,1.46,worn_out,2,employee,0
10.23,0,6,4,2.5,3.17,4.3,2.47,3.33,2.33,none,1,employee,0
8.95,0,2,7,1.3,1.15,4.49,4.95,4.28,4.5,none,0,employee,1
9.17,2,2,2,2.97,4.5,1.74,1.95,1.04,4.2,under_challenged,1,general,0
8.88,4,3,2,3.18,3.03,3.32,3.1,2.12,1.89,none,1,employee,1
12.49,5,11,0,4.73,2.36,2.35,1.7,3.32,1.04,frenetic,3,employee,0
12.7,0,3,3,2.2,2.54,2.69,2.95,2.94,1.92,none,1,student,1
9.54,0,2,3,1.79,2.09,3.8,3.88,3.9,4.35,none,0,employee,1
11.48,1,4,2,4.0,4.6,1.62,1.74,1.55,1.48,worn_out,3,student,1
8.81,4,4,5,3.65,2.69,3.82,3.79,3.08,2.45,none,1,employee,0
8.61,1,2,1,3.69,4.29,1.96,1.0,2.33,1.01,worn_out,3,student,0
14.39,5,6,1,4.23,4.15,1.74,2.83,3.04,1.23,frenetic,3,employee,1
7.66,1,2,3,1.94,4.3,2.39,1.87,2.77,3.69,under_challenged,2,student,1
8.08,3,5,2,3.41,5.0,2.24,1.17,1.0,1.68,worn_out,2,employee,1
14.58,6,8,1,4.4,2.44,1.55,2.05,2.24,1.0,frenetic,2,employee,0
6.93,0,3,6,1.58,1.89,4.01,4.03,3.6,3.86,none,0,general,0
10.16,3,4,2,3.34,1.53,3.43,2.26,2.73,3.34,none,1,employee,0
8.87,1,2,4,2.89,3.96,2.01,1.2,2.14,3.19,under_challenged,2,employee,0
8.32,0,5,4,2.23,1.46,3.78,4.47,3.72,3.05,none,0,general,1
13.56,2,10,0,4.15,2.73,2.89,1.72,1.76,2.01,frenetic,3,employee,1
8.78,2,5,3,2.77,3.26,3.38,4.28,2.51,2.54,none,1,employee,1
8.94,0,1,8,1.21,4.43,1.97,1.68,3.47,2.65,under_challenged,1,general,1
9.63,4,4,0,2.14,1.98,3.05,2.65,2.96,2.64,none,1,employee,0
10.49,2,1,5,2.11,3.97,1.34,2.0,2.11,2.36,under_challenged,2,employee,1
7.1,0,3,8,1.69,1.22,3.35,4.41,4.52,3.96,none,0,employee,0
13.37,6,5,0,5.0,2.96,2.63,1.83,2.39,1.52,frenetic,3,student,1
10.65,3,4,2,2.53,1.77,4.35,3.39,3.55,2.84,none,1,employee,0
12.22,3,5,0,3.85,4.75,1.77,1.99,1.61,1.52,worn_out,3,student,1
11.36,0,2,3,4.0,3.83,2.79,1.57,1.0,2.76,under_challenged,1,employee,1
10.08,1,5,5,2.4,2.78,4.12,3.44,2.17,2.37,none,1,general,0
10.68,0,1,3,1.66,1.23,3.98,4.71,3.84,3.77,none,0,employee,1
12.66,2,10,0,4.5,3.02,2.56,1.47,2.29,1.0,frenetic,2,employee,0
13.35,5,5,1,4.42,3.37,2.48,2.45,3.91,1.66,frenetic,3,student,1
12.63,7,5,1,4.07,3.06,2.29,2.36,3.02,2.24,frenetic,2,student,1
8.37,1,4,5,3.27,1.31,3.81,4.02,3.6,4.52,none,0,employee,0
9.4,2,2,2,1.9,2.54,3.72,3.5,3.84,1.0,none,1,student,1
10.26,1,7,2,1.91,3.0,2.39,4.87,3.99,2.71,none,1,employee,1
9.53,4,3,1,4.37,4.73,1.73,1.51,1.3,1.32,worn_out,3,student,0
7.88,0,3,5,1.47,1.88,4.34,4.12,4.72,3.4,none,0,student,0
10.51,1,3,2,4.37,4.33,1.37,1.0,1.73,1.53,worn_out,3,student,1
9.79,0,3,1,2.37,1.56,3.35,2.69,3.49,2.21,none,1,student,0
10.08,3,4,0,4.22,2.55,2.04,1.29,2.33,1.11,frenetic,3,student,0
10.24,3,2,3,3.81,4.09,1.69,1.0,1.76,1.73,worn_out,3,general,1
9.39,4,3,3,2.36,2.73,2.86,2.84,2.24,4.35,none,1,student,1
10.37,4,6,0,4.4,4.87,2.28,1.09,1.79,2.17,worn_out,3,employee,0
9.0,0,4,1,2.44,2.16,3.72,3.89,4.7,4.05,none,0,employee,0
9.14,3,3,2,2.12,1.0,3.43,4.04,2.62,1.63,none,1,general,1
9.84,5,6,1,4.73,4.67,2.02,1.65,1.37,2.0,worn_out,3,employee,0
10.84,0,2,4,2.77,4.04,2.85,1.0,2.24,4.1,under_challenged,1,student,1
9.0,0,3,1,1.26,1.23,4.47,4.58,2.76,4.72,none,0,employee,0
8.52,0,5,4,1.89,3.09,3.06,3.24,3.17,2.19,none,1,employee,0
9.68,0,3,3,2.97,3.28,3.14,1.57,2.59,3.71,under_challenged,1,employee,0
9.76,0,2,7,1.16,1.36,5.0,4.28,3.78,2.48,none,0,student,1
6.39,0,3,3,1.7,1.64,3.17,4.12,4.64,4.42,none,0,general,0
8.07,1,1,2,2.46,3.8,3.03,1.58,1.69,2.34,under_challenged,2,employee,0
8.89,1,3,0,2.32,2.57,3.76,2.52,1.48,2.11,none,1,student,0
10.55,0,6,2,4.08,4.41,1.62,1.78,2.13,1.69,worn_out,3,employee,1
10.73,4,7,2,2.91,2.52,3.04,2.8,2.93,4.0,none,1,general,1
8.42,0,3,4,1.78,1.67,4.08,4.21,3.88,4.37,none,0,employee,0
12.65,4,4,2,1.59,3.36,3.18,2.02,2.12,3.23,none,1,employee,1
9.47,2,5,4,3.11,2.21,2.93,3.39,3.78,2.69,none,1,general,0
9.5,0,3,7,2.02,1.2,3.34,4.18,3.79,3.31,none,0,general,1
11.22,4,9,0,4.24,4.95,1.8,1.72,1.73,1.45,worn_out,3,employee,1
10.9,5,2,1,4.38,4.05,2.3,1.62,1.0,1.0,worn_out,2,general,1
7.68,0,2,4,2.26,4.61,1.76,1.54,2.17,4.22,under_challenged,1,employee,0
10.05,1,3,2,4.0,3.77,2.17,1.66,2.96,3.8,under_challenged,2,employee,1
9.0,1,3,5,2.39,1.6,4.16,4.31,3.98,4.0,none,0,employee,0
9.6,2,3,2,2.23,3.5,2.83,2.79,2.89,2.76,none,1,student,1
15.31,2,9,0,5.0,2.73,2.76,2.17,2.1,1.77,frenetic,3,employee,1
8.39,0,2,4,3.14,3.69,2.35,1.5,1.15,3.26,under_challenged,2,employee,0
13.54,4,9,1,3.83,4.08,1.28,1.06,1.0,1.43,worn_out,2,employee,1
12.96,7,9,1,4.49,2.29,3.76,1.3,2.91,1.82,frenetic,3,employee,0
8.26,3,5,1,4.45,4.82,3.0,1.47,1.06,2.69,worn_out,3,employee,0
10.83,3,8,3,4.05,4.68,2.07,1.5,1.6,1.77,worn_out,3,employee,0
12.29,5,4,3,4.51,4.43,1.78,1.0,2.13,3.19,worn_out,3,employee,0
12.13,7,7,1,4.43,2.85,2.77,2.58,3.54,2.31,frenetic,3,employee,0
9.96,1,3,1,4.79,4.64,1.86,1.74,1.0,1.14,worn_out,3,student,0
9.88,2,2,4,3.29,3.35,2.45,3.85,2.96,2.88,none,1,student,1
11.99,3,3,1,4.04,4.27,1.8,1.15,1.73,1.11,worn_out,3,employee,1
10.19,1,5,2,2.61,2.63,3.16,1.74,2.87,2.71,none,1,employee,0
8.93,3,6,0,2.72,2.11,3.07,3.45,2.37,3.18,none,1,employee,1
12.89,4,4,0,4.52,2.21,2.32,1.74,2.46,1.01,frenetic,3,student,1
8.76,0,2,4,2.54,4.31,2.02,1.69,3.41,3.42,under_challenged,2,employee,1
9.65,1,4,5,1.79,2.23,4.08,3.1,3.38,1.48,none,1,employee,1
11.63,3,4,3,2.04,2.2,3.26,3.8,2.69,3.09,none,1,employee,1
7.49,0,2,5,2.33,4.92,1.92,1.78,2.84,4.4,under_challenged,1,employee,0
9.2,0,1,6,3.53,4.46,1.41,1.88,1.0,3.44,under_challenged,2,student,1
7.49,0,2,6,1.79,1.0,4.38,5.0,4.4,4.34,none,0,employee,0
12.43,3,6,0,4.24,3.76,2.46,1.0,2.1,2.21,worn_out,3,employee,1
9.06,0,3,7,1.61,2.12,4.06,4.39,5.0,3.31,none,0,employee,1
12.04,6,6,1,4.42,3.69,3.43,2.86,1.13,1.52,frenetic,2,employee,0
10.28,1,3,5,2.01,3.95,2.51,1.82,2.82,3.84,under_challenged,2,employee,1
9.27,0,4,6,1.9,1.47,4.78,3.59,3.5,4.05,none,0,employee,1
10.02,0,3,7,1.63,1.09,4.0,3.67,5.0,4.17,none,0,employee,1
7.9,0,1,11,2.1,2.1,4.38,5.0,4.41,3.78,none,0,student,0
11.88,5,6,1,3.75,4.27,2.1,1.37,1.48,1.06,worn_out,3,employee,1
10.96,2,4,1,2.42,3.5,2.78,3.52,4.28,2.33,none,1,student,1
10.95,2,3,2,4.07,4.96,2.04,1.63,1.37,3.16,worn_out,3,student,0
9.79,1,3,3,2.76,4.51,2.09,1.0,1.21,4.35,under_challenged,1,general,1
10.41,1,2,6,2.13,1.95,4.4,4.09,3.24,3.01,none,0,general,1
14.9,2,9,0,4.23,3.86,2.74,2.32,2.61,1.45,frenetic,3,employee,1
14.5,2,6,0,4.68,2.75,2.9,2.06,2.27,1.54,frenetic,2,student,0
10.51,1,1,6,3.18,4.7,2.49,2.41,2.2,2.59,under_challenged,1,student,1
10.61,2,8,0,4.72,3.59,3.87,2.0,2.77,1.0,frenetic,3,employee,0
12.83,2,10,1,4.66,3.17,3.15,1.75,1.97,2.58,frenetic,2,general,0
11.29,1,4,1,5.0,4.65,1.0,1.36,1.0,1.35,worn_out,3,student,0
9.13,0,3,5,2.52,4.51,3.46,2.06,2.83,1.94,under_challenged,1,employee,1
8.86,0,2,4,2.47,4.62,1.88,2.22,1.15,2.6,under_challenged,2,general,1
13.16,4,8,0,4.23,4.51,1.77,1.99,1.23,1.0,worn_out,3,employee,1
9.0,0,2,5,2.07,1.9,4.34,5.0,4.21,4.06,none,0,student,0
8.17,5,3,0,4.56,5.0,2.19,1.0,1.03,1.0,worn_out,3,student,1
10.79,0,3,2,1.81,4.3,1.81,1.39,3.81,2.32,under_challenged,1,employee,1
6.13,0,3,5,2.94,4.82,2.79,1.67,1.25,4.31,under_challenged,1,general,0
9.09,0,2,4,1.61,1.53,4.31,4.01,3.09,3.84,none,0,student,1
7.6,2,3,9,2.19,2.06,4.94,4.56,4.31,3.77,none,0,employee,0
7.91,0,2,7,1.1,1.1,4.2,4.24,3.64,3.58,none,0,general,1
6.6,2,2,2,2.47,4.72,2.33,1.0,2.11,3.18,under_challenged,2,employee,0
12.39,3,7,0,4.25,2.89,1.57,2.26,2.19,1.14,frenetic,3,employee,0
13.94,3,4,2,4.44,4.37,1.86,1.41,1.15,1.45,worn_out,3,student,1
7.91,0,1,3,1.0,1.58,4.14,4.34,4.84,4.14,none,0,general,1
15.57,6,5,1,4.69,3.41,2.97,2.27,1.0,1.0,frenetic,3,student,1
6.46,0,1,3,1.58,4.2,1.97,1.62,2.54,3.0,under_challenged,1,student,0
14.49,2,7,2,4.15,2.78,2.62,2.08,2.28,1.0,frenetic,3,employee,1
10.01,3,3,1,4.61,4.62,1.0,1.04,1.59,1.86,worn_out,3,student,0
7.66,2,2,3,1.71,1.97,3.92,4.84,3.94,3.81,none,0,employee,0
13.05,3,8,1,4.53,4.94,1.72,1.0,2.01,1.0,worn_out,3,employee,0
8.66,3,7,4,2.92,2.85,4.27,2.93,2.74,4.33,none,1,general,0
8.91,3,3,3,2.89,2.78,3.91,1.89,2.81,3.15,none,1,student,0
7.31,0,3,8,1.55,4.13,2.82,1.45,1.9,2.98,under_challenged,2,employee,0
7.49,0,2,6,1.72,1.12,3.62,4.26,4.1,3.41,none,0,student,0
7.38,1,2,11,1.55,1.96,3.82,4.73,4.51,3.14,none,0,general,1
8.61,3,7,2,4.73,4.86,1.34,1.24,1.0,2.51,worn_out,3,employee,0
6.2,0,3,3,2.52,4.4,3.5,1.21,1.92,3.47,under_challenged,1,general,0
7.82,0,3,5,1.47,1.42,4.21,4.31,4.53,3.83,none,0,general,0
8.66,1,4,2,2.84,1.0,3.62,3.76,2.86,2.37,none,1,general,0
10.39,0,3,4,3.7,2.43,3.71,4.21,3.13,2.25,none,1,student,1
10.72,3,3,1,4.53,4.8,1.54,1.28,1.15,2.26,worn_out,2,student,1
12.01,1,6,2,2.21,3.13,3.34,1.85,3.87,3.19,none,1,employee,1
9.57,5,3,1,4.71,3.72,1.94,1.0,1.36,1.71,worn_out,3,student,1
10.05,7,9,1,4.36,3.09,2.49,2.3,3.09,1.0,frenetic,3,general,0
11.99,4,6,1,3.91,4.1,2.03,1.84,1.34,2.7,worn_out,2,employee,1
11.52,3,5,3,3.78,3.4,2.27,3.07,2.18,2.79,none,1,employee,1
8.52,0,5,9,1.78,1.43,3.71,4.32,4.22,3.79,none,0,employee,1
13.81,4,2,0,4.16,4.77,2.14,2.46,1.0,2.22,worn_out,3,student,1
6.79,0,3,3,1.95,2.27,4.17,3.51,4.29,4.34,none,0,employee,0
9.3,0,2,7,1.16,1.0,3.1,4.49,4.85,2.74,none,0,employee,1
10.13,3,4,0,4.34,4.3,2.52,1.67,1.5,1.87,worn_out,2,student,0
10.37,0,0,5,2.58,3.7,3.3,1.79,2.63,2.95,under_challenged,1,general,1
10.52,2,5,1,2.29,2.78,3.32,3.21,3.11,2.84,none,1,employee,1
8.75,0,4,5,3.81,4.68,3.21,1.54,3.12,3.92,under_challenged,2,employee,0
6.37,0,4,6,2.11,2.03,4.88,4.25,3.86,4.48,none,0,employee,0
13.65,3,8,1,4.43,2.0,2.25,2.76,1.65,1.22,frenetic,2,employee,1
9.15,0,2,2,2.06,4.55,2.02,1.63,1.76,3.23,under_challenged,1,student,0
9.97,1,4,4,1.5,2.76,2.89,2.28,2.66,2.51,none,1,student,1
10.77,2,7,1,2.93,1.71,3.93,2.37,2.14,3.73,none,1,general,1
10.26,0,6,1,3.89,1.98,3.32,2.26,3.6,2.47,none,1,employee,1
11.51,6,6,0,4.14,2.97,3.1,2.74,2.48,1.0,frenetic,3,employee,1
10.85,3,7,0,3.59,3.86,1.03,1.75,1.72,2.3,worn_out,3,general,1
9.05,1,5,3,2.44,2.91,3.55,2.91,3.2,1.59,none,1,employee,1
9.46,1,4,1,4.11,4.74,1.58,1.35,1.0,1.02,worn_out,2,student,0
13.91,3,6,1,4.83,2.14,2.39,1.85,3.44,1.0,frenetic,3,student,1
9.69,4,4,2,2.66,2.23,2.15,3.17,1.7,2.62,none,1,general,0
10.39,0,2,4,3.72,4.82,1.96,1.48,3.09,3.68,under_challenged,2,general,1
8.44,0,2,4,2.42,4.34,2.94,1.72,1.87,2.68,under_challenged,2,student,1
7.12,0,3,5,1.46,1.5,3.75,4.29,4.01,3.37,none,0,employee,1
10.32,1,4,1,3.14,3.78,2.18,3.55,2.85,3.07,none,1,employee,0
8.86,0,2,4,3.52,4.29,2.75,1.84,1.65,4.63,under_challenged,2,student,1
9.73,0,1,6,1.94,3.81,2.67,2.27,1.64,3.84,under_challenged,1,employee,1
11.65,3,3,1,4.64,4.52,2.13,1.49,1.0,2.57,worn_out,3,student,0
8.08,0,1,5,2.52,4.58,2.24,2.0,1.09,2.73,under_challenged,2,employee,1
7.82,1,2,9,1.88,1.79,5.0,5.0,4.3,4.26,none,0,employee,0
9.14,2,7,4,2.23,1.27,2.57,3.29,3.16,2.48,none,1,employee,1
8.75,1,2,0,2.99,3.23,2.36,1.55,1.46,4.02,under_challenged,1,general,1
11.42,2,2,3,1.75,3.64,1.96,1.47,1.89,3.26,under_challenged,2,employee,1
10.16,1,3,4,3.15,2.54,2.85,2.25,4.73,2.84,none,1,student,1
8.55,3,4,4,3.15,1.44,3.66,2.39,3.23,2.52,none,1,general,0
10.51,1,3,2,2.12,1.99,2.93,2.54,4.2,3.45,none,1,student,1
8.36,1,2,6,1.76,1.25,4.54,4.35,5.0,3.84,none,0,general,1
9.28,1,6,3,3.63,2.14,2.61,2.42,3.31,4.94,none,1,general,0
11.28,0,3,1,4.0,3.34,3.61,1.94,2.69,2.18,none,1,student,1
9.44,1,4,3,3.91,2.45,3.74,3.28,4.25,2.8,none,1,student,1
10.73,0,2,0,1.8,4.7,1.18,2.16,2.74,3.01,under_challenged,1,general,1
10.3,0,1,9,2.2,1.7,4.23,4.25,3.71,3.1,none,0,student,1
8.0,0,4,5,2.22,1.79,4.71,4.96,3.77,3.91,none,0,general,0
7.32,0,3,3,2.53,1.0,3.53,4.54,5.0,3.78,none,0,employee,0
15.02,7,6,1,4.4,3.2,1.0,2.14,2.26,1.0,frenetic,3,employee,1
8.66,0,2,5,1.33,1.92,4.51,4.34,4.2,4.72,none,0,employee,1
13.18,2,7,2,4.52,3.11,2.32,2.25,2.51,1.58,frenetic,2,employee,1
11.86,6,5,0,4.87,2.59,2.49,2.8,3.61,1.72,frenetic,3,employee,0
13.66,5,8,0,4.9,2.05,3.43,2.21,3.58,1.82,frenetic,3,employee,0
14.91,2,9,1,4.16,1.5,1.88,2.66,4.0,1.22,frenetic,3,employee,1
12.24,4,6,0,4.37,2.63,3.19,2.56,2.89,1.0,frenetic,3,employee,1
10.58,3,6,2,4.35,4.13,1.2,1.53,2.42,1.04,worn_out,2,employee,1
9.47,0,3,4,1.0,1.63,5.0,4.63,3.59,4.26,none,0,general,1
7.99,0,1,8,1.69,4.79,2.48,1.67,2.19,2.75,under_challenged,2,student,0
11.4,4,10,0,4.56,3.58,2.16,2.53,2.53,1.78,frenetic,3,employee,0
8.55,0,3,2,2.36,3.69,2.17,1.93,3.11,2.75,under_challenged,2,employee,0
11.18,2,2,2,2.28,3.43,2.95,3.55,4.59,2.97,none,1,student,1
8.37,2,2,7,1.04,1.74,5.0,3.98,4.66,3.08,none,0,student,1
10.05,1,1,5,3.15,4.43,1.36,1.29,3.0,4.13,under_challenged,1,employee,1
10.96,0,1,6,1.47,1.81,4.98,4.53,3.65,3.61,none,0,general,1
12.1,2,5,0,4.51,2.87,1.9,1.72,2.68,1.66,frenetic,3,student,1
6.99,0,2,4,2.45,4.04,2.48,1.0,1.43,3.52,under_challenged,2,general,0
9.09,0,2,5,2.37,4.68,2.55,2.43,3.82,3.09,under_challenged,2,employee,1
8.79,0,2,4,2.76,1.17,4.62,3.72,3.96,3.15,none,0,student,1
9.97,2,3,2,3.23,3.82,1.86,2.67,1.07,3.78,under_challenged,1,student,0
11.72,2,2,2,2.83,1.38,3.06,3.66,3.48,3.54,none,1,student,1
11.22,1,3,2,2.84,2.34,3.72,2.76,2.68,2.51,none,1,student,1
14.8,2,5,1,4.34,3.08,2.46,1.29,1.87,1.75,frenetic,2,student,0
9.22,3,5,3,2.65,3.08,2.2,3.77,2.07,2.86,none,1,general,1
10.67,2,4,3,2.84,1.57,3.14,3.76,3.09,3.36,none,1,employee,1
11.0,0,3,0,3.12,3.94,2.78,2.26,2.3,3.91,under_challenged,1,student,1
6.55,0,3,1,1.85,2.1,4.3,4.25,4.52,3.55,none,0,general,0
9.01,2,5,2,3.78,2.17,3.51,3.54,2.95,3.22,none,1,employee,0
13.13,3,9,0,3.6,3.65,2.73,2.56,3.27,1.0,frenetic,3,general,1
11.78,4,4,1,3.04,1.93,3.23,3.35,3.8,2.86,none,1,employee,1
13.38,5,4,0,4.54,2.2,2.48,2.61,1.45,1.47,frenetic,3,student,1
12.52,4,12,0,4.95,2.45,2.88,2.63,2.11,2.06,frenetic,3,employee,0
14.0,2,6,0,5.0,4.76,1.95,1.45,1.0,1.51,worn_out,2,employee,0
8.88,1,3,0,2.56,1.76,2.55,3.64,2.6,3.98,none,1,student,0
9.04,0,3,6,1.28,3.58,3.14,1.29,1.24,4.11,under_challenged,2,employee,1
10.63,0,3,3,2.44,4.19,1.68,1.0,2.29,3.77,under_challenged,2,employee,1
13.95,5,3,3,4.46,4.3,1.91,1.66,1.64,1.53,worn_out,3,employee,1
10.08,0,2,1,3.58,4.54,1.41,1.67,1.55,2.38,worn_out,3,student,0
7.8,0,4,5,2.42,4.42,1.15,2.13,2.27,3.61,under_challenged,1,employee,0
11.83,1,3,1,4.1,4.4,1.6,1.0,1.76,2.14,worn_out,3,employee,1
8.35,0,6,4,2.0,1.91,3.52,2.97,2.91,3.28,none,1,employee,0
10.85,3,5,1,4.44,4.8,1.82,2.25,1.5,1.0,worn_out,3,student,1
9.78,4,3,3,2.16,1.84,3.25,3.0,4.84,4.26,none,1,employee,0
7.99,0,3,6,2.75,1.01,4.96,4.72,4.49,4.25,none,0,employee,0
7.86,4,4,1,4.26,4.74,2.02,1.92,2.01,2.07,worn_out,3,student,1
9.91,0,1,6,1.65,1.9,3.65,4.59,4.6,3.72,none,0,employee,1
8.93,1,3,4,3.48,3.96,1.72,1.13,3.72,3.9,under_challenged,1,employee,0
7.43,0,1,1,3.52,4.2,3.14,1.9,1.45,5.0,under_challenged,1,student,0
10.05,2,3,1,3.21,3.15,2.77,1.86,2.94,3.9,none,1,student,0
13.91,6,8,0,4.91,1.71,1.0,2.65,1.8,1.18,frenetic,3,employee,1
6.87,0,4,6,1.08,2.02,4.97,4.99,3.7,4.56,none,0,general,0
7.02,0,1,4,2.65,3.65,2.17,2.4,2.13,3.22,under_challenged,2,employee,0
12.35,2,9,0,5.0,1.69,2.31,2.05,3.58,1.34,frenetic,3,employee,1
9.0,5,6,0,4.19,3.97,1.96,1.46,1.0,1.0,worn_out,3,general,1
7.64,0,1,6,2.14,1.12,5.0,4.29,3.06,4.47,none,0,student,0
11.18,2,10,0,4.66,1.68,2.94,1.75,3.36,2.39,frenetic,2,employee,0
8.79,0,2,6,1.62,1.11,4.1,4.78,5.0,3.84,none,0,student,1
9.39,2,6,5,3.09,1.97,2.97,3.97,2.58,1.71,none,1,general,1
11.35,1,2,1,4.12,4.61,1.0,1.44,1.6,2.09,worn_out,3,general,0
15.49,3,4,0,4.2,1.5,2.33,3.13,2.44,1.42,frenetic,3,student,1
8.25,0,3,1,1.43,1.04,3.52,4.79,4.59,4.47,none,0,general,1
7.72,0,3,5,1.68,2.28,4.65,4.3,4.79,3.42,none,0,employee,1
13.9,5,5,0,4.37,2.15,1.48,1.0,2.62,1.0,frenetic,3,student,1
9.37,1,5,1,1.73,1.57,3.46,3.8,1.65,2.98,none,1,employee,1
10.82,0,6,1,4.3,4.79,2.06,1.0,1.55,1.98,worn_out,3,employee,1
12.88,5,4,1,4.46,4.0,3.67,2.23,1.95,1.0,frenetic,3,student,0
9.59,2,1,4,2.04,1.94,4.29,3.74,4.44,4.58,none,0,student,1
8.95,0,2,3,2.28,1.0,3.31,4.93,4.27,3.65,none,0,general,1
13.22,3,8,0,4.42,3.95,2.44,1.63,2.89,2.33,frenetic,2,employee,0
11.7,2,4,2,2.73,2.47,4.13,3.36,3.7,3.02,none,1,employee,1
9.24,3,4,3,3.17,2.35,2.98,2.86,2.28,3.3,none,1,employee,0
8.77,1,2,5,1.97,1.77,4.0,4.58,4.46,2.49,none,0,employee,1
12.04,1,2,0,4.52,4.39,1.97,1.33,1.15,2.43,worn_out,3,employee,1
10.97,3,6,3,3.32,2.8,3.09,3.57,3.41,2.67,none,1,employee,1
7.43,0,2,0,2.53,3.53,1.49,1.48,2.33,2.53,under_challenged,2,student,0
10.67,0,3,3,2.64,1.95,4.56,4.07,4.56,3.68,none,0,general,1
9.09,1,1,0,3.67,4.29,1.93,2.57,1.99,2.05,under_challenged,2,employee,1
9.95,0,5,2,2.23,1.84,3.91,5.0,3.7,3.8,none,0,general,1
10.38,2,6,0,4.67,3.66,2.52,1.63,1.29,1.05,worn_out,3,employee,1
12.48,4,2,5,2.63,2.57,3.5,3.18,3.73,2.23,none,1,student,1
10.43,2,6,3,3.98,4.56,1.61,1.3,1.86,2.09,worn_out,3,employee,1
6.96,1,3,8,2.04,1.1,4.73,4.99,3.83,3.67,none,0,general,0
15.5,3,7,1,4.48,3.21,3.2,1.74,2.53,1.0,frenetic,3,employee,1
7.78,0,0,3,1.34,4.42,2.62,1.64,2.83,4.43,under_challenged,2,general,0
13.69,2,10,1,4.16,2.75,1.84,1.67,2.15,1.5,frenetic,3,employee,0
14.76,4,6,0,4.44,2.43,2.06,2.44,2.78,1.67,frenetic,2,student,1
11.02,0,4,4,3.5,2.22,3.86,3.0,2.78,1.35,none,1,student,1
7.89,0,4,7,1.64,1.5,5.0,3.76,3.88,3.68,none,0,employee,1
7.86,1,1,4,1.0,1.16,4.22,4.77,4.44,4.48,none,0,student,0
14.07,5,9,0,4.79,2.94,3.32,3.03,3.23,1.88,frenetic,3,general,1
10.04,1,5,2,5.0,5.0,1.88,1.77,1.0,2.52,worn_out,2,employee,0
8.51,0,4,2,3.09,3.78,1.91,3.35,2.53,3.14,none,1,student,0
14.07,5,8,1,3.68,2.58,1.86,2.31,1.22,1.7,frenetic,3,employee,1
12.2,2,5,1,3.71,4.62,1.49,1.55,1.24,2.73,worn_out,3,employee,1
10.65,4,8,1,4.68,3.48,4.0,2.52,3.51,1.55,frenetic,3,general,0
10.07,0,4,6,2.3,1.66,4.82,4.46,4.65,3.73,none,0,general,1
14.7,2,7,1,4.2,2.69,3.82,2.04,1.79,1.9,frenetic,3,employee,0
13.62,5,9,1,4.11,2.47,2.37,2.1,2.11,1.12,frenetic,3,employee,0
10.41,1,7,4,3.66,2.02,2.84,2.58,3.11,2.21,none,1,employee,0
7.51,0,3,1,1.41,3.54,2.23,1.21,2.36,3.64,under_challenged,2,general,0
9.67,4,6,4,3.12,2.89,3.26,2.91,2.47,1.76,none,1,employee,0
14.31,7,9,1,4.66,3.76,2.16,1.61,1.76,2.09,frenetic,3,employee,0
6.98,0,0,5,1.31,2.19,3.93,3.51,4.84,4.66,none,0,employee,0
7.96,1,2,6,1.44,2.13,4.74,5.0,3.45,3.33,none,0,employee,0
11.95,2,7,1,3.27,2.53,2.61,4.05,2.16,1.39,none,1,employee,1
11.97,1,6,2,3.19,2.7,2.31,2.94,2.91,1.19,none,1,employee,1
12.66,6,5,1,4.83,3.52,1.43,1.81,3.44,1.82,frenetic,2,student,0
9.48,1,6,1,4.05,5.0,1.46,1.39,1.74,2.01,worn_out,3,employee,0
10.39,2,4,3,2.31,3.53,3.57,3.25,2.4,3.5,none,1,employee,1
9.14,1,5,1,3.22,2.96,3.35,2.36,2.46,3.59,none,1,employee,0
8.47,0,2,7,1.79,1.44,4.07,5.0,3.68,3.16,none,0,student,0
8.87,0,2,5,2.51,2.02,4.61,4.26,4.43,4.39,none,0,employee,1
10.99,1,6,1,2.98,1.49,3.2,4.23,3.13,1.75,none,1,employee,1
8.6,0,4,3,2.78,4.07,2.37,1.9,1.59,1.35,under_challenged,2,employee,1
10.17,2,3,5,2.16,1.45,2.12,3.41,3.31,2.45,none,1,employee,0
11.37,2,4,1,3.8,4.48,1.82,1.0,1.71,2.57,worn_out,3,general,1
11.1,1,5,2,3.61,4.73,1.74,1.35,1.67,1.02,worn_out,3,employee,1
11.64,1,2,1,3.21,2.14,2.87,3.75,2.78,1.25,none,1,student,1
9.25,2,7,1,4.2,4.42,1.19,1.24,2.4,2.41,worn_out,2,employee,0
8.95,0,3,7,1.94,1.6,4.96,3.92,5.0,3.91,none,0,employee,1
11.48,4,5,2,3.31,4.62,1.28,1.11,1.5,1.94,worn_out,3,general,1
9.6,1,6,4,3.85,2.99,3.44,3.41,3.56,2.71,none,1,employee,0
9.09,1,3,3,1.0,1.35,3.92,3.87,4.14,4.14,none,0,employee,1
10.02,4,6,2,2.47,1.87,3.03,2.9,2.65,2.84,none,1,employee,1
8.97,1,3,3,2.26,3.59,3.29,2.09,1.4,3.71,under_challenged,2,employee,0
13.33,2,5,0,4.55,2.24,1.78,2.23,3.45,1.06,frenetic,2,student,0
16.0,5,9,1,4.08,2.27,1.44,2.05,2.76,1.18,frenetic,2,employee,1
9.12,0,3,7,3.2,2.42,3.93,4.7,4.06,3.93,none,0,employee,1
14.41,5,10,1,4.87,2.56,1.0,2.26,2.78,2.2,frenetic,3,employee,0
8.52,0,1,1,1.0,1.24,3.95,4.55,4.19,3.88,none,0,student,0
8.78,0,3,6,1.0,1.27,4.05,4.51,4.42,3.54,none,0,employee,1
8.03,0,2,5,2.72,1.63,4.44,4.01,3.8,3.83,none,0,general,1
7.68,2,3,8,2.02,3.91,2.83,1.1,2.1,2.79,under_challenged,2,employee,0
14.38,3,8,1,4.28,4.58,2.54,1.56,1.31,2.25,worn_out,3,employee,1
9.52,0,3,8,2.96,1.21,4.06,4.35,5.0,3.88,none,0,employee,1
11.96,0,2,0,3.9,4.41,1.12,1.65,1.47,1.0,worn_out,3,student,1
10.07,1,3,4,3.46,2.24,4.33,3.51,3.08,3.2,none,1,general,1
7.46,0,3,4,1.82,1.0,4.7,4.01,3.3,4.14,none,0,student,0
8.37,0,7,5,2.86,3.07,3.27,2.62,3.94,3.06,none,1,employee,1
7.77,2,2,1,3.15,4.39,3.35,1.71,1.8,3.78,under_challenged,1,general,0
8.01,0,4,1,3.79,4.52,2.45,1.25,2.75,2.88,under_challenged,2,employee,1
13.43,4,7,2,4.8,4.87,2.15,1.76,1.96,2.42,worn_out,3,general,1
7.2,0,1,0,2.6,3.81,2.71,1.63,1.0,2.62,under_challenged,2,employee,0
7.35,0,3,5,1.75,1.83,4.89,3.88,3.62,3.97,none,0,employee,1
7.29,0,2,8,2.48,1.62,3.33,4.4,3.75,5.0,none,0,employee,0
12.14,1,3,1,4.58,4.0,2.1,1.0,1.01,1.55,worn_out,3,student,1
8.32,1,0,0,2.87,3.78,2.02,1.52,1.31,3.7,under_challenged,2,student,0
9.45,0,1,6,1.61,1.67,4.52,3.86,2.88,4.75,none,0,student,1
9.53,2,5,3,3.4,2.41,3.37,2.61,4.22,2.89,none,1,general,0
7.75,1,4,0,2.98,4.43,1.0,1.53,2.91,1.6,under_challenged,1,employee,1
6.83,0,3,7,2.21,1.58,5.0,4.49,4.2,4.38,none,0,employee,0
9.05,0,3,4,1.55,1.0,5.0,4.53,4.01,4.22,none,0,employee,1
8.56,1,1,3,1.0,2.21,4.72,4.61,3.86,3.56,none,0,employee,1
7.58,0,2,1,3.12,4.23,3.07,1.43,2.68,2.97,under_challenged,2,employee,0
7.38,1,2,9,2.32,1.35,4.2,4.86,4.25,3.99,none,0,student,0
11.14,2,5,2,2.52,2.01,4.32,2.78,3.35,3.54,none,1,general,1
7.66,1,1,4,2.15,1.85,4.9,3.96,3.92,4.65,none,0,student,0
8.06,0,1,0,1.91,5.0,2.77,2.22,2.5,4.57,under_challenged,2,student,1
14.34,5,7,0,4.72,2.96,2.77,1.93,3.51,1.8,frenetic,2,employee,1
10.53,0,3,5,3.0,2.87,3.46,2.68,2.61,2.08,none,1,student,1
9.4,0,3,7,1.02,1.41,3.47,4.12,4.82,2.98,none,0,general,1
12.98,3,8,0,4.25,4.66,3.93,1.63,1.0,1.32,frenetic,3,employee,0
8.72,0,2,2,1.79,4.03,1.78,1.97,2.35,4.03,under_challenged,1,student,1
6.52,1,1,4,1.75,1.0,4.72,3.68,4.47,3.81,none,0,employee,0
12.76,6,10,0,4.77,3.4,2.18,3.06,3.33,1.31,frenetic,2,employee,1
11.85,2,8,1,3.88,2.29,1.75,2.41,3.07,1.22,frenetic,3,employee,1
12.12,5,5,1,4.02,2.58,2.56,3.24,3.28,1.52,frenetic,3,student,0
8.64,1,3,0,2.26,5.0,2.29,1.49,2.36,2.64,under_challenged,1,employee,1
9.85,1,2,0,2.59,3.34,2.62,1.0,3.19,1.64,under_challenged,1,student,1
6.93,0,3,5,1.61,1.87,4.26,4.57,3.2,4.04,none,0,employee,1
11.33,1,4,2,3.01,3.44,3.64,2.98,2.09,2.78,none,1,employee,1
8.84,3,7,1,3.64,5.0,1.51,1.0,1.48,2.46,worn_out,3,employee,0
11.96,4,5,1,4.58,3.31,2.24,2.84,1.56,1.0,frenetic,2,general,1
9.64,2,8,1,3.91,2.34,3.71,3.97,2.65,2.05,none,1,general,0
9.19,0,2,4,3.79,4.11,1.76,1.84,1.85,2.91,under_challenged,2,general,0
10.31,0,1,7,1.79,4.24,2.85,1.05,2.01,2.85,under_challenged,1,student,1
11.81,4,7,0,4.24,3.57,2.38,2.38,2.83,1.41,frenetic,3,employee,0
8.73,0,5,3,2.01,1.74,3.75,3.02,2.89,3.16,none,1,general,0
13.49,6,9,1,5.0,2.03,2.74,2.69,2.75,1.55,frenetic,3,employee,1
10.62,3,5,4,2.8,2.27,3.23,2.84,3.26,1.0,none,1,general,1
11.23,7,8,0,4.52,1.83,2.63,2.09,1.69,1.36,frenetic,2,employee,0
12.37,1,4,0,4.18,4.55,2.31,1.25,1.5,3.24,worn_out,3,general,0
9.43,1,1,1,5.0,4.49,2.24,1.28,1.95,2.12,worn_out,3,student,0
7.79,1,1,5,1.78,1.54,4.11,4.0,3.43,4.0,none,0,employee,0
9.68,2,6,2,1.83,1.9,3.25,3.27,3.61,2.35,none,1,employee,0
10.19,2,2,3,2.74,2.32,3.49,2.83,1.34,3.3,none,1,student,1
11.99,3,5,1,5.0,3.34,2.53,3.07,1.91,1.0,frenetic,3,student,1
14.04,5,5,0,4.75,2.76,2.48,1.64,1.68,2.09,frenetic,2,student,0
10.63,3,3,1,2.63,2.31,2.08,3.52,3.51,1.93,none,1,student,1
12.36,4,7,1,5.0,2.14,2.15,2.94,4.0,2.12,frenetic,3,general,0
8.24,0,2,1,2.89,3.78,2.02,1.55,1.74,2.79,under_challenged,1,general,1
10.44,0,4,1,2.34,3.79,2.66,2.15,1.38,2.86,under_challenged,2,employee,1
9.09,3,4,3,3.95,3.59,2.7,2.73,3.0,3.06,none,1,student,0
11.61,0,1,4,3.51,4.8,3.04,1.82,2.86,1.57,under_challenged,1,employee,1
12.34,2,5,1,5.0,2.21,2.14,1.94,2.89,1.0,frenetic,3,student,1
12.95,7,5,2,4.95,2.76,1.97,1.51,2.45,1.0,frenetic,3,student,1
7.1,3,5,3,4.42,4.69,2.91,1.53,1.86,1.0,worn_out,3,employee,0
7.79,0,3,1,2.56,5.0,1.81,1.0,1.97,3.48,under_challenged,2,employee,0
7.59,2,4,3,2.4,1.26,4.05,2.92,4.7,5.0,none,0,employee,0
11.28,1,3,2,3.27,2.44,2.25,3.6,3.78,2.55,none,1,employee,1
9.66,2,2,2,4.65,4.33,2.16,1.0,2.1,1.0,worn_out,2,student,1
11.79,2,9,2,4.16,4.46,2.27,1.0,1.56,1.75,worn_out,3,employee,0
9.57,0,1,5,2.83,1.01,3.66,4.53,5.0,3.64,none,0,employee,1
7.15,0,3,4,2.98,1.67,3.61,4.26,4.44,5.0,none,0,employee,0
9.19,0,2,6,2.49,4.55,2.52,1.63,3.18,1.95,under_challenged,1,employee,1
11.7,3,3,2,4.01,5.0,1.73,1.0,2.3,1.21,worn_out,2,general,0
8.17,0,1,5,1.84,1.59,4.14,3.78,4.56,4.62,none,0,employee,1
11.55,4,8,1,4.17,3.0,1.47,1.16,3.32,2.31,frenetic,3,general,0
13.49,2,3,0,5.0,2.96,2.5,1.34,3.64,1.24,frenetic,3,student,0
10.17,1,3,3,2.23,2.27,3.12,2.36,2.6,2.35,none,1,student,1
13.8,2,4,0,4.68,4.36,2.01,2.21,1.41,1.7,worn_out,3,student,1
9.89,2,6,2,4.2,4.63,1.05,1.43,1.51,1.64,worn_out,3,employee,1
9.46,1,3,5,2.88,4.21,1.8,2.11,2.69,3.23,under_challenged,1,employee,1
9.49,0,4,1,1.99,3.72,3.26,1.78,2.77,4.09,under_challenged,1,employee,1
8.81,0,3,5,1.54,1.47,3.8,4.11,3.38,4.78,none,0,employee,0
9.57,0,2,1,1.92,2.78,2.06,1.96,3.43,3.22,none,1,student,0
7.98,2,5,0,4.56,4.72,2.25,1.0,1.45,2.01,worn_out,3,student,1
10.89,1,5,3,2.82,3.2,3.35,2.37,4.03,4.16,none,1,employee,1
12.25,4,9,1,4.52,3.47,3.68,2.28,3.05,1.68,frenetic,3,employee,0
8.58,1,5,2,3.27,2.99,3.44,2.04,2.8,4.22,none,1,employee,1
15.14,4,5,1,4.17,1.5,3.25,1.36,4.0,1.0,frenetic,3,student,1
8.76,0,2,2,2.58,4.06,2.0,1.0,2.13,4.53,under_challenged,2,general,0
8.06,0,2,2,2.69,4.37,1.81,1.21,1.84,2.38,under_challenged,2,employee,1
8.47,2,2,3,2.42,3.88,2.69,1.0,1.82,4.24,under_challenged,2,general,0
16.0,7,8,1,4.45,2.36,2.32,2.02,2.92,1.17,frenetic,3,employee,1
9.7,0,1,1,2.14,4.1,1.58,1.0,1.0,3.85,under_challenged,1,student,1
12.9,7,6,0,4.82,3.74,2.27,1.31,1.85,1.56,frenetic,2,general,0
8.84,2,4,1,2.49,2.57,3.11,2.63,2.78,3.93,none,1,student,0
8.99,0,3,4,1.27,1.95,4.99,3.92,4.74,3.49,none,0,employee,1
9.13,2,9,2,5.0,4.14,1.72,1.12,1.8,2.03,worn_out,3,employee,1
9.14,1,2,6,2.14,4.25,1.99,1.31,1.77,2.61,under_challenged,1,general,1
9.58,0,3,1,2.82,3.89,3.39,1.13,2.39,2.06,under_challenged,1,employee,1
8.97,1,3,5,2.56,3.71,3.5,1.64,3.78,3.77,under_challenged,2,employee,1
10.72,5,5,0,4.0,4.65,2.78,1.66,1.0,2.37,worn_out,2,employee,0
10.39,3,8,1,3.34,2.76,3.8,4.41,1.61,4.94,none,1,employee,0
11.89,5,7,1,4.06,2.22,2.2,1.67,2.85,2.12,frenetic,2,employee,0
8.02,0,3,4,1.77,1.0,4.23,4.18,4.26,3.28,none,0,student,0
8.97,1,3,3,4.0,3.61,2.28,2.03,1.65,3.16,under_challenged,1,employee,1
6.9,1,4,1,1.52,1.0,3.58,5.0,3.58,4.09,none,0,employee,0
12.59,0,7,1,4.46,4.18,1.78,1.0,1.95,1.0,worn_out,3,employee,1
10.45,2,2,4,2.18,3.11,3.07,3.01,4.05,2.85,none,1,student,1
11.16,1,4,2,2.9,2.86,4.02,2.41,2.41,4.08,none,1,employee,1
7.69,0,4,7,1.53,1.95,3.81,3.95,4.7,3.91,none,0,employee,0
7.76,0,2,8,2.05,1.16,4.25,3.79,4.87,4.59,none,0,employee,0
9.02,0,3,5,1.65,1.72,2.96,4.56,3.59,3.68,none,0,employee,1
9.41,0,2,5,1.05,1.77,4.35,4.03,4.19,3.66,none,0,employee,1
8.92,3,5,2,1.66,2.46,2.42,2.59,2.73,2.78,none,1,employee,0
6.98,0,2,6,1.86,1.6,5.0,5.0,4.79,4.07,none,0,student,0
6.1,1,2,5,1.11,1.0,3.71,4.64,3.72,2.15,none,0,student,1
7.91,0,1,5,3.72,3.77,2.25,1.97,3.82,3.19,under_challenged,1,student,0
7.99,0,3,3,2.72,1.0,4.4,4.65,3.67,3.34,none,0,employee,1
9.2,3,5,0,4.03,4.26,2.84,2.0,1.2,1.0,worn_out,3,employee,1
12.9,6,4,0,5.0,1.85,2.49,1.64,1.6,1.48,frenetic,2,student,0
8.11,2,3,1,2.07,3.3,2.11,1.54,1.0,3.3,under_challenged,2,employee,0
9.34,1,2,2,1.67,4.26,1.38,1.44,2.49,2.91,under_challenged,2,general,1
9.69,0,4,0,2.1,3.92,1.77,2.43,1.0,3.39,under_challenged,2,general,0
10.17,0,4,5,1.21,1.63,3.86,3.7,4.52,3.61,none,0,general,1
11.03,5,8,1,4.64,2.68,1.71,1.9,3.84,1.0,frenetic,3,general,1
14.13,4,3,0,4.41,4.0,2.78,1.0,1.81,1.0,worn_out,3,student,1
11.43,0,4,2,3.41,2.12,2.35,3.97,4.12,2.4,none,1,general,1
12.81,4,9,0,4.53,3.64,2.18,2.91,3.7,1.37,frenetic,2,employee,1
12.17,6,10,0,4.24,3.8,2.72,1.65,2.49,1.87,frenetic,3,employee,0
13.74,1,5,3,3.93,3.89,1.12,1.65,1.91,1.93,worn_out,3,student,1
8.6,3,3,2,4.02,4.62,2.72,1.71,1.36,2.92,worn_out,3,student,0
11.51,4,5,1,4.36,2.17,3.05,2.36,1.87,1.59,frenetic,3,employee,0
12.15,3,4,1,4.78,4.17,1.57,2.06,2.29,1.71,frenetic,3,student,0
11.52,4,4,1,4.49,3.0,3.69,2.88,3.27,1.16,frenetic,2,student,0
8.54,0,2,5,2.08,1.0,4.16,4.94,3.64,2.7,none,0,student,1
9.0,0,4,6,2.34,1.0,4.1,3.9,4.07,3.27,none,0,general,1
9.81,1,2,2,1.88,1.47,3.77,4.33,4.53,3.76,none,0,employee,1
9.83,2,7,2,2.37,3.14,3.82,3.77,2.75,2.6,none,1,employee,0
14.42,7,7,0,4.82,3.09,1.9,2.34,3.26,1.0,frenetic,3,general,1
8.23,0,3,4,1.86,3.93,2.64,2.05,2.63,3.33,under_challenged,2,general,0
8.36,2,4,8,2.02,1.67,4.08,4.07,4.12,4.08,none,0,general,0
11.51,1,2,2,4.71,4.36,2.19,2.16,1.58,1.17,worn_out,3,student,1
10.79,1,9,0,3.9,4.1,1.46,1.0,1.27,1.0,worn_out,3,employee,1
10.62,1,5,5,2.25,1.21,2.56,2.95,3.0,2.95,none,1,general,1
11.88,3,1,1,3.84,4.24,2.68,1.27,2.05,1.54,worn_out,3,student,1
13.19,3,7,1,4.63,4.21,1.89,1.69,2.05,2.08,worn_out,3,general,0
16.0,3,7,0,4.83,1.9,3.35,1.78,3.55,1.39,frenetic,3,general,1
12.62,4,6,0,4.54,3.0,2.44,3.16,1.95,1.47,frenetic,2,employee,1
8.23,0,2,1,2.17,3.47,2.24,1.0,1.59,2.7,under_challenged,2,student,1
6.27,1,3,7,2.18,4.12,3.15,1.0,1.44,4.23,under_challenged,2,employee,0
7.32,0,3,8,1.27,1.46,3.74,4.94,3.99,4.02,none,0,employee,1
9.7,0,4,5,2.09,2.05,4.19,3.67,2.2,2.14,none,1,employee,0
12.59,4,5,1,4.32,2.38,3.04,1.94,1.97,1.04,frenetic,3,student,0
9.62,0,2,3,3.09,2.13,4.14,4.16,2.93,3.02,none,1,student,0
9.81,2,3,0,4.23,4.37,1.32,1.0,1.3,2.12,worn_out,3,employee,0
8.43,0,2,5,2.42,1.54,3.37,4.51,4.34,3.15,none,0,student,1
8.77,1,5,0,2.39,3.3,3.65,3.16,3.44,2.24,none,1,general,0
9.15,0,0,1,2.57,5.0,2.38,1.84,1.48,3.77,under_challenged,2,employee,0
8.79,2,4,6,1.91,4.21,1.86,1.59,1.98,2.86,under_challenged,2,employee,0
7.23,0,3,4,1.33,2.24,3.45,3.69,4.52,2.94,none,0,student,1
9.68,0,2,0,2.1,4.62,2.95,1.86,1.81,2.31,under_challenged,2,employee,1
10.27,0,3,1,1.0,3.68,2.69,2.8,1.54,2.92,under_challenged,2,employee,1
7.22,1,3,1,2.02,1.41,4.29,4.86,3.64,4.68,none,0,employee,1
9.41,0,1,3,2.1,4.29,1.7,2.72,1.49,3.56,under_challenged,1,student,1
14.97,6,9,0,4.29,3.45,2.19,1.72,1.27,1.41,frenetic,3,employee,0
14.79,3,9,1,4.96,2.91,3.26,2.81,1.95,1.12,frenetic,3,general,1
12.86,5,2,0,4.11,3.96,1.4,1.29,1.36,1.14,worn_out,3,student,1
7.06,0,5,4,2.33,1.49,4.06,4.12,5.0,3.68,none,0,employee,0
10.98,3,5,3,2.68,2.26,2.89,2.76,3.04,3.14,none,1,general,1
8.92,0,2,3,3.94,4.74,1.87,1.67,1.05,3.28,under_challenged,1,employee,0
13.71,3,5,1,4.42,2.63,3.02,2.57,3.38,1.4,frenetic,3,employee,1
8.24,0,2,4,2.67,1.04,3.61,3.61,4.34,4.03,none,0,student,0
8.88,1,6,3,2.58,2.65,3.26,2.81,3.12,3.62,none,1,employee,0
8.92,1,1,2,4.0,4.43,3.0,1.52,1.0,4.13,under_challenged,2,employee,1
15.16,7,7,1,4.05,3.23,2.34,2.67,4.0,1.27,frenetic,3,general,1
10.58,0,4,3,4.84,4.92,1.42,2.12,1.48,2.03,worn_out,3,employee,1
14.23,6,6,0,4.58,2.25,1.86,2.05,1.98,1.0,frenetic,3,general,1
12.9,0,7,1,5.0,4.59,2.19,1.89,1.38,1.84,worn_out,3,employee,1
10.07,4,8,1,3.53,2.1,3.03,2.26,3.76,2.22,none,1,employee,1
8.6,0,2,4,2.02,4.02,2.29,1.65,2.35,2.87,under_challenged,2,student,0
13.92,5,9,0,4.43,2.24,2.61,3.5,3.91,1.42,frenetic,3,general,1
12.77,2,5,3,2.38,1.93,3.94,3.51,3.21,3.78,none,1,employee,1
13.7,1,2,2,4.47,5.0,1.67,1.89,1.47,1.72,worn_out,2,student,1
9.37,2,3,1,3.93,4.09,1.25,1.0,1.0,1.16,worn_out,3,student,0
13.53,5,6,1,4.96,3.07,2.68,2.53,2.67,1.0,frenetic,2,student,1
10.59,0,3,5,3.63,4.16,1.66,1.0,1.86,3.97,under_challenged,2,general,1
9.72,2,2,3,3.17,3.43,2.84,2.14,1.58,1.74,under_challenged,2,student,1
14.63,4,6,1,4.15,2.45,2.95,1.89,1.84,1.47,frenetic,2,student,1
9.38,1,3,7,1.38,1.32,3.75,4.94,4.31,4.21,none,0,student,1
8.15,1,5,2,2.79,3.04,2.46,4.16,3.89,3.28,none,1,employee,0
8.88,0,2,5,3.27,2.31,4.66,4.38,5.0,4.26,none,0,student,1
10.24,4,5,1,3.26,1.68,3.13,2.42,3.02,2.47,none,1,employee,0
13.01,5,10,1,4.79,2.86,2.68,2.74,1.81,1.22,frenetic,2,employee,0
11.5,1,3,1,4.49,4.53,1.84,1.33,1.01,1.85,worn_out,3,employee,1
10.19,2,4,2,4.53,4.7,1.96,1.58,1.43,2.7,worn_out,2,general,0
10.08,0,1,5,2.87,4.42,1.88,1.1,4.0,3.91,under_challenged,2,student,1
8.61,0,8,2,2.68,2.18,1.5,2.88,2.66,2.66,none,1,employee,0
10.26,1,2,0,3.25,4.08,1.23,1.0,2.49,3.28,under_challenged,2,employee,1
10.08,1,2,0,4.44,4.78,1.49,1.33,1.65,1.0,worn_out,3,general,1
9.01,0,3,8,2.47,2.01,4.06,5.0,4.31,3.17,none,0,general,1
13.63,2,3,0,4.04,2.49,2.19,3.27,2.46,1.23,frenetic,3,student,0
11.97,2,4,3,2.83,2.2,2.34,3.13,2.9,3.25,none,1,general,1
8.64,0,4,2,1.54,1.49,3.39,4.95,4.36,3.32,none,0,general,1
6.14,0,3,4,2.55,4.3,3.19,2.28,1.67,4.06,under_challenged,1,employee,0
10.08,3,2,3,3.62,2.77,2.93,3.13,3.43,2.32,none,1,employee,0
13.13,3,3,1,4.14,2.87,1.81,2.42,3.34,1.76,frenetic,3,student,1
9.42,4,5,6,2.63,2.49,4.22,3.17,3.69,2.5,none,1,general,0
11.73,3,2,0,4.89,4.26,1.96,1.56,1.49,1.0,worn_out,3,employee,1
6.17,1,4,1,2.93,3.46,2.0,1.11,3.01,3.89,under_challenged,2,general,0
8.56,4,4,2,2.08,3.18,2.58,3.76,2.22,3.93,none,1,student,0
9.39,1,2,4,2.47,1.71,3.13,3.96,3.25,3.27,none,1,student,1
12.53,7,9,0,4.38,2.16,1.45,3.5,3.08,2.21,frenetic,3,employee,0
10.06,2,3,5,1.88,1.76,3.78,4.01,3.58,4.28,none,0,general,1
6.52,0,4,6,1.01,2.3,4.27,4.56,3.58,4.27,none,0,general,0
8.0,0,2,2,1.86,4.13,1.68,1.0,1.37,3.26,under_challenged,1,employee,0
9.43,1,4,0,4.62,4.35,1.79,1.33,2.32,1.42,worn_out,3,general,0
15.4,2,10,1,4.67,3.77,3.43,1.56,1.98,1.8,frenetic,3,employee,1
11.53,7,6,0,5.0,2.7,2.53,2.31,1.69,1.0,frenetic,3,student,0
8.05,2,1,2,2.26,1.55,3.78,3.93,4.49,4.04,none,0,employee,0
8.89,2,9,1,4.06,4.68,1.51,1.84,2.32,1.16,worn_out,3,employee,0
7.77,0,3,6,2.07,1.31,4.97,4.87,4.17,3.97,none,0,employee,0
9.48,0,4,6,1.42,2.42,3.85,4.88,3.52,3.3,none,0,employee,1
10.03,0,2,11,1.39,1.24,3.02,3.37,4.44,4.49,none,0,employee,1
7.2,0,4,4,2.88,4.5,2.06,1.13,2.41,4.65,under_challenged,2,general,0
11.67,5,6,0,4.19,3.9,1.31,1.29,1.0,1.74,worn_out,2,general,1
9.58,2,7,1,4.02,4.48,1.6,1.53,1.79,1.8,worn_out,3,employee,1
8.67,4,4,2,3.04,2.96,4.51,2.81,2.63,3.14,none,1,employee,0
7.9,0,1,7,2.85,4.42,1.74,1.14,1.74,1.74,under_challenged,2,student,0
7.85,0,2,7,2.11,1.39,4.74,4.44,2.64,3.97,none,0,general,1
9.19,1,3,4,1.43,1.34,2.96,4.35,3.56,4.24,none,0,employee,1
8.68,2,5,2,3.54,3.16,2.41,2.73,3.94,3.87,none,1,general,0
9.08,4,2,2,3.79,4.33,1.0,1.64,1.39,1.98,worn_out,3,student,0
12.04,2,8,3,2.39,1.74,2.24,3.07,2.11,3.67,none,1,general,1
9.65,0,3,4,1.42,2.06,3.8,3.98,3.62,4.86,none,0,employee,1
10.39,3,4,2,2.05,3.27,2.78,2.12,3.83,2.2,none,1,employee,1
10.8,3,5,1,2.5,1.43,3.6,2.59,3.49,3.42,none,1,employee,1
15.8,5,7,0,4.08,3.08,2.76,3.49,1.77,1.0,frenetic,3,employee,1
14.21,7,4,0,4.23,3.17,2.87,2.77,2.53,1.0,frenetic,3,student,1
13.05,2,8,0,4.43,2.05,1.51,2.49,1.9,1.99,frenetic,3,employee,0
10.36,5,6,0,4.1,4.62,1.3,1.63,1.0,1.14,worn_out,3,general,0
12.09,3,6,3,3.52,1.88,3.07,3.09,3.23,1.85,none,1,employee,1
12.29,5,4,0,5.0,3.31,2.6,2.86,3.43,1.97,frenetic,3,student,0
9.0,1,2,7,2.05,2.08,3.98,5.0,3.64,4.25,none,0,student,0
11.2,0,3,5,2.21,1.22,3.84,4.36,4.24,3.56,none,0,student,1
8.17,0,2,4,2.51,1.83,4.09,4.19,3.75,3.57,none,0,employee,1
7.91,1,2,6,1.72,5.0,1.5,1.78,1.94,2.62,under_challenged,2,employee,0
9.6,3,4,2,4.0,4.16,1.52,1.78,2.15,2.16,worn_out,3,employee,0
9.01,0,6,1,3.67,1.48,2.67,4.2,3.53,2.74,none,1,employee,1
11.98,2,4,2,2.44,1.68,3.3,4.22,2.49,2.81,none,1,student,1
9.47,1,3,3,1.73,4.7,2.7,1.37,2.69,3.33,under_challenged,1,employee,1
9.41,1,2,4,1.93,3.91,2.41,2.08,4.0,3.45,under_challenged,1,student,1
8.15,0,1,3,2.45,1.18,3.84,4.72,3.9,4.77,none,0,student,1
9.02,1,5,4,1.57,2.2,3.55,3.68,2.83,1.63,none,1,employee,0
7.26,2,5,0,4.0,2.24,2.62,2.58,4.85,3.39,none,1,employee,0
13.73,3,10,0,4.26,1.5,2.48,2.14,3.05,1.67,frenetic,2,general,0
6.78,0,2,3,1.8,2.03,4.96,4.54,5.0,4.68,none,0,employee,0
15.73,5,3,2,4.27,3.11,2.14,1.54,2.35,1.64,frenetic,3,student,1
13.34,4,7,1,4.46,1.97,2.85,2.53,2.92,1.12,frenetic,3,employee,0
14.04,7,5,1,3.86,1.76,1.83,1.89,3.44,1.0,frenetic,3,student,1
10.0,3,2,1,3.33,2.72,3.3,2.93,2.4,4.04,none,1,student,0
7.55,2,4,3,3.49,2.56,3.1,2.92,3.62,3.51,none,1,employee,0
9.89,2,4,3,2.29,4.3,2.54,1.24,1.51,4.05,under_challenged,1,employee,1
8.32,0,2,3,2.0,4.26,2.6,2.09,2.99,3.09,under_challenged,2,general,0
8.45,0,1,2,3.95,4.69,2.04,1.1,1.0,4.42,under_challenged,1,student,0
8.45,2,1,4,2.98,3.62,2.66,1.66,1.49,2.32,under_challenged,1,student,1
10.48,1,2,3,2.36,3.99,1.82,1.77,1.0,2.04,under_challenged,2,employee,1
12.35,1,5,1,3.94,3.58,1.85,2.18,1.48,1.07,worn_out,3,employee,1
12.59,5,4,0,3.76,2.26,2.85,1.4,2.08,1.82,frenetic,3,student,1
13.97,3,8,0,4.67,2.57,2.43,2.36,3.83,2.13,frenetic,2,general,0
11.43,1,5,3,4.0,2.83,1.97,3.26,2.68,1.27,none,1,employee,1
7.42,2,3,4,2.07,4.26,1.25,1.75,1.0,2.45,under_challenged,1,employee,1
11.02,2,2,5,3.35,3.22,3.12,2.74,2.43,1.13,none,1,student,1
8.1,0,2,6,1.64,1.0,4.18,5.0,3.5,3.77,none,0,student,1
9.61,0,5,6,1.0,1.5,4.13,4.03,4.06,2.95,none,0,general,1
7.54,1,1,3,2.18,4.33,1.06,1.0,1.09,3.04,under_challenged,2,student,0
10.59,0,1,3,3.03,3.96,2.49,1.05,3.01,2.91,under_challenged,2,student,1
10.0,1,3,3,2.8,3.11,1.92,1.0,2.52,3.04,under_challenged,1,general,0
8.97,2,3,0,4.3,4.68,2.13,2.06,1.14,3.1,worn_out,2,student,0
8.55,0,2,1,1.13,4.09,1.45,1.0,3.01,3.28,under_challenged,1,general,0
8.94,2,3,3,3.09,1.39,3.6,1.94,3.85,3.41,none,1,general,0
11.13,7,7,1,4.86,2.96,2.94,1.65,3.33,1.43,frenetic,3,employee,1
11.3,2,5,0,3.97,3.3,1.0,2.07,3.43,1.32,frenetic,2,student,0
10.53,2,6,2,3.48,1.41,3.75,3.44,2.88,2.11,none,1,general,1
13.68,3,12,1,4.25,2.91,2.64,2.92,2.36,1.0,frenetic,3,general,1
9.3,0,1,1,2.82,4.42,1.64,2.07,2.15,3.08,under_challenged,2,student,0
7.5,1,3,4,1.13,1.22,3.67,4.49,5.0,2.6,none,0,employee,1
10.17,0,2,3,1.82,1.0,4.15,4.08,3.75,4.18,none,0,student,1
10.46,1,5,5,2.88,3.24,2.22,3.67,4.22,3.19,none,1,general,0
8.61,1,2,7,2.19,2.38,4.84,4.69,2.88,4.19,none,0,student,1
10.22,5,2,1,4.04,4.25,1.66,1.31,1.73,2.35,worn_out,2,student,1
9.57,1,5,6,2.73,4.22,3.43,1.08,1.25,2.83,under_challenged,2,employee,1
12.02,6,9,0,4.7,2.58,2.04,2.15,2.63,1.05,frenetic,2,employee,1
6.13,0,4,5,1.21,1.48,4.59,3.22,4.62,3.49,none,0,employee,0
7.34,0,4,8,2.66,4.82,2.74,1.5,2.64,3.83,under_challenged,1,employee,0
12.58,4,9,0,5.0,2.91,1.81,1.87,3.79,1.37,frenetic,3,general,0
10.74,1,5,4,2.88,3.58,2.38,2.69,2.68,2.33,none,1,employee,1
15.02,2,5,1,4.3,3.75,2.09,2.0,2.42,1.0,frenetic,3,employee,1
10.34,0,3,2,1.91,4.28,3.1,1.88,2.7,3.23,under_challenged,1,general,1
8.91,0,2,10,2.08,1.0,5.0,4.3,2.77,3.86,none,0,student,1
8.67,1,4,1,3.54,1.8,2.92,3.37,3.79,3.53,none,1,general,0
7.67,1,4,6,2.91,3.62,2.69,1.99,2.63,2.81,under_challenged,1,general,1
7.91,4,7,4,2.42,2.75,3.51,3.39,3.24,2.78,none,1,employee,0
9.91,0,4,4,3.35,2.58,2.33,3.33,1.0,3.53,none,1,student,1
11.79,3,5,3,3.34,3.72,1.5,1.11,1.04,1.71,worn_out,3,student,1
13.4,2,3,0,3.98,4.66,2.79,1.24,1.95,1.7,worn_out,2,student,0
7.39,0,0,4,3.29,5.0,2.49,1.79,1.9,3.28,under_challenged,1,student,0
8.39,1,2,2,2.8,4.78,2.55,1.84,3.11,3.3,under_challenged,1,student,0
11.59,1,3,1,3.95,4.44,2.3,1.6,1.4,2.27,worn_out,3,employee,1
11.69,1,2,2,5.0,4.23,1.14,1.0,1.37,1.53,worn_out,3,student,0
7.63,1,2,3,1.52,4.5,2.77,1.19,2.73,3.34,under_challenged,2,employee,0
8.09,2,2,4,3.09,4.4,1.05,1.88,1.0,3.71,under_challenged,2,employee,1
13.39,3,6,0,4.7,4.01,2.76,2.17,2.3,1.57,frenetic,2,employee,0
7.72,0,3,2,1.73,2.82,1.58,1.4,2.13,4.21,under_challenged,1,employee,0
14.29,2,7,1,5.0,3.75,2.0,1.74,2.39,1.61,worn_out,2,general,1
7.85,0,4,5,2.18,1.06,3.97,4.24,4.15,2.3,none,0,employee,1
9.1,0,1,1,1.0,1.1,4.46,5.0,3.27,4.04,none,0,student,1
8.22,0,2,3,1.69,1.83,4.67,4.53,4.16,3.77,none,0,general,0
9.63,0,2,5,1.37,3.6,3.03,2.06,3.34,4.04,under_challenged,1,student,0
7.33,0,2,8,1.96,1.71,4.13,4.68,4.22,4.74,none,0,student,1
12.66,2,9,0,4.87,2.17,2.5,2.01,2.17,1.25,frenetic,3,general,1
12.01,3,8,0,4.7,3.81,1.44,1.52,2.2,1.32,frenetic,3,employee,1
7.08,0,3,8,2.21,1.24,3.49,4.02,4.8,3.85,none,0,employee,0
13.32,2,5,0,4.69,2.85,1.83,1.77,1.83,1.34,frenetic,3,student,1
8.8,0,3,6,1.08,4.64,2.7,1.47,3.26,3.36,under_challenged,2,employee,0
9.22,0,5,4,3.52,2.07,3.1,3.29,2.75,1.59,none,1,general,0
9.21,0,1,3,1.79,4.31,1.73,1.79,2.17,2.89,under_challenged,2,student,1
13.16,3,6,0,4.42,4.73,1.0,1.15,1.0,1.14,worn_out,3,employee,1
7.77,0,1,3,2.03,1.01,4.68,4.04,3.19,4.47,none,0,student,1
9.8,4,8,1,3.95,4.95,1.25,1.69,1.41,1.75,worn_out,3,general,0
11.56,1,3,2,4.95,3.96,2.32,1.2,1.17,2.87,worn_out,2,student,1
7.29,2,0,1,2.22,4.68,2.53,1.38,2.76,2.78,under_challenged,1,employee,0
7.73,0,4,7,1.81,1.92,3.78,2.64,4.91,3.98,none,0,employee,0
10.16,0,4,4,1.0,4.09,2.56,1.0,1.89,3.71,under_challenged,2,employee,1
9.5,0,2,4,1.95,2.22,3.86,3.9,3.86,3.25,none,1,student,0
9.45,0,4,4,2.21,2.94,3.53,4.22,2.92,1.91,none,1,student,0
10.09,0,2,4,2.42,4.12,2.85,2.11,1.0,3.53,under_challenged,1,employee,1
8.19,2,2,0,2.36,4.32,2.41,1.28,2.37,2.47,under_challenged,2,general,0
9.38,0,3,8,1.97,1.71,3.86,4.84,4.57,3.81,none,0,student,1
11.77,2,5,0,3.74,4.2,2.16,1.22,1.52,2.65,worn_out,3,student,1
7.66,1,3,7,2.14,1.0,3.9,5.0,4.69,4.72,none,0,student,1
7.91,2,2,2,1.98,4.49,2.55,1.35,3.37,2.7,under_challenged,2,student,1
12.28,2,6,0,4.68,4.11,1.28,2.44,3.46,1.17,frenetic,3,employee,1
9.2,3,4,1,3.47,2.7,3.94,3.02,2.69,3.02,none,1,employee,0
10.84,0,6,0,2.9,2.27,2.37,2.57,2.64,2.77,none,1,general,1
8.69,1,7,1,4.69,4.47,1.05,1.08,1.32,1.94,worn_out,3,general,0
7.35,0,1,10,1.56,2.06,5.0,3.49,3.52,4.41,none,0,general,0
6.46,0,3,5,2.8,4.61,1.51,1.69,2.76,3.13,under_challenged,2,employee,0
13.27,2,7,1,4.17,4.63,2.84,1.44,2.04,1.0,worn_out,2,employee,1
12.06,0,6,2,2.69,2.44,2.79,2.34,1.8,1.57,none,1,general,1
9.13,1,1,6,1.49,1.15,3.94,4.6,3.62,3.8,none,0,student,1
10.37,2,5,2,3.82,2.26,3.4,2.85,4.41,3.46,none,1,employee,0
8.92,0,4,4,1.95,1.14,3.54,3.74,4.61,3.66,none,0,employee,1
10.78,0,4,0,2.9,2.34,4.22,4.57,2.95,2.1,none,1,employee,1
6.32,0,2,4,1.6,1.0,3.89,4.03,4.43,3.0,none,0,student,0
12.93,2,4,5,3.25,2.72,2.14,4.0,3.06,2.69,none,1,employee,1
7.38,0,3,4,2.2,1.28,3.81,5.0,3.74,3.49,none,0,general,1
7.05,0,2,4,1.42,2.07,3.79,4.47,3.7,4.09,none,0,employee,0
9.8,0,4,0,4.6,4.44,2.33,1.41,1.97,1.48,worn_out,3,employee,1
9.7,1,3,1,3.01,1.95,3.25,3.62,3.14,3.13,none,1,student,0
10.3,3,6,2,3.61,4.68,2.27,1.6,2.52,1.76,worn_out,3,employee,1
11.31,0,4,2,2.03,3.25,1.98,3.28,2.38,2.6,none,1,general,1
7.55,0,4,5,1.26,1.2,3.3,4.74,4.74,3.86,none,0,employee,0
8.02,0,3,2,1.42,1.61,3.78,4.09,4.7,3.74,none,0,employee,1
12.37,2,3,0,4.15,4.22,2.1,1.22,1.35,1.0,worn_out,3,employee,1
16.0,2,6,0,4.46,3.45,1.95,2.07,2.19,2.09,frenetic,3,employee,1
13.04,4,8,0,4.26,3.94,2.11,2.27,1.36,2.15,frenetic,3,general,0
8.42,0,4,2,2.9,3.16,3.35,2.75,2.94,4.18,none,1,employee,1
13.49,7,10,0,4.11,3.02,1.85,2.07,2.44,1.25,frenetic,3,employee,0
9.7,0,1,2,2.41,4.48,2.66,1.39,2.71,3.87,under_challenged,1,student,1
11.24,1,3,4,2.43,2.64,3.13,2.99,2.25,3.14,none,1,student,1
9.3,0,2,5,2.37,3.82,2.8,1.79,1.0,2.37,under_challenged,2,student,1
9.61,3,4,3,2.08,2.15,2.91,3.77,3.84,2.82,none,1,general,1
7.66,0,3,4,2.67,1.39,4.5,4.62,5.0,4.58,none,0,employee,0
9.16,2,6,3,3.42,2.95,2.86,3.27,3.42,2.51,none,1,general,0
10.51,0,1,3,2.8,4.42,2.22,2.22,2.29,2.61,under_challenged,2,employee,1
9.11,0,2,3,2.12,3.74,1.0,1.82,1.63,2.74,under_challenged,1,student,1
9.78,2,5,3,3.65,1.71,3.54,2.23,3.41,2.33,none,1,general,1
11.8,2,4,1,4.65,3.96,1.8,1.69,1.96,1.0,worn_out,3,employee,1
8.22,0,6,3,3.55,2.0,1.69,3.01,3.36,3.8,none,1,employee,0
10.33,0,2,2,1.41,1.99,3.26,4.28,4.0,3.28,none,0,student,1
7.7,2,3,3,1.62,1.69,3.41,3.54,3.98,4.18,none,0,employee,0
14.18,3,8,0,5.0,2.87,1.9,2.06,3.54,1.0,frenetic,2,employee,0
9.39,2,5,4,2.04,2.28,3.68,3.87,3.27,2.47,none,1,employee,0
8.13,1,2,8,1.23,1.0,5.0,3.62,2.88,3.69,none,0,employee,1
8.76,1,2,2,2.71,4.25,2.02,2.2,1.0,2.58,under_challenged,2,student,0
7.4,1,2,3,1.01,1.82,4.05,5.0,5.0,3.89,none,0,student,1
10.78,6,8,1,5.0,3.42,3.32,2.35,3.16,2.47,frenetic,3,general,0
9.33,1,2,6,1.54,3.95,2.02,3.0,3.89,4.8,under_challenged,1,student,0
11.87,4,6,1,2.94,2.96,3.46,2.78,3.71,2.85,none,1,general,1
13.96,7,5,1,5.0,2.02,1.3,1.42,2.88,1.36,frenetic,3,employee,1
14.0,3,4,1,4.09,4.33,1.0,1.11,1.0,2.07,worn_out,3,general,0
8.4,0,2,4,2.77,1.0,4.26,4.31,4.7,3.92,none,0,student,1
5.71,0,3,1,2.54,3.9,1.97,2.2,1.72,4.83,under_challenged,2,employee,0
9.83,3,2,2,4.77,4.04,1.72,1.0,1.54,1.0,worn_out,3,student,0
8.57,0,4,9,2.08,1.0,4.04,3.84,3.28,4.01,none,0,employee,1
9.26,0,5,5,2.19,3.44,2.96,3.42,3.47,1.0,none,1,general,1
10.89,6,7,2,4.26,3.11,3.6,2.46,2.93,1.22,frenetic,3,employee,0
11.81,5,7,0,4.13,5.0,1.28,1.23,1.0,1.78,worn_out,2,employee,0
9.01,0,3,4,1.43,1.26,4.09,4.3,4.46,3.13,none,0,student,1
11.91,5,10,1,4.63,3.84,4.0,1.17,2.53,1.0,frenetic,3,general,1
6.97,1,1,5,1.74,3.89,1.69,1.07,1.0,4.06,under_challenged,2,general,0
12.37,4,3,2,4.8,4.58,2.1,1.26,1.87,1.0,worn_out,3,student,0
10.5,2,6,0,4.28,3.1,2.84,1.54,1.94,2.13,frenetic,2,student,0
11.6,1,6,0,3.7,4.19,1.43,1.56,1.32,1.98,worn_out,2,employee,1
9.15,0,0,2,2.04,1.0,4.76,4.66,4.36,4.4,none,0,employee,1
11.68,1,2,1,3.59,4.23,1.93,1.0,1.9,1.0,worn_out,3,student,0
8.69,0,1,3,1.0,1.56,3.97,4.15,3.06,4.5,none,0,student,1
9.89,0,1,3,1.81,2.21,3.94,5.0,3.63,3.57,none,0,employee,1
9.48,0,1,3,2.61,3.57,1.67,1.16,2.67,3.0,under_challenged,2,student,1
9.68,0,4,5,2.17,2.27,3.39,3.81,3.24,2.33,none,1,general,1
8.33,2,6,3,3.39,2.31,3.13,3.27,2.66,2.59,none,1,employee,1
12.04,3,7,2,3.58,4.82,2.19,1.38,1.73,1.01,worn_out,3,general,0
10.66,0,3,5,2.35,4.45,3.5,1.51,1.0,3.92,under_challenged,2,employee,1
9.1,0,4,4,2.55,1.75,3.79,3.94,4.57,4.64,none,0,general,1
9.52,0,2,5,2.59,3.49,1.79,1.3,1.59,3.51,under_challenged,1,student,1
9.49,1,2,4,2.8,3.84,2.4,2.36,1.26,2.13,under_challenged,1,employee,0
9.26,0,5,5,2.9,2.65,2.49,3.54,3.74,2.54,none,1,employee,1
12.0,1,7,0,4.55,4.46,2.15,1.0,1.52,2.08,worn_out,2,general,1
8.11,1,3,4,1.05,4.09,1.83,1.89,1.6,3.85,under_challenged,2,general,0
7.09,0,3,4,1.89,1.55,4.22,4.54,4.28,4.15,none,0,general,0
7.54,1,3,5,2.34,1.81,4.15,3.97,4.81,4.31,none,0,employee,0
11.43,0,4,2,3.2,2.91,3.09,4.56,1.55,1.92,none,1,employee,1
12.73,3,4,2,4.74,4.79,1.0,1.37,1.0,1.53,worn_out,3,general,1
14.15,7,6,0,4.91,2.3,2.45,2.08,2.49,2.33,frenetic,3,general,0
8.3,1,2,4,1.0,3.95,2.06,1.99,2.89,3.43,under_challenged,1,student,1
9.27,1,4,6,2.22,2.98,3.39,3.13,3.52,3.68,none,1,employee,0
10.0,0,4,2,1.57,3.57,2.84,1.77,2.24,4.34,under_challenged,2,employee,0
10.32,0,2,1,2.81,3.76,2.11,1.37,1.22,3.13,under_challenged,2,student,1
8.15,2,5,2,1.89,2.68,4.36,4.49,2.91,2.75,none,1,general,0
11.11,3,3,1,4.96,3.26,1.74,2.85,2.49,1.0,frenetic,2,student,0
8.29,1,4,0,4.19,4.46,1.41,2.29,1.0,1.43,worn_out,3,student,0
9.52,1,3,0,4.4,4.81,1.24,1.76,1.57,1.49,worn_out,3,employee,0
6.15,0,4,4,1.81,2.87,2.76,1.62,1.19,3.52,under_challenged,1,employee,0
7.6,0,2,4,1.38,1.82,4.23,5.0,4.16,4.58,none,0,employee,0
8.58,0,2,7,2.3,2.58,4.23,4.41,3.92,4.61,none,0,student,0
9.34,0,2,4,1.85,1.31,4.33,4.16,5.0,3.08,none,0,student,1
13.45,5,5,2,4.41,4.61,2.06,1.55,1.71,1.57,worn_out,3,employee,0
8.02,0,3,1,1.51,4.88,1.78,1.62,1.56,3.1,under_challenged,2,employee,0
8.46,0,1,4,1.49,1.98,3.99,3.88,4.55,3.88,none,0,employee,0
9.9,4,3,3,2.12,1.66,3.05,3.18,3.44,2.2,none,1,student,0
8.99,1,4,2,4.0,3.8,2.28,1.04,2.02,2.19,worn_out,3,student,0
8.84,3,3,2,3.58,2.22,3.31,2.08,3.26,2.56,none,1,student,0
8.11,0,2,7,1.41,1.82,5.0,4.98,4.9,3.57,none,0,general,0
9.94,3,5,2,3.39,2.54,3.76,3.3,2.84,2.52,none,1,employee,1
8.52,1,2,4,1.2,1.0,4.02,4.1,3.2,3.35,none,0,student,1
10.83,4,4,1,4.17,4.77,2.16,1.48,1.68,2.47,worn_out,3,employee,0
8.68,0,3,5,1.79,1.28,4.32,4.83,4.32,3.44,none,0,employee,0
11.9,7,8,0,4.69,2.8,2.96,2.89,1.97,1.58,frenetic,2,employee,1
11.93,3,10,0,4.0,3.69,3.29,1.98,2.67,1.77,frenetic,2,employee,0
6.53,1,2,3,1.0,4.45,2.49,1.49,2.17,3.78,under_challenged,2,employee,0
6.78,1,2,4,2.05,4.47,1.0,1.64,1.0,2.96,under_challenged,1,employee,0
12.33,5,4,1,4.63,4.61,1.25,1.41,1.33,1.17,worn_out,3,general,1
12.45,2,3,2,4.39,4.64,2.28,2.18,1.27,1.0,worn_out,2,employee,0
10.27,7,5,0,4.4,3.48,2.31,2.06,3.47,1.0,frenetic,2,student,0
8.28,1,3,5,1.63,2.44,4.34,4.57,4.73,4.16,none,0,employee,0
11.0,5,4,1,4.3,4.47,1.33,1.72,1.48,1.24,worn_out,3,student,1
11.68,1,4,2,3.41,2.47,3.93,4.54,3.63,1.0,none,1,student,1
10.03,2,6,0,3.91,4.41,1.8,1.86,1.22,2.13,worn_out,3,employee,1
9.2,4,4,4,2.8,2.64,2.63,3.57,3.59,2.27,none,1,employee,1
8.93,2,3,1,2.56,4.86,1.78,1.28,2.61,4.66,under_challenged,2,employee,0
9.47,1,5,2,2.05,2.53,4.11,2.78,3.93,2.75,none,1,employee,1
9.45,0,3,4,1.0,5.0,1.0,1.0,2.81,3.9,under_challenged,2,employee,1
13.4,7,5,1,4.75,4.62,2.72,1.78,3.72,1.12,frenetic,2,student,0
8.87,0,3,6,1.06,1.48,4.67,4.19,4.57,3.81,none,0,employee,1
9.97,1,3,4,1.65,1.55,4.04,3.71,4.05,4.04,none,0,employee,1
7.92,2,2,4,2.49,4.32,1.0,1.86,1.0,3.17,under_challenged,2,employee,1
8.55,0,3,2,1.25,1.0,3.96,4.61,5.0,3.46,none,0,general,0
9.03,1,9,0,5.0,4.16,1.65,2.31,1.68,1.83,worn_out,2,general,0
7.0,2,5,6,3.16,2.89,4.09,2.84,3.25,3.2,none,1,employee,0
10.31,2,9,0,4.73,3.95,2.47,3.46,3.8,1.49,frenetic,3,general,0
8.33,0,2,2,1.77,2.62,4.03,4.01,4.6,4.2,none,0,student,0
9.68,0,1,4,1.01,4.76,2.98,2.37,1.24,2.92,under_challenged,1,student,1
11.25,3,6,0,3.86,3.91,1.0,1.38,1.23,1.95,worn_out,3,employee,0
10.25,2,2,5,3.02,2.82,3.13,3.15,2.5,2.32,none,1,student,1
13.35,1,8,3,3.68,4.87,2.13,1.1,2.13,2.56,worn_out,3,employee,1
9.12,2,0,5,2.69,1.45,4.85,4.51,4.57,4.46,none,0,employee,1
7.87,2,5,3,3.42,2.09,3.86,3.51,2.54,1.95,none,1,employee,0
11.29,3,1,0,5.0,4.83,1.88,1.0,2.08,1.51,worn_out,2,student,0
11.35,1,7,2,3.53,2.54,3.24,2.61,2.0,3.06,none,1,general,1
13.71,6,5,0,4.99,4.02,1.95,2.33,2.31,2.33,frenetic,3,employee,0
7.57,0,3,4,2.14,1.02,4.26,3.87,4.23,3.81,none,0,general,0
6.54,1,1,6,1.97,1.99,4.0,4.95,4.05,4.13,none,0,general,0
8.71,4,6,1,2.59,2.95,3.58,4.34,1.93,2.54,none,1,employee,0
7.46,0,3,5,2.47,1.2,3.78,4.89,4.49,4.21,none,0,general,0
10.39,4,4,0,4.15,2.75,2.3,2.76,3.57,1.45,frenetic,2,student,0
7.86,1,2,1,3.97,4.48,1.99,1.68,1.81,1.71,worn_out,2,student,0
7.86,0,3,2,2.53,1.45,4.83,4.27,3.61,3.2,none,0,student,1
15.43,4,8,1,4.4,3.32,2.73,2.62,1.29,1.77,frenetic,3,employee,1
9.82,1,2,0,1.88,2.27,3.71,2.92,2.91,4.43,none,1,employee,0
10.61,2,8,0,3.26,3.87,1.82,1.25,1.67,1.57,worn_out,2,employee,0
12.46,1,6,1,4.62,4.78,1.58,1.0,1.9,1.46,worn_out,3,employee,1
8.6,1,3,5,2.29,4.57,1.13,1.0,1.77,3.08,under_challenged,1,employee,1
9.16,1,2,0,3.1,4.08,2.12,1.36,2.87,3.26,under_challenged,2,student,0
7.0,0,7,0,2.55,2.19,2.76,3.11,2.38,3.01,none,1,employee,0
10.44,1,4,2,2.17,3.12,4.11,3.26,4.49,1.1,none,1,student,1
8.18,1,2,7,1.39,1.54,3.46,4.28,3.79,3.43,none,0,student,1
10.94,4,7,1,4.1,4.71,2.3,1.51,1.0,1.11,worn_out,2,employee,0
10.44,2,3,5,1.24,1.61,4.07,4.5,4.08,4.0,none,0,employee,1
11.27,3,3,1,4.27,4.62,2.25,1.57,1.78,2.62,worn_out,3,employee,1
12.39,4,11,1,4.13,1.65,2.39,1.59,3.17,2.13,frenetic,3,general,0
11.71,2,2,2,2.64,2.69,3.64,3.14,2.11,1.8,none,1,student,1
11.44,2,6,2,2.75,2.83,2.79,2.15,2.61,2.87,none,1,general,1
9.26,2,4,4,2.82,4.14,1.96,1.56,1.29,3.19,under_challenged,1,employee,1
10.06,1,5,3,4.22,4.47,2.62,1.41,1.58,2.09,worn_out,3,student,0
13.26,3,9,0,4.41,1.81,2.03,1.83,1.22,1.44,frenetic,3,general,1
6.93,0,5,5,1.0,1.83,4.8,3.54,3.84,3.09,none,0,employee,0
9.46,2,7,3,2.71,2.21,2.93,3.09,3.55,2.67,none,1,employee,0
13.56,7,7,1,4.41,3.11,1.91,2.54,2.25,1.0,frenetic,3,general,1
8.53,0,2,4,3.91,3.69,2.67,1.11,1.99,3.41,under_challenged,2,general,0
7.34,0,2,7,1.43,1.0,4.0,4.79,3.83,4.18,none,0,student,0
11.56,0,3,0,3.71,3.96,1.49,1.44,1.0,1.0,worn_out,3,student,1
9.92,1,4,2,3.03,1.14,2.53,3.66,2.94,2.18,none,1,student,0
13.93,5,7,1,4.63,2.6,3.05,1.92,3.66,1.05,frenetic,3,employee,0
11.59,1,4,3,4.98,4.77,3.0,1.0,1.98,3.5,worn_out,3,general,0
7.72,0,2,4,1.22,1.17,4.5,4.16,3.71,4.27,none,0,student,0
7.06,1,1,4,2.09,2.13,4.92,3.89,3.95,4.43,none,0,general,0
13.43,3,8,0,4.38,4.31,2.51,3.13,2.28,1.19,frenetic,3,general,1
12.6,7,8,1,4.22,2.33,3.23,3.3,4.0,1.0,frenetic,3,general,0
9.99,0,3,4,2.41,4.0,1.86,1.0,2.97,3.83,under_challenged,2,employee,1
11.08,2,7,0,4.41,4.09,2.13,2.02,1.97,1.0,frenetic,3,general,0
12.33,3,8,1,4.52,3.47,2.78,2.01,2.7,1.5,frenetic,3,general,0
11.89,4,10,1,4.28,2.95,1.0,2.69,2.31,1.44,frenetic,2,employee,0
12.21,2,2,2,4.83,4.76,1.0,1.69,2.11,2.19,worn_out,3,student,1
12.05,5,8,1,4.45,2.08,2.55,2.29,3.24,1.3,frenetic,3,employee,0
6.5,1,2,2,2.58,3.7,1.47,1.01,2.69,3.16,under_challenged,2,employee,0
7.98,0,3,1,1.91,4.4,2.9,1.99,2.25,3.47,under_challenged,1,student,1
8.39,2,5,1,4.91,4.43,1.56,1.87,1.0,1.3,worn_out,3,employee,0
8.65,0,3,5,2.16,2.45,3.9,4.6,3.13,4.0,none,0,employee,1
9.36,1,2,5,2.24,2.9,2.5,3.0,4.35,2.33,none,1,employee,0
8.34,0,2,3,2.19,4.37,1.6,1.32,1.63,2.73,under_challenged,2,employee,0
9.3,3,10,3,4.46,4.18,2.19,1.15,1.0,2.55,worn_out,3,general,0
12.76,3,4,1,3.81,4.43,2.0,1.89,1.5,1.27,worn_out,3,student,1
8.45,0,6,5,3.76,2.88,3.11,3.95,3.74,3.48,none,1,general,1
14.0,4,7,1,4.37,4.32,1.25,1.31,2.06,3.5,worn_out,3,employee,0
11.29,1,4,1,4.39,4.04,1.55,1.77,2.47,2.0,worn_out,2,general,1
13.16,3,9,0,4.33,3.84,2.81,1.98,2.82,2.24,frenetic,2,general,1
8.44,1,4,5,4.0,4.15,3.5,1.74,2.17,4.75,under_challenged,2,employee,0
12.86,3,2,0,4.58,4.46,1.02,1.36,1.59,1.98,worn_out,3,student,1
6.57,0,2,2,1.52,2.46,4.26,4.95,5.0,3.43,none,0,student,0
9.87,3,5,2,3.36,4.16,1.53,1.11,1.36,2.97,worn_out,3,employee,0
12.86,2,5,1,4.47,3.15,2.63,1.66,2.54,1.68,frenetic,3,general,1
12.48,4,9,0,4.1,2.64,2.65,3.04,2.92,1.44,frenetic,3,general,1
10.5,5,3,3,4.83,5.0,2.37,1.77,1.1,2.93,worn_out,3,general,0
10.09,0,2,8,1.59,1.0,4.09,4.86,3.81,4.74,none,0,student,1
13.92,3,8,0,4.79,2.6,2.6,2.22,3.01,1.0,frenetic,3,general,1
11.66,7,9,0,4.81,2.3,2.97,1.69,3.55,1.0,frenetic,2,employee,1
13.59,1,7,2,4.37,4.12,1.62,1.86,1.63,1.11,worn_out,3,general,1
13.72,7,6,0,4.26,2.86,2.88,1.65,2.37,1.0,frenetic,3,general,0
8.84,2,3,1,1.35,4.44,3.28,1.63,3.01,4.7,under_challenged,1,general,0
15.43,5,8,1,3.64,2.91,2.45,2.5,1.0,1.05,frenetic,3,general,1
8.38,0,2,3,1.58,1.0,4.61,4.26,4.83,4.21,none,0,general,1
7.24,0,1,6,2.77,4.23,2.26,1.61,2.44,3.27,under_challenged,1,student,0
11.06,0,3,3,2.17,4.0,2.17,1.0,2.19,3.07,under_challenged,2,general,1
8.89,1,1,2,2.61,4.28,2.93,1.81,2.13,3.22,under_challenged,1,general,0
7.8,0,3,5,1.68,1.13,4.84,3.94,3.8,4.1,none,0,general,0
9.04,0,3,7,1.27,2.03,3.95,4.05,4.19,3.83,none,0,employee,1
7.3,0,4,5,1.55,1.98,3.48,3.74,4.67,5.0,none,0,employee,0
16.0,7,5,0,4.94,3.37,2.41,2.4,3.84,1.0,frenetic,3,student,1
12.3,2,7,1,4.9,1.89,1.92,1.95,2.15,1.0,frenetic,3,employee,0
9.8,1,5,2,2.37,1.6,3.74,3.33,4.54,2.66,none,1,general,1
7.75,0,2,4,1.77,1.14,3.81,4.9,4.37,2.55,none,0,employee,1
10.48,0,1,4,3.6,4.73,1.63,1.6,2.83,2.86,under_challenged,2,student,1
10.4,5,2,3,5.0,4.32,1.82,2.1,1.21,1.25,worn_out,3,general,1
8.07,2,5,1,3.36,2.51,4.13,2.8,3.49,4.24,none,1,employee,0
9.25,1,5,1,2.23,1.98,3.77,3.5,3.75,3.51,none,1,employee,0
10.94,4,7,1,4.31,3.03,3.01,2.34,1.77,1.99,frenetic,3,employee,0
7.12,0,2,4,1.39,1.71,4.62,4.01,4.51,3.8,none,0,student,0
8.32,2,3,5,3.33,2.23,3.32,3.21,1.88,3.3,none,1,employee,0
8.85,2,5,4,2.72,2.68,2.86,2.23,3.17,3.62,none,1,general,0
10.41,3,6,1,3.91,4.07,1.86,1.69,1.41,2.02,worn_out,3,employee,0
10.11,1,3,6,3.28,5.0,2.36,2.36,2.47,1.81,under_challenged,1,employee,1
6.94,0,2,5,1.46,1.0,4.32,4.06,4.57,4.38,none,0,employee,0
12.77,3,5,1,3.88,2.08,1.47,1.82,3.54,1.46,frenetic,3,student,0
7.15,0,1,7,2.5,1.6,4.31,4.02,3.88,4.31,none,0,student,0
10.53,0,1,7,2.69,1.87,4.39,4.3,4.34,4.45,none,0,employee,1
7.78,0,2,3,2.71,4.63,3.02,1.92,2.53,4.53,under_challenged,2,employee,1
10.21,2,3,3,2.16,2.37,2.78,3.72,4.17,2.36,none,1,student,1
10.93,0,3,4,1.53,4.54,2.28,1.0,1.93,3.96,under_challenged,1,employee,1
8.84,0,4,7,1.15,1.0,4.53,4.87,4.18,4.42,none,0,employee,1
10.27,1,2,2,2.36,4.04,2.24,2.13,1.61,2.12,under_challenged,2,employee,1
11.3,3,3,1,3.55,5.0,1.85,1.73,1.85,2.69,worn_out,2,employee,0
6.01,1,1,4,1.97,4.03,3.32,1.32,2.48,3.75,under_challenged,2,student,0
8.28,3,5,1,1.86,2.51,3.56,2.8,2.67,3.78,none,1,employee,0
10.99,2,6,2,2.57,2.5,3.19,3.35,3.52,1.6,none,1,employee,1
9.36,2,2,0,4.28,5.0,1.9,1.73,1.07,2.35,worn_out,3,student,0
10.46,4,3,4,3.1,3.14,2.14,3.8,2.92,2.4,none,1,general,1
11.0,3,4,4,1.54,2.66,2.68,3.23,4.08,3.09,none,1,employee,0
12.66,2,5,1,4.01,2.63,2.36,2.21,3.33,1.54,frenetic,3,student,0
10.85,0,5,1,3.59,4.97,2.01,1.3,2.21,1.44,worn_out,3,employee,0
9.27,4,4,2,2.7,3.69,3.52,3.43,3.81,2.11,none,1,employee,0
13.87,4,6,0,5.0,2.7,2.03,1.34,2.39,1.52,frenetic,2,student,1
8.57,0,2,2,2.06,1.3,3.62,4.25,3.62,3.95,none,0,student,1
9.05,2,5,5,2.34,2.76,2.81,3.15,3.58,2.94,none,1,employee,0
11.63,2,6,0,4.09,4.44,3.0,1.0,1.52,2.69,worn_out,3,employee,1
9.24,0,2,4,1.98,1.63,3.69,3.71,3.91,4.68,none,0,employee,1
13.87,2,5,0,4.06,2.57,2.9,1.67,2.06,1.0,frenetic,3,student,1
12.18,6,7,0,4.27,2.94,3.86,2.56,1.19,1.0,frenetic,2,employee,0
9.43,2,5,2,2.57,2.56,3.0,2.88,2.4,2.83,none,1,employee,1
13.23,2,5,1,4.65,4.83,1.81,1.65,1.74,2.2,worn_out,3,employee,0
11.94,3,6,5,3.34,2.63,3.38,3.97,3.28,2.27,none,1,employee,1
8.25,0,2,8,1.44,1.63,3.95,4.48,4.2,3.79,none,0,student,1
10.33,2,6,1,2.97,3.32,3.71,3.04,4.54,2.86,none,1,employee,1
10.94,1,3,0,2.81,1.7,2.45,3.58,2.42,1.15,none,1,student,1
14.91,3,8,0,4.78,1.87,1.87,2.01,2.48,1.0,frenetic,3,employee,1
9.7,0,4,6,2.28,1.28,3.97,4.3,4.8,4.02,none,0,employee,1
11.44,7,9,1,4.19,4.1,2.46,1.42,1.84,1.54,frenetic,2,general,0
11.42,2,3,1,3.14,3.06,3.21,2.55,3.45,2.27,none,1,student,1
9.0,0,2,7,1.62,1.0,5.0,5.0,3.37,3.56,none,0,employee,0
13.89,2,7,0,4.7,4.05,3.35,2.42,1.74,1.0,frenetic,3,student,1
9.74,1,2,5,2.93,3.83,2.07,1.74,2.02,2.96,under_challenged,2,student,1
14.98,3,7,2,3.66,4.75,1.75,1.63,1.0,1.11,worn_out,3,employee,1
11.13,0,4,1,1.79,4.03,2.2,1.36,2.45,2.14,under_challenged,2,employee,1
13.14,6,5,1,4.43,3.35,2.67,2.75,2.78,1.0,frenetic,3,general,1
9.0,0,3,5,1.31,1.36,4.11,4.31,4.54,3.44,none,0,employee,0
6.9,0,2,4,2.86,2.19,3.66,2.9,4.81,3.9,none,0,employee,0
16.0,3,10,1,4.69,2.56,2.25,2.58,3.3,1.11,frenetic,2,employee,1
9.2,3,5,4,3.34,2.66,2.78,3.56,2.47,3.9,none,1,employee,1
7.82,0,4,2,1.08,1.38,4.71,4.85,4.34,3.81,none,0,general,0
7.65,0,1,1,1.9,1.99,4.99,5.0,3.23,5.0,none,0,student,0
9.87,4,7,5,2.77,2.29,2.88,2.27,2.75,2.69,none,1,employee,1
6.89,1,4,7,1.84,1.98,4.9,4.3,3.71,4.26,none,0,general,0
9.03,1,5,2,2.77,1.66,3.01,4.06,1.75,4.11,none,1,employee,0
7.55,0,3,1,2.27,1.0,5.0,4.34,4.6,4.28,none,0,general,0
11.92,6,8,1,4.65,2.54,3.86,1.63,2.73,1.87,frenetic,2,general,0
12.13,1,2,3,2.73,1.79,3.34,3.27,4.22,3.91,none,1,student,1
9.67,0,2,3,2.35,1.0,4.49,4.63,3.9,3.09,none,0,student,1
8.22,0,5,2,2.75,2.67,3.77,2.44,2.06,2.17,none,1,employee,0
10.38,5,7,0,5.0,3.84,1.69,1.59,1.73,1.01,worn_out,2,employee,1
7.56,0,3,1,2.65,4.23,2.2,1.65,1.0,4.11,under_challenged,2,employee,0
9.59,0,2,2,4.0,4.1,1.77,1.55,4.0,3.69,under_challenged,2,employee,1
9.9,1,8,2,4.84,4.67,1.8,1.14,1.53,1.45,worn_out,3,employee,0
7.75,0,2,5,2.67,1.67,3.72,3.99,3.96,4.03,none,0,general,0
7.16,0,2,6,1.81,1.0,4.65,4.71,4.05,4.42,none,0,student,0
8.52,1,3,3,1.76,3.59,3.53,3.91,2.22,4.03,none,1,student,0
12.19,0,2,3,1.6,2.43,2.7,2.79,2.73,3.44,none,1,employee,1
7.84,0,4,2,3.76,1.94,3.1,3.68,3.24,2.72,none,1,employee,0
13.3,3,5,1,5.0,3.61,2.63,2.61,2.89,1.23,frenetic,3,student,0
8.47,0,2,7,1.85,1.86,4.02,4.85,4.92,3.29,none,0,general,1
9.77,3,3,3,2.85,1.78,2.36,2.49,2.7,3.76,none,1,student,1
9.84,0,1,4,1.33,1.71,3.64,4.17,4.37,3.18,none,0,student,1
8.03,1,4,5,2.1,3.91,2.55,1.6,3.46,3.05,under_challenged,2,employee,1
11.82,6,7,1,4.06,3.77,1.0,1.66,3.44,1.15,frenetic,2,employee,0
11.5,1,6,4,3.66,3.65,3.9,2.76,3.39,1.23,none,1,general,1
9.57,0,4,8,1.0,1.0,5.0,4.47,3.74,3.98,none,0,general,1
11.18,1,6,4,3.63,3.44,3.84,3.2,1.78,1.67,none,1,employee,1
8.63,1,2,2,2.75,4.3,1.37,1.0,1.45,3.3,under_challenged,2,general,1
9.89,0,2,7,2.43,1.55,4.14,4.07,4.1,3.76,none,0,student,1
10.9,0,3,4,1.59,1.1,3.92,4.29,4.16,4.76,none,0,employee,1
8.55,1,0,2,3.08,4.48,2.7,1.0,1.0,2.25,under_challenged,2,student,0
9.44,5,2,1,4.37,4.52,2.11,1.0,1.0,1.08,worn_out,3,general,0
11.68,5,5,1,4.91,2.95,2.24,2.9,2.72,1.15,frenetic,3,student,0
10.0,5,10,1,4.46,1.96,2.72,1.96,2.78,2.21,frenetic,3,employee,0
6.76,1,1,6,1.52,1.49,4.87,4.04,3.4,4.19,none,0,student,1
10.11,4,5,5,2.86,2.55,2.53,2.99,2.44,1.47,none,1,general,1
8.66,2,7,0,4.62,3.81,2.25,2.11,1.73,1.0,worn_out,3,employee,0
11.22,2,3,1,2.99,2.03,3.71,2.66,3.06,2.96,none,1,student,1
9.2,2,5,2,2.95,2.23,3.68,3.99,2.17,2.6,none,1,general,1
6.84,0,5,2,2.34,4.0,2.05,1.66,3.0,2.1,under_challenged,2,employee,1
12.99,3,9,1,4.83,3.04,2.65,1.51,1.44,2.06,frenetic,2,employee,1
9.86,1,5,2,3.94,2.97,3.51,3.35,3.8,2.77,none,1,employee,1
10.12,2,2,1,4.45,4.12,1.18,1.0,1.37,1.44,worn_out,3,student,0
12.19,5,8,1,5.0,3.85,1.13,1.24,1.39,1.0,worn_out,3,general,1
9.5,0,1,4,2.28,1.0,5.0,4.51,4.87,4.19,none,0,employee,1
14.82,2,7,1,4.67,2.56,2.28,2.41,2.72,1.29,frenetic,3,employee,0
7.72,0,4,5,2.17,1.78,3.77,4.15,4.25,3.39,none,0,employee,1
13.33,2,2,1,4.4,4.09,2.44,1.11,1.28,1.48,worn_out,3,student,1
9.3,1,7,1,3.74,4.03,2.06,1.14,1.2,2.29,worn_out,2,employee,0
7.17,0,4,4,1.21,1.92,4.04,4.46,4.94,3.72,none,0,employee,1
10.48,6,7,0,4.42,2.24,2.16,2.51,3.58,1.7,frenetic,3,employee,0
9.72,1,3,3,2.97,2.07,3.0,2.59,2.22,1.99,none,1,employee,0
7.97,0,1,5,2.45,3.69,1.97,1.11,1.0,3.2,under_challenged,1,student,0
11.64,2,7,0,4.71,5.0,1.83,1.39,1.48,1.59,worn_out,3,general,0
8.01,0,3,1,2.66,3.04,1.66,2.23,2.17,5.0,under_challenged,1,employee,0
12.65,3,3,0,4.69,4.31,1.36,2.23,1.93,2.79,worn_out,3,employee,1
10.67,0,4,2,1.84,1.0,2.39,2.78,1.36,3.03,none,1,employee,0
10.63,2,5,5,2.61,3.32,2.79,3.47,2.09,2.81,none,1,employee,0
8.15,0,4,6,1.92,1.23,4.29,4.75,4.03,2.83,none,0,employee,1
8.64,0,4,6,1.02,1.36,5.0,3.51,5.0,3.83,none,0,general,1
15.42,6,11,1,4.58,1.5,2.46,2.57,1.14,1.13,frenetic,2,employee,1
7.26,1,5,6,2.1,1.0,4.6,4.15,3.81,4.25,none,0,employee,0
7.09,0,3,4,2.05,1.0,4.1,4.57,4.51,3.8,none,0,employee,0
8.26,0,3,5,1.33,2.33,4.19,4.47,3.83,4.43,none,0,employee,1
10.22,0,3,3,2.1,5.0,3.11,1.68,1.0,3.44,under_challenged,2,general,1
9.31,0,1,7,2.3,1.82,4.26,3.34,4.95,4.17,none,0,student,1
8.7,0,2,4,1.29,1.15,3.74,3.64,4.16,4.05,none,0,student,0
9.67,2,6,0,3.16,2.88,2.21,2.38,3.65,2.44,none,1,employee,0
9.99,0,3,3,1.34,1.0,4.49,3.86,4.52,4.17,none,0,employee,1
12.81,1,3,0,3.91,4.07,1.88,1.76,1.85,1.0,worn_out,3,student,0
11.45,4,4,0,4.68,3.49,3.12,2.08,1.95,1.23,frenetic,3,student,0
6.56,0,1,4,2.21,4.5,3.16,2.06,1.68,4.2,under_challenged,1,employee,0
9.55,2,7,1,2.29,2.56,2.53,3.42,3.22,2.55,none,1,employee,0
10.31,0,2,3,3.02,2.34,3.1,2.19,2.95,1.56,none,1,student,1
10.01,3,9,1,4.22,3.01,1.91,2.69,3.27,1.15,frenetic,3,employee,0
9.02,1,1,1,3.45,4.47,1.19,1.56,2.54,2.59,under_challenged,2,employee,1
8.32,0,1,1,3.34,3.34,3.05,2.17,2.54,2.36,under_challenged,2,employee,0
13.54,4,9,0,4.17,4.18,1.83,2.74,3.02,1.04,frenetic,2,employee,1
10.03,4,3,3,2.04,3.28,2.94,2.99,3.93,3.37,none,1,student,0
8.65,1,3,4,2.0,1.0,4.94,4.47,4.74,4.87,none,0,employee,0
11.1,5,1,2,4.9,4.21,2.31,2.38,1.03,2.19,worn_out,3,student,0
7.71,0,4,5,1.36,1.72,3.17,2.83,3.14,3.87,none,0,employee,0
8.2,0,4,3,1.48,2.86,4.47,5.0,5.0,4.13,none,0,employee,1
10.97,2,1,5,3.08,1.73,2.38,2.41,2.53,3.0,none,1,student,1
10.76,0,2,1,2.87,4.62,2.05,1.18,3.02,3.1,under_challenged,2,general,1
12.7,5,10,1,4.2,2.89,1.72,2.99,1.94,1.0,frenetic,3,employee,1
12.62,3,8,1,4.52,3.08,2.5,2.46,4.0,1.72,frenetic,3,employee,0
12.57,2,4,0,4.16,4.51,1.71,2.16,2.05,1.08,worn_out,2,general,1
9.56,0,3,6,1.6,1.64,4.05,4.48,4.01,4.34,none,0,employee,1
15.01,2,6,0,4.39,2.64,3.21,2.37,2.69,1.0,frenetic,3,employee,1
7.88,0,3,6,1.43,1.25,4.3,3.69,5.0,4.78,none,0,general,0
8.59,3,2,1,4.43,4.64,2.01,1.04,2.13,1.85,worn_out,3,student,0
14.12,4,10,0,3.9,2.41,2.46,2.93,1.62,1.0,frenetic,3,general,1
13.15,5,4,0,4.47,2.33,1.99,2.52,3.04,1.0,frenetic,2,student,1
9.73,2,6,2,2.61,2.33,2.26,3.4,3.75,3.1,none,1,employee,0
14.46,3,9,0,3.79,3.38,1.32,2.0,4.0,1.0,frenetic,2,employee,1
12.82,1,11,0,4.38,4.73,1.51,1.06,1.52,1.54,worn_out,3,employee,1
8.41,1,5,5,2.31,3.16,2.01,2.16,2.81,3.21,under_challenged,2,general,1
11.94,4,9,1,4.33,3.27,2.85,3.15,3.31,1.0,frenetic,3,employee,0
9.48,2,3,2,2.91,2.94,3.62,2.48,3.04,3.57,none,1,student,1
7.92,1,2,7,2.78,5.0,1.38,1.77,1.0,2.65,under_challenged,2,student,0
7.96,1,2,0,3.21,2.52,3.53,2.76,2.38,3.03,none,1,student,0
7.58,0,4,2,2.23,3.22,1.46,1.71,2.28,1.85,under_challenged,2,employee,1
9.48,2,5,4,2.25,1.72,4.24,4.13,3.24,3.16,none,0,general,1
7.05,0,4,3,1.46,1.0,3.84,4.5,5.0,3.41,none,0,employee,1
9.38,4,2,6,3.2,2.16,2.78,3.19,3.13,2.78,none,1,student,0
9.17,0,3,7,1.49,1.8,4.63,4.1,4.91,4.23,none,0,employee,1
13.68,7,5,1,4.65,2.63,2.45,2.54,2.71,1.11,frenetic,3,student,0
9.95,0,0,7,1.94,4.97,2.0,1.24,2.12,4.24,under_challenged,2,student,0
7.41,2,8,2,3.67,4.65,1.0,1.78,1.47,1.83,worn_out,3,employee,0
12.56,5,1,0,5.0,4.26,1.68,1.49,1.47,2.82,worn_out,3,student,0
10.24,1,8,1,4.55,4.12,1.56,2.05,1.64,2.22,worn_out,3,employee,1
8.14,0,2,2,1.74,1.93,4.45,3.92,3.61,4.32,none,0,student,1
7.78,1,3,1,3.28,4.16,2.47,2.52,1.28,2.28,under_challenged,1,employee,1
8.76,0,6,2,3.3,2.98,3.71,4.11,2.04,2.83,none,1,employee,0
13.31,1,5,2,3.92,4.97,1.21,1.47,1.39,2.19,worn_out,3,student,1
7.54,1,1,2,2.49,1.77,3.96,4.13,4.27,4.56,none,0,student,1
8.75,0,7,3,2.09,2.83,3.57,2.23,2.49,3.51,none,1,employee,0
13.63,2,6,0,5.0,4.52,1.2,1.81,1.48,2.43,worn_out,3,employee,0
13.17,1,6,1,4.3,4.66,1.52,2.13,1.0,2.08,worn_out,3,employee,1
10.0,2,2,3,2.32,4.31,2.84,1.87,2.27,2.38,under_challenged,1,employee,0
8.41,1,3,5,2.85,3.11,2.87,2.4,2.32,3.42,none,1,student,0
12.15,5,6,1,4.74,3.89,1.68,1.23,1.65,1.3,worn_out,2,employee,1
10.51,3,8,2,4.0,4.86,2.18,1.4,1.16,2.09,worn_out,3,employee,1
9.65,0,4,5,2.64,1.43,3.6,5.0,4.2,3.32,none,0,employee,1
8.72,0,2,2,3.64,4.02,1.87,1.16,1.97,2.86,under_challenged,1,student,0
14.67,5,9,0,4.19,2.22,3.09,2.7,1.56,1.28,frenetic,2,employee,0
7.74,0,2,9,1.52,1.45,3.53,3.04,4.96,2.83,none,0,employee,1
10.45,0,6,1,2.99,2.48,2.97,3.59,2.63,2.27,none,1,general,0
10.27,2,6,0,3.59,4.53,1.32,1.0,1.43,1.36,worn_out,3,employee,0
13.3,2,7,1,4.27,3.43,2.18,2.43,4.0,1.78,frenetic,3,general,1
14.7,2,3,1,3.76,3.5,2.12,1.13,1.23,1.43,worn_out,3,student,1
11.88,1,4,1,4.78,5.0,1.59,1.29,1.07,2.6,worn_out,2,general,1
7.04,0,3,4,1.76,1.52,4.31,4.78,3.67,4.45,none,0,student,0
7.47,2,3,6,2.24,1.36,4.23,3.46,4.78,4.3,none,0,employee,0
10.99,1,3,1,2.96,1.8,3.2,4.14,3.08,2.97,none,1,student,1
11.0,2,4,2,3.52,2.75,2.46,3.37,3.21,1.71,none,1,student,0
8.13,1,2,4,2.99,3.12,2.39,1.0,3.24,4.95,under_challenged,2,student,0
10.87,3,2,2,4.56,4.57,2.25,1.58,1.0,1.18,worn_out,3,student,1
8.17,0,1,8,1.42,1.67,3.94,3.67,4.64,4.54,none,0,employee,0
10.13,4,7,1,4.82,3.1,2.84,1.9,3.12,1.36,frenetic,3,employee,0
8.29,0,1,3,2.27,1.62,4.67,4.22,3.71,3.77,none,0,student,1
10.09,0,3,4,1.83,3.33,1.69,1.5,2.05,3.56,under_challenged,1,general,1
7.17,0,3,6,2.7,1.13,4.39,5.0,3.98,3.92,none,0,general,0
7.5,1,4,3,1.5,2.23,3.73,5.0,3.2,3.54,none,0,general,1
10.91,0,3,4,2.53,2.2,3.64,2.99,2.93,1.43,none,1,student,1
9.44,3,6,0,3.08,3.79,3.32,2.74,3.46,4.2,none,1,general,0
7.54,0,2,5,2.07,1.31,4.45,4.23,3.73,3.73,none,0,student,0
10.58,0,2,5,1.45,1.29,4.05,4.16,4.18,3.67,none,0,student,1
7.68,1,3,1,2.37,4.49,2.1,1.02,1.5,4.05,under_challenged,2,employee,1
9.69,0,7,5,2.77,2.92,4.28,3.48,2.79,1.85,none,1,general,1
9.14,0,4,5,1.76,1.58,4.67,4.31,4.67,3.23,none,0,employee,1
7.84,0,2,2,2.29,4.56,1.03,2.0,2.98,3.53,under_challenged,2,employee,0
7.4,1,3,3,2.3,4.82,1.37,1.47,1.31,5.0,under_challenged,1,employee,0
8.94,3,7,2,4.38,4.45,2.0,1.68,1.3,3.42,worn_out,2,general,0
11.07,7,3,0,4.6,1.5,2.73,1.0,2.01,1.85,frenetic,2,student,0
8.08,1,3,1,1.35,2.26,4.99,4.77,4.4,3.26,none,0,employee,0
8.94,0,2,4,2.04,1.58,4.26,3.7,3.31,5.0,none,0,student,0
10.3,1,1,6,1.41,1.95,4.24,3.57,4.56,4.32,none,0,student,1
13.77,3,11,1,4.92,1.83,2.43,3.5,3.35,1.32,frenetic,3,employee,0
12.12,1,5,1,4.69,4.59,2.4,1.0,1.56,2.3,worn_out,3,student,1
7.34,0,4,5,1.89,1.91,4.42,4.03,4.58,4.43,none,0,general,0
7.43,0,1,2,1.13,4.44,2.01,2.23,2.85,4.35,under_challenged,1,student,1
12.47,3,7,1,4.8,5.0,1.82,1.26,1.36,1.02,worn_out,3,general,1
13.26,1,9,1,3.62,4.44,1.59,1.1,2.01,2.03,worn_out,3,general,1
13.52,6,5,1,4.0,1.5,1.85,3.09,3.38,1.48,frenetic,2,student,0
9.95,2,5,1,4.86,4.23,2.54,1.74,1.0,1.43,worn_out,2,general,0
12.14,1,2,1,3.76,4.49,1.52,1.23,2.15,1.0,worn_out,3,student,1
8.41,2,0,4,2.57,5.0,2.25,1.83,2.39,3.18,under_challenged,2,employee,0
11.95,3,9,0,4.45,2.37,2.73,1.96,2.63,1.58,frenetic,2,employee,0
10.15,1,3,3,3.17,3.47,3.55,2.45,2.55,2.22,none,1,student,1
11.87,1,3,1,2.87,3.31,2.45,2.77,2.1,2.09,none,1,general,1
12.42,2,4,3,4.24,4.5,1.0,1.7,2.15,2.05,worn_out,2,student,1
7.23,0,4,4,2.4,1.0,4.08,4.75,3.99,3.5,none,0,employee,0
13.13,1,5,0,5.0,5.0,2.76,1.77,1.48,2.2,worn_out,3,employee,1
7.07,0,4,3,1.0,1.0,4.02,3.96,3.77,3.24,none,0,employee,0
13.32,1,4,0,5.0,5.0,1.67,2.16,1.68,1.0,worn_out,3,employee,1
7.56,0,3,4,2.36,2.54,4.51,5.0,4.02,3.98,none,0,employee,0
10.47,0,3,5,1.44,4.4,2.43,3.0,1.43,2.82,under_challenged,2,employee,1
7.39,1,3,0,1.79,2.71,1.78,2.04,1.78,4.2,under_challenged,2,employee,1
9.25,4,4,1,3.51,2.6,3.66,3.51,2.94,3.09,none,1,employee,0
8.56,0,3,0,2.16,3.88,2.98,2.05,3.19,3.46,under_challenged,2,employee,1
13.21,5,12,0,4.21,2.02,2.41,3.02,2.72,1.0,frenetic,2,general,1
11.81,2,10,0,4.81,1.99,2.29,2.3,3.02,2.05,frenetic,2,general,0
8.08,1,7,1,2.47,2.73,3.06,2.6,1.56,2.85,none,1,employee,0
9.23,4,7,2,4.02,4.19,2.11,1.56,1.81,1.79,worn_out,3,employee,0
8.82,0,4,1,3.38,3.12,3.35,1.56,2.77,3.09,none,1,employee,0
6.4,1,3,5,2.03,1.51,4.36,4.1,4.31,4.16,none,0,employee,0
10.46,1,3,4,2.82,3.93,1.51,1.39,1.94,3.46,under_challenged,2,employee,1
8.99,0,5,6,2.45,1.48,3.95,4.47,4.06,2.91,none,0,employee,1
8.82,0,1,3,1.4,1.48,2.8,4.56,4.27,4.29,none,0,student,1
7.52,0,3,3,1.55,2.07,3.63,4.1,5.0,3.96,none,0,employee,0
14.52,6,5,0,4.92,4.11,1.96,2.25,2.87,1.0,frenetic,2,student,1
8.94,1,4,4,3.12,2.52,3.45,2.47,2.51,2.15,none,1,general,1
9.75,2,4,3,2.77,3.31,3.98,1.5,3.02,2.26,none,1,employee,1
13.45,6,8,0,5.0,3.13,2.85,2.54,2.01,1.05,frenetic,3,general,1
10.53,1,4,1,2.15,1.75,3.37,2.66,3.54,3.35,none,1,general,1
11.77,1,3,0,2.74,1.95,2.74,2.13,2.49,1.72,none,1,student,1
9.58,1,2,1,1.8,2.84,2.38,3.68,3.25,3.02,none,1,general,0
8.75,2,5,1,2.39,2.1,3.09,4.09,2.75,2.24,none,1,employee,1
8.3,0,2,8,2.05,1.74,4.45,3.98,4.2,4.09,none,0,employee,1
13.15,2,8,1,4.34,4.39,2.14,1.09,1.3,1.0,worn_out,2,employee,1
8.73,2,6,4,2.98,2.96,2.37,4.14,2.95,2.42,none,1,general,0
10.69,5,3,2,4.79,4.03,1.36,1.98,1.0,2.42,worn_out,2,student,0
6.32,0,1,4,2.83,4.46,2.0,1.56,1.48,3.16,under_challenged,2,student,0
10.32,5,3,1,4.41,4.52,1.33,1.23,1.44,2.18,worn_out,3,student,1
12.09,1,7,2,4.74,4.84,2.32,1.72,1.46,1.16,worn_out,3,general,1
9.2,0,4,5,1.44,1.96,3.98,4.36,4.07,4.29,none,0,general,1
6.76,0,2,1,1.48,1.94,4.34,3.81,4.07,4.04,none,0,general,0
9.85,2,3,4,3.37,1.97,3.06,2.27,3.26,2.56,none,1,employee,1
7.26,0,2,1,2.2,4.18,2.8,1.0,2.39,3.61,under_challenged,1,student,0
12.08,4,8,1,4.07,3.17,2.0,1.79,2.24,1.0,frenetic,3,employee,1
9.39,0,3,1,4.13,5.0,1.0,1.84,1.67,2.35,worn_out,2,student,0
8.26,1,6,1,3.56,1.44,3.32,2.44,4.32,2.23,none,1,general,1
8.73,0,5,2,3.9,4.56,1.0,1.34,2.17,1.54,worn_out,2,employee,0
13.5,4,8,1,4.21,3.13,2.69,2.29,3.3,1.0,frenetic,3,employee,0
10.06,2,4,0,4.36,3.59,3.11,1.84,2.46,1.23,frenetic,3,student,0
7.46,0,3,4,1.76,1.0,4.36,5.0,4.09,3.85,none,0,general,0
8.28,1,6,1,2.37,2.44,3.43,3.5,3.52,2.65,none,1,employee,0
7.0,1,7,2,4.74,4.45,1.38,1.52,2.31,1.82,worn_out,2,employee,0
8.27,0,4,1,1.35,1.36,3.72,4.04,3.99,4.44,none,0,employee,0
8.94,3,2,1,4.81,4.37,2.4,1.12,1.44,1.45,worn_out,3,employee,1
8.17,0,2,5,2.78,4.39,2.1,2.05,2.08,2.62,under_challenged,1,employee,0
12.16,2,9,0,5.0,4.52,1.87,1.5,1.47,1.9,worn_out,3,employee,1
10.52,4,4,0,2.42,2.02,2.87,3.34,3.88,2.55,none,1,student,0
11.41,2,2,1,4.01,4.55,1.53,1.1,1.24,1.73,worn_out,3,student,1
7.84,0,3,5,1.72,1.72,3.68,3.94,4.42,3.62,none,0,employee,0
9.83,2,4,8,1.12,1.06,4.61,3.69,4.41,3.58,none,0,employee,1
8.11,0,2,4,1.64,1.67,3.59,4.24,3.99,4.04,none,0,employee,1
12.52,4,6,0,4.5,2.89,3.61,1.53,2.6,1.53,frenetic,2,student,1
7.3,0,3,10,2.21,2.49,3.97,3.81,3.18,3.74,none,0,student,0
12.39,3,4,1,4.29,3.04,2.21,2.78,3.88,1.47,frenetic,3,student,0
12.45,0,5,0,4.28,4.85,2.36,1.38,2.15,2.84,worn_out,3,employee,1
9.1,0,7,4,2.63,3.82,3.08,3.06,3.09,1.99,none,1,employee,1
11.42,3,3,0,4.15,4.55,1.7,1.0,2.07,1.43,worn_out,3,employee,1
9.18,3,4,1,4.83,4.84,1.72,1.27,1.23,1.14,worn_out,3,student,1
7.84,1,5,0,3.35,2.56,3.29,3.0,2.69,3.88,none,1,general,0
13.73,7,5,1,4.25,3.53,2.32,2.6,2.87,1.73,frenetic,3,student,0
6.14,0,3,2,2.13,4.18,2.55,1.86,1.98,1.8,under_challenged,1,general,0
9.52,2,1,5,3.91,4.15,3.5,1.76,2.49,3.55,under_challenged,1,employee,1
6.21,0,2,1,1.34,1.01,4.18,4.75,4.34,5.0,none,0,employee,0
8.89,1,1,6,2.42,2.02,3.61,4.08,5.0,4.75,none,0,student,1
7.9,1,3,7,1.52,4.06,2.78,1.48,1.1,3.24,under_challenged,2,employee,0
14.81,2,4,0,5.0,4.56,1.0,1.85,1.15,1.95,worn_out,3,student,1
8.98,1,2,5,1.23,1.05,4.08,4.0,4.32,3.69,none,0,student,1
15.4,7,8,1,4.69,3.89,2.53,2.52,1.11,1.0,frenetic,3,employee,1
9.03,0,3,5,1.87,2.3,4.35,4.6,4.2,3.42,none,0,general,1
8.01,0,2,7,1.79,2.57,3.36,3.29,3.45,4.86,none,0,student,0
8.54,0,1,7,1.87,1.65,4.95,4.44,3.67,3.27,none,0,student,1
6.6,1,1,6,1.83,1.16,4.83,3.8,4.03,3.99,none,0,student,0
9.85,0,2,4,1.6,1.56,4.81,4.08,4.79,3.91,none,0,student,1
8.79,1,4,6,1.76,1.77,4.74,5.0,3.79,3.66,none,0,employee,0
11.49,5,2,0,4.33,4.08,2.12,1.72,1.92,1.0,worn_out,3,employee,1
9.51,2,6,1,3.99,4.18,2.41,2.08,1.55,1.26,worn_out,2,general,0
11.19,1,6,3,1.96,1.44,3.58,2.91,2.91,3.04,none,1,employee,1
11.83,3,5,2,4.32,4.79,1.41,1.42,1.89,1.06,worn_out,3,employee,0
13.49,5,8,0,4.44,3.81,3.5,1.0,2.53,1.38,frenetic,2,employee,0
8.28,1,5,5,1.63,1.7,4.89,3.36,3.61,3.79,none,0,general,0
12.49,3,8,1,4.35,2.47,2.17,2.13,1.85,1.0,frenetic,3,employee,1
6.22,1,4,2,2.49,3.26,2.89,2.64,3.46,3.1,under_challenged,1,general,1
10.16,2,4,4,2.18,3.04,3.33,4.08,3.18,1.39,none,1,employee,1
14.39,5,8,0,3.91,3.82,3.42,2.51,1.44,1.0,frenetic,3,general,1
11.18,0,3,2,4.17,4.82,2.71,1.49,2.69,1.74,worn_out,3,student,1
10.99,5,4,0,3.66,4.41,1.0,1.49,2.34,1.0,frenetic,3,student,0
13.51,5,9,1,4.97,2.15,2.69,2.36,2.61,1.0,frenetic,2,employee,1
12.21,2,8,1,4.85,4.24,2.18,1.61,2.07,1.0,worn_out,3,general,1
12.08,2,2,2,4.37,4.32,1.97,1.63,1.0,2.59,worn_out,3,student,1
8.7,0,4,4,1.54,1.75,4.71,4.2,4.47,3.87,none,0,employee,0
8.19,0,1,3,1.26,3.68,2.93,1.38,3.07,4.49,under_challenged,2,student,1
14.0,1,2,1,4.95,4.56,2.3,2.1,1.56,2.54,worn_out,3,employee,0
9.65,0,3,5,2.48,4.93,1.21,2.15,1.98,4.34,under_challenged,2,general,1
7.56,1,2,1,1.37,3.79,2.17,1.0,1.0,1.5,under_challenged,1,employee,0
12.39,2,6,0,4.15,4.1,3.0,1.62,1.32,1.16,worn_out,3,employee,1
10.43,2,5,4,2.81,2.21,2.87,3.23,2.24,1.37,none,1,general,1
7.3,0,3,4,1.47,4.1,2.77,1.73,2.35,3.32,under_challenged,2,general,0
14.47,4,4,0,4.01,3.19,2.95,2.56,1.41,1.89,frenetic,3,student,1
12.82,3,8,0,4.57,2.93,2.94,1.44,3.37,2.46,frenetic,3,employee,0
7.24,0,2,6,2.19,2.75,3.86,4.58,4.11,4.67,none,0,employee,1
8.7,0,2,7,1.0,2.31,4.11,4.48,4.12,4.38,none,0,student,1
7.44,0,1,3,2.12,1.65,3.7,3.83,3.7,4.55,none,0,student,0
13.63,7,8,0,5.0,2.02,1.98,2.04,2.83,1.49,frenetic,2,general,1
13.33,2,5,1,4.2,5.0,1.89,1.42,2.36,2.17,worn_out,3,employee,1
10.9,3,3,3,1.5,2.8,4.21,2.34,3.35,1.43,none,1,student,1
9.23,4,2,3,2.78,2.45,3.36,2.3,3.52,2.77,none,1,student,0
14.18,3,5,0,4.18,3.45,1.91,1.66,1.93,2.43,frenetic,3,student,0
10.48,3,3,1,4.55,4.48,2.28,1.0,1.0,1.0,worn_out,3,student,1
8.66,0,4,2,2.21,1.82,2.77,2.95,3.12,1.45,none,1,employee,1
11.37,4,6,1,4.6,3.23,3.51,2.77,2.14,1.79,frenetic,3,student,0
9.23,0,2,4,1.04,1.46,3.55,4.84,3.79,3.35,none,0,student,1
8.95,2,1,4,2.33,4.94,1.68,1.36,2.7,1.0,under_challenged,2,employee,1
9.33,0,2,3,2.43,3.69,1.63,1.82,1.3,2.21,under_challenged,2,employee,1
7.55,0,3,6,1.28,1.55,4.41,4.83,4.25,3.01,none,0,general,0
6.95,0,3,4,2.39,2.11,4.43,4.31,4.38,3.61,none,0,general,0
8.98,0,2,5,1.68,1.84,3.27,3.65,4.2,3.58,none,1,student,0
9.29,1,3,4,1.8,2.57,3.05,2.64,2.62,2.01,none,1,general,0
7.6,1,2,2,2.93,3.88,2.08,1.0,1.0,2.38,under_challenged,2,employee,0
10.57,4,6,2,4.39,4.73,1.85,1.56,1.8,1.46,worn_out,2,general,1
8.37,0,2,8,2.86,1.83,4.07,3.89,4.26,3.97,none,0,general,1
7.08,2,6,1,2.61,3.02,4.05,2.69,2.11,3.36,none,1,employee,0
6.5,0,5,4,2.05,1.61,3.95,4.3,3.61,4.81,none,0,general,0
8.89,0,2,4,1.82,1.94,3.89,4.89,3.84,3.56,none,0,student,1
11.44,4,10,1,4.62,2.76,3.19,2.82,1.73,1.0,frenetic,3,general,1
7.84,1,3,5,3.41,3.88,3.11,2.09,2.52,4.3,under_challenged,1,employee,0
8.39,0,5,0,2.21,4.53,1.74,1.39,1.0,3.68,under_challenged,1,general,1
9.05,1,4,4,4.0,3.07,3.2,4.13,3.35,2.58,none,1,general,1
12.11,1,6,2,2.67,3.63,2.31,3.21,2.83,2.24,none,1,employee,1
10.46,2,8,1,4.22,2.59,2.21,1.76,2.16,1.46,frenetic,3,employee,0
7.24,0,0,7,2.83,4.63,1.06,1.11,1.39,4.2,under_challenged,2,student,0
8.18,0,2,4,1.77,2.02,4.35,5.0,3.69,4.12,none,0,employee,1
11.07,0,6,2,4.06,4.76,2.25,1.0,1.66,1.0,worn_out,2,general,0
10.77,0,5,4,3.25,2.48,2.65,3.99,4.2,2.21,none,1,employee,0
12.08,4,9,1,4.42,3.74,2.73,2.19,1.47,2.67,frenetic,3,employee,0
11.85,1,7,2,4.2,4.53,2.01,1.43,1.41,1.0,worn_out,3,employee,1
8.15,0,3,5,2.44,1.05,4.37,4.6,3.53,4.1,none,0,student,0
8.71,0,3,3,2.52,2.44,3.46,3.49,2.18,2.88,none,1,student,1
8.52,0,6,0,3.13,2.23,2.55,3.78,2.38,3.08,none,1,employee,0
12.83,5,9,0,4.0,3.02,3.19,1.37,2.19,1.08,frenetic,3,employee,1
6.22,2,3,2,2.33,3.26,2.17,2.32,2.12,3.14,under_challenged,1,general,0
10.15,1,5,3,1.98,1.67,2.86,3.02,2.41,3.29,none,1,general,1
8.48,0,3,8,1.0,1.65,3.7,4.4,3.89,3.1,none,0,employee,1
6.52,0,4,6,3.16,1.28,4.54,3.48,5.0,4.28,none,0,employee,0
9.81,1,4,3,1.93,2.34,3.78,2.99,2.15,2.55,none,1,general,0
13.2,7,5,1,5.0,1.59,2.67,3.16,1.92,1.57,frenetic,3,student,0
14.05,2,9,0,3.68,3.2,2.74,2.42,2.49,1.44,frenetic,3,general,1
9.55,4,3,0,3.96,4.33,2.38,2.08,2.01,1.12,worn_out,3,employee,0
9.37,3,4,2,2.83,2.82,3.16,2.39,3.1,1.73,none,1,student,1
9.56,1,2,0,1.5,4.3,1.41,1.47,1.73,3.72,under_challenged,2,general,1
9.63,1,1,2,2.41,4.42,1.71,1.72,1.91,2.58,under_challenged,2,student,1
12.63,6,5,0,4.63,2.93,2.25,3.12,3.3,1.0,frenetic,3,student,1
9.77,1,6,1,3.59,4.75,1.92,1.11,1.08,1.95,worn_out,3,employee,1
10.98,1,5,3,2.8,1.81,2.39,2.56,3.01,2.93,none,1,general,1
8.13,0,2,4,1.8,1.87,3.84,4.27,4.09,3.99,none,0,student,1
11.91,2,3,1,4.71,4.55,1.22,1.84,1.83,1.3,worn_out,3,employee,1
9.71,0,2,4,2.5,3.35,2.08,1.27,1.33,3.5,under_challenged,2,employee,1
9.73,0,6,2,2.96,3.05,3.1,2.17,3.07,3.05,none,1,employee,0
12.88,4,5,1,4.76,3.03,2.77,1.21,2.81,1.0,frenetic,2,student,1
9.09,1,2,4,2.78,2.37,2.55,4.02,2.99,2.48,none,1,student,1
7.09,0,4,4,1.19,1.34,4.0,4.27,3.18,3.8,none,0,employee,0
10.62,7,6,1,4.11,3.92,2.24,2.44,3.78,1.47,frenetic,3,employee,0
13.93,4,5,0,4.72,1.94,1.36,1.73,3.25,1.0,frenetic,2,student,1
9.78,2,3,0,3.72,5.0,1.16,1.71,1.0,1.09,worn_out,2,student,1
13.38,2,9,0,4.09,3.8,1.8,1.93,1.56,1.46,frenetic,2,employee,0
15.21,5,6,1,5.0,2.41,2.0,2.51,1.52,1.45,frenetic,3,student,1
10.73,0,2,6,1.39,2.09,4.34,3.62,3.18,4.04,none,0,student,1
10.12,2,3,5,2.44,2.4,3.27,3.08,1.84,2.05,none,1,student,1
9.16,0,1,8,2.17,1.48,4.03,4.05,3.5,4.22,none,0,general,1
7.9,0,2,1,3.28,4.31,1.0,1.52,1.66,2.73,under_challenged,1,student,1
14.02,6,9,0,4.79,4.85,1.29,2.54,3.27,1.66,frenetic,2,employee,1
11.13,4,7,0,4.61,4.57,1.84,1.82,1.33,2.1,worn_out,3,general,0
14.73,5,9,0,3.88,2.16,2.22,1.72,1.92,1.72,frenetic,3,employee,1
8.54,3,5,3,2.92,1.29,3.93,1.98,2.84,4.36,none,1,employee,0
9.72,0,3,2,1.68,2.93,3.34,2.7,3.99,2.83,none,1,student,1
8.42,0,1,5,1.33,1.42,4.24,3.84,4.0,4.21,none,0,employee,1
9.35,1,6,1,3.59,1.71,3.23,1.94,3.02,1.75,none,1,employee,1
8.54,0,1,5,2.41,1.49,4.13,4.06,3.62,2.15,none,0,employee,1
8.95,1,2,4,3.1,2.88,2.98,2.97,3.22,2.92,none,1,student,0
10.4,1,6,4,3.07,2.76,3.29,3.19,2.78,1.0,none,1,employee,1
12.32,4,5,0,4.27,3.86,3.01,1.38,2.64,1.51,frenetic,2,student,0
8.41,0,1,3,2.75,4.34,2.42,1.64,2.13,3.64,under_challenged,2,student,1
14.68,5,7,1,5.0,3.74,1.26,2.66,3.18,1.1,frenetic,3,employee,1
13.15,1,4,0,4.74,4.63,2.35,2.0,2.13,1.87,worn_out,3,general,1
7.12,0,3,1,2.12,4.53,2.59,1.98,1.0,2.81,under_challenged,2,employee,1
10.93,0,5,3,3.66,1.93,3.45,3.79,2.27,1.92,none,1,employee,1
9.57,0,6,4,3.41,2.81,3.13,3.21,2.3,3.31,none,1,general,0
9.0,0,2,5,1.63,1.0,4.71,4.58,4.1,4.04,none,0,student,0
8.43,0,5,7,2.11,1.98,2.84,3.99,3.8,4.77,none,0,employee,0
8.96,0,1,5,1.61,2.52,3.96,4.47,4.59,2.75,none,0,student,1
7.87,0,3,6,1.67,2.3,3.7,4.04,3.6,4.12,none,0,employee,1
11.18,5,8,0,4.24,3.61,2.99,2.35,2.27,1.17,frenetic,3,employee,0
8.77,0,2,6,1.73,1.83,4.9,3.89,3.66,4.27,none,0,employee,0
9.83,0,5,1,2.12,2.57,3.3,3.25,2.91,2.24,none,1,employee,1
6.94,0,1,5,1.62,1.0,4.68,4.68,3.53,3.76,none,0,student,0
10.59,0,4,6,1.75,1.35,3.7,4.74,4.0,3.81,none,0,employee,1
11.2,2,4,3,2.98,2.15,2.14,3.17,2.95,2.59,none,1,student,1
7.14,1,3,3,2.6,4.56,1.89,1.81,2.85,4.29,under_challenged,2,employee,0
11.17,4,10,0,4.09,1.66,3.3,2.15,2.91,1.0,frenetic,2,employee,1
11.07,0,8,3,3.28,2.33,2.74,2.31,1.83,1.41,none,1,employee,1
7.46,1,3,7,1.9,1.0,4.75,3.99,3.85,2.74,none,0,general,1
11.45,1,2,5,1.2,1.54,5.0,4.73,4.69,3.2,none,0,general,1
6.31,0,2,5,2.4,4.14,2.45,1.8,1.42,4.93,under_challenged,1,employee,0
8.05,0,1,11,2.57,1.0,3.28,4.22,4.49,4.23,none,0,employee,1
9.46,3,2,2,3.42,4.68,2.78,1.0,1.51,1.67,worn_out,3,employee,1
8.37,3,3,3,2.78,2.16,3.23,2.72,2.44,2.15,none,1,student,1
9.85,3,7,0,4.71,4.26,1.06,1.57,1.28,1.0,worn_out,3,employee,1
12.88,1,3,1,3.39,2.36,2.01,4.56,2.19,2.24,none,1,student,1
8.59,0,1,5,1.97,1.77,4.25,4.26,3.52,4.25,none,0,general,1
12.83,5,5,1,3.86,4.65,1.26,1.86,1.0,2.2,worn_out,3,employee,1
9.89,4,5,4,3.32,1.9,2.75,3.9,2.46,3.59,none,1,general,0
11.66,3,7,1,4.92,3.93,2.6,2.31,3.05,1.16,frenetic,3,employee,1
12.2,2,2,0,3.53,4.78,2.31,2.25,2.17,1.0,worn_out,3,employee,1
7.44,0,2,5,2.01,4.41,1.98,1.04,2.38,3.36,under_challenged,2,student,1
12.87,2,7,0,3.53,3.77,2.13,3.41,2.63,1.7,frenetic,3,general,1
9.67,1,2,0,4.45,3.57,1.83,1.22,1.4,1.05,worn_out,3,student,0
15.57,2,8,1,3.86,2.54,2.74,1.76,3.71,1.79,frenetic,2,general,1
15.88,4,11,0,3.74,3.17,2.34,1.68,3.82,1.0,frenetic,3,employee,1
13.75,5,7,0,4.28,2.99,2.75,1.21,3.56,1.0,frenetic,3,general,1
13.74,1,3,1,3.54,4.58,1.83,1.0,1.83,2.54,worn_out,3,employee,1
8.0,1,3,7,1.67,1.41,3.59,4.56,4.31,4.8,none,0,employee,0
10.77,2,3,2,2.95,2.13,2.78,3.62,3.12,1.56,none,1,employee,1
12.12,3,7,2,5.0,4.56,2.39,1.4,2.09,2.88,worn_out,3,employee,0
6.03,0,3,3,2.33,3.96,1.6,1.0,2.39,3.61,under_challenged,1,general,0
10.11,3,3,3,4.68,4.8,1.53,1.0,1.72,1.39,worn_out,2,general,1
13.25,5,4,1,4.67,5.0,2.12,1.13,1.14,1.59,worn_out,3,employee,1
11.94,0,9,1,5.0,4.25,1.57,1.44,1.0,1.0,worn_out,3,employee,1
12.32,4,3,1,4.67,3.69,1.24,1.68,1.72,2.41,worn_out,3,employee,1
8.07,0,3,5,1.34,1.0,4.53,4.26,4.09,4.37,none,0,general,0
13.57,2,5,1,4.56,3.86,2.55,2.98,3.28,1.0,frenetic,3,student,1
9.49,1,3,0,3.83,5.0,2.15,1.0,2.89,2.39,under_challenged,2,employee,1
13.97,6,8,1,3.94,3.88,2.52,1.57,1.35,1.14,frenetic,3,general,0
7.0,1,4,5,2.54,2.97,3.42,3.73,3.23,3.42,none,1,employee,0
5.76,1,1,7,3.07,4.29,1.44,2.22,1.17,3.66,under_challenged,1,student,0
10.84,1,1,3,1.68,4.06,1.77,1.13,2.13,2.69,under_challenged,1,general,1
12.98,5,6,2,4.46,4.4,2.37,1.72,2.1,1.04,frenetic,2,employee,1
15.6,3,9,1,4.08,3.18,2.13,1.54,2.4,1.0,frenetic,2,employee,1
9.0,1,5,3,2.5,2.85,3.3,3.24,3.53,2.03,none,1,employee,1
11.22,4,4,1,4.17,1.5,2.89,3.02,3.06,1.84,frenetic,3,student,0
9.19,0,5,1,2.8,1.7,3.39,3.22,2.6,1.54,none,1,employee,0
8.28,0,4,5,1.39,1.15,4.57,4.01,4.2,3.41,none,0,general,1
9.25,0,4,1,2.95,3.58,3.76,2.73,3.29,3.08,none,1,employee,1
10.46,2,3,5,2.43,1.76,2.78,3.0,3.34,2.22,none,1,student,1
11.85,3,5,1,4.08,3.47,2.77,2.3,3.56,1.68,frenetic,3,student,0
10.55,0,1,3,3.33,3.81,1.52,2.24,1.99,1.53,under_challenged,2,student,1
8.62,3,6,1,3.61,2.96,3.52,2.93,3.75,3.66,none,1,general,0
7.8,1,4,2,2.74,2.79,3.93,4.06,4.27,4.45,none,0,employee,0
7.93,0,4,5,1.92,2.07,3.5,5.0,3.87,5.0,none,0,employee,0
6.97,0,5,5,1.67,1.24,3.43,4.57,4.04,4.37,none,0,general,0
7.49,0,3,1,2.76,3.9,2.48,1.0,1.13,4.54,under_challenged,1,general,1
12.61,4,9,0,4.24,2.09,1.34,1.9,1.66,1.25,frenetic,3,employee,0
7.25,0,2,3,2.45,3.73,3.07,1.85,3.43,3.31,under_challenged,1,student,0
8.43,2,3,2,3.29,4.73,1.53,1.96,3.19,3.19,under_challenged,1,employee,1
10.67,1,5,5,3.49,2.73,4.17,3.43,3.51,3.01,none,1,employee,1
8.49,2,5,3,2.58,1.98,2.71,3.4,3.55,3.41,none,1,employee,0
9.43,0,1,1,2.5,4.37,2.21,1.13,3.32,3.17,under_challenged,2,student,1
7.64,0,2,3,1.48,1.54,3.65,4.26,3.59,4.93,none,0,employee,0
8.68,0,2,4,2.5,4.77,2.64,1.75,2.38,3.87,under_challenged,2,employee,0
8.8,0,1,4,3.98,3.82,2.32,1.13,3.9,3.59,under_challenged,2,student,0
9.62,3,2,2,1.69,2.46,3.32,2.04,3.6,1.65,none,1,student,0
10.43,3,5,3,2.57,2.92,3.21,2.92,3.15,5.0,none,1,employee,0
8.4,0,2,3,2.51,1.82,4.54,4.26,4.62,5.0,none,0,employee,0
9.03,2,2,1,2.01,4.18,3.05,1.75,1.27,3.57,under_challenged,1,student,0
9.26,1,7,4,2.91,2.45,3.25,3.02,3.86,2.93,none,1,employee,0
8.23,0,2,5,1.57,1.0,5.0,4.2,3.94,3.55,none,0,student,1
8.53,2,4,1,4.19,4.76,1.74,1.63,1.13,2.75,worn_out,2,employee,0
13.2,6,7,0,4.24,2.98,2.02,1.82,3.16,1.54,frenetic,2,employee,0
8.41,2,4,7,2.6,1.15,3.69,4.04,3.19,4.9,none,0,employee,0
7.65,0,2,7,1.66,2.71,4.15,4.1,3.97,3.81,none,0,employee,0
6.88,0,4,5,2.26,2.02,3.99,3.51,3.97,3.99,none,0,general,0
12.4,2,3,2,3.15,2.18,2.06,2.65,3.8,1.57,none,1,employee,1
9.78,1,0,1,2.33,4.08,2.03,1.0,1.98,2.87,under_challenged,2,student,1
9.26,1,3,0,2.97,2.73,4.28,2.33,4.06,3.14,none,1,student,0
13.09,2,4,1,4.27,2.4,2.36,1.96,1.68,1.81,frenetic,2,student,0
10.23,0,3,2,2.4,4.34,3.23,1.7,1.63,4.02,under_challenged,2,student,1
12.29,1,3,2,4.2,4.92,1.45,2.11,1.73,1.0,worn_out,3,employee,1
9.71,0,1,7,1.52,1.25,4.88,3.69,3.99,3.98,none,0,general,1
10.02,3,9,0,3.99,3.99,2.22,1.41,1.91,1.0,worn_out,3,employee,1
10.71,0,6,3,2.34,2.64,3.46,3.08,5.0,2.84,none,1,employee,1
13.87,1,4,0,4.28,4.87,1.82,1.43,2.0,1.45,worn_out,3,employee,1
8.84,0,1,4,2.87,3.38,2.41,2.54,1.76,3.03,under_challenged,2,general,1
5.85,2,1,2,3.16,3.95,1.65,1.83,1.99,4.06,under_challenged,2,employee,0
9.32,0,1,8,1.69,1.73,4.08,4.16,4.0,4.23,none,0,student,1
7.53,0,2,1,2.31,1.07,4.21,3.59,3.81,4.24,none,0,general,0
15.01,7,4,0,4.25,2.98,1.85,1.62,3.51,1.09,frenetic,2,student,1
10.13,3,5,2,4.38,5.0,1.93,1.01,1.0,1.53,worn_out,2,employee,0
9.27,3,4,4,2.85,1.57,3.69,2.67,1.44,4.11,none,1,employee,1
11.68,1,5,1,4.88,5.0,1.71,1.0,1.39,1.78,worn_out,3,student,0
11.17,3,3,0,3.16,5.0,1.65,1.12,1.0,1.72,worn_out,3,general,1
9.95,3,6,3,3.12,2.07,2.91,2.84,3.16,4.16,none,1,employee,0
9.23,0,1,2,4.0,3.97,2.13,2.09,1.0,3.39,under_challenged,2,student,1
10.11,1,4,2,2.03,2.29,4.15,3.23,3.34,2.96,none,1,employee,0
12.04,2,6,0,3.92,3.41,3.4,1.97,3.57,1.25,frenetic,2,student,0
8.61,2,6,5,1.91,2.84,3.7,3.31,1.6,3.7,none,1,general,1
10.13,2,7,2,4.76,3.95,1.5,2.09,1.24,2.76,worn_out,3,employee,1
8.01,1,4,6,1.22,1.58,3.97,4.55,4.0,3.56,none,0,employee,0
6.87,0,2,6,1.57,1.72,4.51,4.34,4.18,4.3,none,0,employee,0
8.51,2,7,3,4.14,4.39,1.43,1.0,1.59,2.68,worn_out,2,employee,0
11.45,3,10,1,4.69,3.73,3.74,1.43,2.55,1.0,frenetic,3,employee,0
10.17,1,7,1,4.13,4.45,1.0,1.31,1.37,1.0,worn_out,2,employee,1
10.35,0,4,2,2.77,1.74,3.23,2.36,2.53,2.63,none,1,general,0
11.34,2,12,1,4.28,4.28,1.0,1.25,1.47,2.36,worn_out,3,employee,0
9.32,0,4,6,1.75,1.91,4.38,3.97,3.2,4.52,none,0,employee,1
6.86,0,3,4,1.86,1.0,4.25,4.96,4.96,4.53,none,0,student,0
13.23,4,9,2,4.33,4.92,1.78,1.08,1.78,3.06,worn_out,2,employee,0
7.56,1,3,5,1.99,2.6,3.6,4.42,3.77,4.51,none,0,student,0
11.8,3,6,2,2.7,2.59,2.19,2.88,2.0,3.85,none,1,employee,1
12.91,4,7,1,4.89,2.75,3.19,3.42,2.01,1.52,frenetic,3,employee,0
7.89,0,2,4,2.05,1.8,4.21,3.76,3.74,3.73,none,0,student,1
6.35,1,1,0,2.28,5.0,1.58,1.02,2.56,3.15,under_challenged,1,student,0
7.67,1,1,4,2.53,1.1,4.37,4.05,3.32,4.42,none,0,employee,0
8.19,4,1,1,5.0,5.0,1.43,1.44,1.0,2.35,worn_out,3,student,0
8.33,0,4,4,1.86,1.48,3.28,3.85,4.45,4.32,none,0,employee,1
11.75,0,6,0,3.83,4.81,1.0,1.03,1.0,1.0,worn_out,2,employee,1
13.41,4,7,1,4.64,1.51,1.59,2.98,3.45,1.0,frenetic,3,general,0
8.53,1,3,2,2.07,4.06,2.04,1.0,2.41,2.78,under_challenged,1,student,0
15.22,3,7,0,4.05,3.55,1.0,2.23,2.48,1.64,frenetic,3,general,1
9.2,2,2,7,1.56,1.31,3.27,3.79,4.35,4.36,none,0,student,1
11.82,2,4,1,4.23,4.79,2.05,1.81,1.0,1.8,worn_out,3,employee,1
13.79,6,8,0,5.0,3.27,2.65,1.69,2.09,1.26,frenetic,3,employee,1
10.31,1,2,5,3.25,2.04,2.52,2.98,3.74,3.16,none,1,student,1
8.23,0,2,2,1.83,1.0,4.08,5.0,4.74,4.21,none,0,employee,0
13.12,2,7,0,4.43,2.09,3.83,1.83,3.95,2.08,frenetic,3,employee,0
10.18,4,9,0,4.89,2.13,3.36,2.66,2.65,1.47,frenetic,3,general,1
7.63,1,5,3,1.62,2.18,4.69,4.49,3.12,3.86,none,0,general,0
6.17,0,3,4,2.64,1.0,3.63,3.72,4.19,3.87,none,0,student,0
14.53,6,5,0,4.29,4.0,2.62,2.47,1.92,1.0,frenetic,3,student,0
7.88,0,2,3,3.13,4.9,1.01,2.25,1.42,3.48,under_challenged,2,student,0
13.85,7,6,1,4.01,2.06,3.08,2.91,2.33,1.37,frenetic,3,general,0
14.23,6,10,1,4.4,2.11,3.34,2.72,2.46,2.3,frenetic,3,general,1
7.5,0,2,4,3.73,4.44,2.05,2.21,1.0,4.38,under_challenged,1,student,0
11.0,2,7,4,2.59,2.82,3.9,3.23,3.75,1.96,none,1,employee,1
13.77,5,9,0,4.28,3.02,2.88,1.64,1.96,1.0,frenetic,3,employee,1
11.39,3,1,0,4.51,4.93,1.73,1.79,1.0,2.22,worn_out,3,student,1
9.04,0,3,6,1.16,1.65,4.34,3.98,4.31,3.11,none,0,employee,1
12.44,2,8,1,4.27,2.46,2.25,1.22,2.3,1.01,frenetic,2,employee,0
7.72,0,3,1,1.82,2.22,3.89,4.07,3.55,4.85,none,0,employee,1
11.25,3,5,0,4.29,3.28,3.25,2.89,2.79,1.0,frenetic,3,student,1
8.71,4,5,5,3.48,1.83,3.62,3.63,2.55,1.69,none,1,general,0
10.05,1,1,3,2.44,3.64,3.5,1.52,2.27,4.27,under_challenged,1,employee,1
9.9,3,9,1,3.0,4.75,2.03,1.68,1.0,2.14,worn_out,3,employee,1
13.3,2,5,2,5.0,4.68,1.38,1.03,1.45,2.78,worn_out,3,student,0
6.81,1,3,5,1.8,1.09,3.66,4.27,3.42,4.49,none,0,employee,0
7.26,0,2,3,1.34,4.96,1.98,1.0,2.67,3.35,under_challenged,2,student,0
12.58,2,5,1,4.86,4.24,2.85,1.58,2.0,1.08,frenetic,3,employee,1
7.44,1,3,1,3.06,1.79,3.79,4.99,3.16,4.73,none,0,general,0
10.52,2,4,4,2.92,3.09,2.62,2.9,2.45,1.45,none,1,employee,1
12.65,5,8,1,4.14,2.57,2.18,1.79,3.6,1.1,frenetic,3,employee,0
8.67,0,2,3,1.67,3.76,3.06,1.27,1.51,3.75,under_challenged,1,general,0
9.79,2,8,2,3.75,4.6,2.25,1.76,2.53,1.94,worn_out,2,employee,1
9.32,0,1,2,3.58,3.76,2.45,1.47,3.08,4.12,under_challenged,2,general,1
10.53,0,1,4,2.61,3.55,3.21,1.6,1.24,3.52,under_challenged,2,student,1
12.63,4,4,0,4.16,4.1,2.5,1.56,1.72,1.47,worn_out,2,student,1
9.55,2,6,2,3.4,2.26,3.11,2.79,3.78,2.11,none,1,general,0
8.02,1,2,6,2.15,1.62,3.45,4.77,3.46,4.41,none,0,employee,0
6.44,0,3,7,1.25,1.36,3.89,4.72,4.43,5.0,none,0,employee,0
11.9,2,4,1,4.35,5.0,2.21,2.1,1.26,2.19,worn_out,3,employee,1
8.72,1,7,2,5.0,4.41,1.7,1.0,1.11,1.0,worn_out,3,employee,1
10.51,3,6,4,2.71,1.88,3.29,2.76,3.8,1.89,none,1,employee,1
7.37,0,2,6,2.59,1.95,4.67,4.64,5.0,4.43,none,0,employee,0
12.42,2,4,3,2.36,2.6,2.83,3.21,1.98,2.17,none,1,employee,1
13.13,5,2,0,4.78,4.31,1.98,1.93,1.39,1.71,worn_out,3,student,1
8.93,2,7,1,4.49,4.87,2.47,1.69,1.86,1.42,worn_out,3,employee,0
8.75,1,4,1,2.69,2.79,2.29,4.15,2.55,2.57,none,1,student,1
7.89,0,2,3,1.99,3.33,2.0,1.1,3.53,3.46,under_challenged,2,employee,0
12.36,6,4,1,4.61,3.5,1.97,1.99,2.89,1.74,frenetic,3,student,0
9.51,4,4,3,2.69,2.38,3.4,3.56,3.14,2.79,none,1,employee,0
8.04,0,2,7,2.14,1.83,5.0,4.41,3.76,4.09,none,0,employee,0
9.23,4,5,2,3.0,2.38,3.36,4.12,3.18,3.39,none,1,employee,0
12.44,2,6,0,4.31,3.08,3.1,1.66,1.77,1.28,frenetic,3,employee,0
12.28,4,2,0,4.77,4.68,2.68,1.11,1.0,2.61,worn_out,2,employee,1
12.55,2,9,0,4.17,4.1,2.69,2.73,2.18,1.98,frenetic,2,general,1
11.61,2,6,2,4.68,5.0,1.45,2.02,1.08,1.87,worn_out,3,employee,0
9.33,1,7,2,2.82,1.47,2.43,3.47,2.5,2.89,none,1,general,0
9.43,0,2,1,3.48,3.29,2.64,1.0,1.0,3.14,under_challenged,2,student,0
10.93,4,5,2,1.99,3.78,2.95,3.97,2.38,2.02,none,1,employee,1
12.55,2,7,0,4.42,4.22,2.41,1.25,1.41,1.0,worn_out,3,general,1
10.07,0,3,7,3.16,3.73,1.44,1.78,2.06,4.42,under_challenged,2,employee,1
7.59,0,1,5,2.47,1.18,4.19,3.89,4.49,3.2,none,0,employee,1
8.49,2,5,2,2.89,3.03,3.47,2.74,1.7,2.86,none,1,general,0
9.96,1,4,3,2.17,2.34,3.88,2.92,3.64,3.35,none,1,employee,1
9.13,2,6,4,3.22,2.18,4.56,2.48,3.11,2.37,none,1,employee,0
6.94,0,2,6,1.95,1.41,4.3,4.28,3.75,4.43,none,0,general,0
10.28,0,2,4,2.4,2.43,2.5,3.42,3.66,2.62,none,1,student,1
13.74,4,2,1,3.81,4.61,1.15,1.0,1.36,2.39,worn_out,2,student,1
7.55,0,4,6,1.75,1.54,3.46,3.88,4.1,4.17,none,0,general,1
7.87,0,1,1,1.66,5.0,1.61,1.81,2.21,4.72,under_challenged,1,student,0
7.41,0,2,10,2.36,1.0,3.74,4.36,3.64,3.29,none,0,employee,0
11.73,4,6,1,4.93,1.78,2.48,1.37,3.2,1.49,frenetic,3,student,0
11.38,2,7,5,5.0,4.48,2.02,1.31,1.0,1.76,worn_out,3,employee,0
9.08,1,2,3,1.71,1.3,4.23,4.04,3.58,4.32,none,0,employee,1
9.16,2,4,4,2.42,1.17,2.64,2.47,2.85,3.57,none,1,employee,0
10.82,2,4,0,3.62,4.78,1.45,1.0,1.0,1.0,worn_out,3,student,1
13.82,3,4,2,4.28,4.63,2.32,2.36,1.31,1.0,worn_out,2,employee,1
8.94,1,5,4,2.87,2.15,2.97,2.54,2.73,2.97,none,1,employee,0
11.7,0,7,2,4.94,4.41,1.93,1.15,1.76,3.47,worn_out,3,employee,0
9.99,2,3,1,3.14,1.15,2.68,2.23,2.83,1.23,none,1,student,1
9.09,1,4,2,2.97,3.48,3.52,3.39,2.14,5.0,none,1,general,0
10.0,7,5,1,5.0,3.64,2.31,1.0,2.31,1.41,frenetic,3,student,0
9.31,3,4,4,2.64,2.74,3.2,2.88,3.04,2.15,none,1,employee,1
7.79,0,1,5,2.36,1.12,3.66,4.59,4.75,3.63,none,0,student,0
7.51,0,2,4,1.9,1.4,4.0,4.61,4.63,4.61,none,0,student,1
8.65,3,4,1,3.41,2.99,2.57,2.61,4.54,3.43,none,1,employee,1
14.42,6,4,1,4.45,2.42,3.92,2.38,2.04,1.0,frenetic,2,student,1
7.27,1,4,2,3.21,1.86,2.42,3.36,3.56,2.73,none,1,general,1
10.54,2,6,3,4.29,4.15,2.66,1.31,1.0,2.04,worn_out,2,employee,0
16.0,5,5,0,4.65,3.04,1.89,2.45,1.5,1.0,frenetic,3,student,1
7.54,0,1,4,1.35,1.26,4.45,4.32,3.49,3.31,none,0,student,1
9.57,2,4,4,2.5,2.36,3.03,3.28,4.23,1.67,none,1,employee,1
8.21,0,4,3,2.5,3.0,2.85,2.99,3.76,4.03,none,1,employee,0
11.26,4,8,0,4.48,3.9,2.81,1.18,1.0,1.03,frenetic,3,student,0
7.05,0,3,4,3.03,5.0,2.69,1.0,1.0,3.12,under_challenged,2,employee,0
6.94,2,2,6,2.24,2.01,3.99,4.21,3.96,4.28,none,0,student,0
6.84,0,2,6,2.44,1.32,4.01,4.5,3.82,3.74,none,0,student,0
11.74,1,5,1,4.18,4.53,1.49,1.38,1.5,1.97,worn_out,2,employee,1
14.91,5,6,1,4.3,3.18,1.07,2.24,1.94,1.0,frenetic,3,employee,1
7.99,0,4,4,2.0,3.94,2.55,2.16,2.9,4.05,under_challenged,2,employee,0
12.77,2,4,2,4.8,4.83,1.52,1.3,1.32,1.75,worn_out,3,employee,1
9.21,0,3,2,2.08,2.8,3.23,3.13,2.09,2.57,none,1,student,1
13.43,3,9,0,4.31,2.31,3.48,3.06,2.4,1.52,frenetic,3,employee,1
7.45,1,2,2,3.39,5.0,2.08,1.18,1.38,3.24,under_challenged,2,general,0
10.31,4,5,2,3.29,2.5,3.56,3.13,3.46,3.21,none,1,employee,0
10.27,4,4,0,2.06,3.3,3.91,4.27,2.31,3.64,none,1,employee,0
15.06,3,8,0,4.15,3.81,3.53,2.79,2.17,1.26,frenetic,3,general,1
8.61,1,4,3,3.43,2.3,2.71,2.56,2.98,3.2,none,1,general,0
8.92,1,3,5,1.79,1.38,3.9,4.64,3.22,2.89,none,0,employee,0
10.34,2,5,1,3.8,4.59,1.58,1.1,1.53,3.2,worn_out,3,general,0
14.53,5,9,1,4.53,2.18,2.37,1.39,2.35,1.9,frenetic,3,general,1
10.15,0,3,5,3.45,1.81,3.25,3.85,3.69,2.67,none,1,student,1
12.35,4,10,0,4.4,2.96,3.53,1.99,2.3,1.1,frenetic,2,employee,1
13.11,4,3,2,5.0,3.54,3.0,1.0,1.59,2.4,worn_out,2,student,1
8.9,2,0,7,1.0,1.25,3.98,4.45,4.02,3.92,none,0,employee,0
6.38,1,3,4,2.78,2.27,4.37,4.69,3.26,4.63,none,0,employee,0
12.36,5,6,1,3.86,4.46,1.77,1.63,1.56,1.0,worn_out,3,general,1
10.71,4,5,0,5.0,2.69,2.71,2.48,3.39,1.85,frenetic,2,student,0
10.62,6,7,0,4.64,3.49,1.61,2.26,3.44,1.0,frenetic,3,employee,0
9.52,0,3,4,1.0,1.62,5.0,4.33,4.61,4.55,none,0,general,1
9.4,0,4,2,1.22,1.39,3.78,3.8,3.44,3.56,none,0,employee,1
9.0,0,4,5,1.85,1.43,4.16,4.69,4.14,3.83,none,0,employee,0
8.22,2,4,3,1.71,2.94,3.93,2.47,1.95,2.91,none,1,employee,0
11.5,5,4,0,4.6,4.8,1.47,1.0,1.61,2.26,worn_out,2,employee,1
11.23,2,4,3,2.53,2.9,3.44,3.29,2.93,2.31,none,1,employee,1
10.85,2,7,0,2.98,1.72,3.38,3.24,3.85,2.59,none,1,employee,1
9.02,1,5,2,3.17,1.95,3.2,3.11,1.34,3.0,none,1,employee,1
13.08,3,4,0,4.06,3.34,3.67,1.88,2.03,2.27,frenetic,3,student,0
13.63,2,2,2,4.85,4.95,2.12,1.71,1.57,1.08,worn_out,3,employee,0
10.39,1,3,0,4.72,4.96,1.46,1.79,1.41,1.0,worn_out,3,student,1
8.49,1,2,6,1.86,1.31,4.1,4.37,4.07,4.22,none,0,employee,0
13.2,4,10,0,4.58,2.27,1.98,2.39,3.45,1.13,frenetic,3,employee,0
8.23,0,6,2,2.36,2.53,3.51,4.0,2.14,2.66,none,1,employee,0
8.15,0,2,3,2.45,1.38,5.0,4.03,3.58,4.69,none,0,general,1
13.63,3,5,0,4.66,3.93,2.55,3.42,3.29,1.0,frenetic,3,student,1
12.1,2,7,0,4.39,4.86,1.82,1.0,2.54,1.73,worn_out,2,employee,1
8.6,0,3,5,1.3,1.0,4.62,4.37,4.25,3.22,none,0,employee,1
8.22,1,2,8,1.69,1.39,3.66,4.23,4.44,4.34,none,0,employee,1
13.42,3,5,1,4.72,1.92,2.62,3.45,3.82,1.56,frenetic,3,student,1
12.7,2,4,1,4.12,4.18,2.05,1.0,1.54,2.89,worn_out,3,student,1
9.83,0,4,1,3.27,1.8,4.09,3.37,2.26,2.59,none,1,student,0
7.56,0,1,7,2.03,1.16,4.07,4.44,5.0,4.16,none,0,general,1
7.41,0,1,1,2.65,1.13,5.0,4.21,4.39,4.66,none,0,student,0
6.78,0,2,5,1.81,2.14,4.38,4.63,3.45,3.91,none,0,student,1
8.18,0,3,5,2.48,1.19,3.55,4.6,4.01,3.91,none,0,employee,0
10.0,1,5,2,2.57,2.93,4.37,2.54,2.26,2.37,none,1,general,0
9.39,1,4,1,3.88,4.33,2.68,1.67,1.24,1.73,worn_out,3,student,1
9.18,0,2,6,1.71,1.84,4.78,4.17,3.84,4.15,none,0,employee,1
10.25,3,5,4,2.88,3.18,3.5,3.37,2.77,2.25,none,1,general,1
10.42,0,4,4,1.73,2.12,4.42,3.57,4.4,4.29,none,0,employee,1
9.01,2,5,0,1.71,3.1,4.0,1.66,2.96,1.82,none,1,general,1
13.58,5,8,0,4.19,4.03,3.23,3.04,4.0,1.0,frenetic,3,employee,1
8.11,3,4,6,3.4,2.99,2.5,2.76,3.31,3.56,none,1,employee,0
13.54,2,7,0,4.46,2.91,3.5,3.02,1.4,1.4,frenetic,2,employee,0
12.7,2,7,0,5.0,3.11,2.08,1.0,3.59,1.05,frenetic,3,employee,1
14.85,7,8,1,4.42,3.25,1.16,1.0,1.1,1.16,frenetic,3,employee,1
5.52,0,2,0,2.94,4.29,1.71,2.23,2.14,3.41,under_challenged,2,student,0
7.16,0,3,5,2.61,5.0,1.75,1.65,2.67,2.98,under_challenged,2,employee,0
14.04,3,5,1,4.3,2.51,2.52,1.88,2.37,1.72,frenetic,2,student,1
10.79,1,3,8,1.0,1.59,3.79,2.82,4.11,3.82,none,0,employee,1
10.52,1,1,1,1.78,4.3,2.13,1.53,1.0,2.95,under_challenged,1,student,1
9.74,3,6,0,4.41,4.69,2.41,1.59,1.51,1.42,worn_out,2,employee,0
9.93,0,1,2,1.36,4.56,3.09,2.17,2.11,3.79,under_challenged,2,student,1
8.69,2,3,1,2.29,1.7,2.83,2.56,3.53,2.96,none,1,employee,0
7.23,1,2,3,2.93,5.0,1.5,1.14,2.3,4.32,under_challenged,2,student,0
7.04,0,2,6,1.97,1.5,4.57,5.0,4.03,4.48,none,0,student,0
9.5,3,5,4,3.77,1.78,2.57,2.22,3.43,2.92,none,1,employee,0
9.81,1,7,2,1.9,1.93,4.26,2.91,3.4,2.8,none,1,employee,0
13.2,4,8,2,4.61,2.74,1.29,1.61,2.41,1.12,frenetic,3,employee,0
8.35,1,4,3,3.97,4.34,2.25,1.54,1.34,1.39,worn_out,2,employee,0
11.68,5,5,0,4.62,1.64,2.67,1.75,1.3,1.19,frenetic,3,student,1
9.74,0,3,5,1.94,1.0,3.57,4.59,3.04,3.87,none,0,employee,1
7.92,0,3,5,2.26,1.26,4.3,3.82,3.88,4.7,none,0,student,0
13.97,2,7,2,5.0,1.9,1.0,1.25,3.53,1.0,frenetic,3,employee,1
9.41,0,3,6,1.36,1.31,4.32,4.42,3.94,4.88,none,0,general,1
13.72,6,11,1,3.89,3.34,2.2,2.26,3.55,1.0,frenetic,2,employee,0
10.78,2,5,1,4.26,4.97,1.19,1.0,1.41,2.75,worn_out,2,student,0
7.75,1,1,0,2.34,3.79,2.45,1.0,3.05,2.93,under_challenged,2,employee,1
9.71,2,7,4,4.0,1.0,3.08,3.32,1.74,3.4,none,1,general,1
12.34,6,5,0,4.0,4.2,2.02,1.36,2.3,1.0,frenetic,3,student,1
8.87,1,1,0,1.75,4.47,1.91,2.27,2.41,4.37,under_challenged,1,employee,0
13.54,5,6,1,4.84,3.52,2.99,2.29,1.9,1.0,frenetic,3,student,0
7.3,0,0,4,1.29,4.99,2.79,1.18,3.48,2.51,under_challenged,2,employee,0
8.46,1,1,3,1.44,4.11,1.13,1.64,2.27,3.99,under_challenged,2,general,0
8.77,1,2,3,2.83,4.13,2.38,1.42,2.09,2.77,under_challenged,2,student,1
13.24,2,10,0,4.25,3.89,2.71,3.35,1.98,1.56,frenetic,3,employee,0
11.79,5,7,0,4.55,3.28,2.83,2.37,2.67,1.26,frenetic,3,employee,0
9.68,0,4,4,2.02,2.82,2.54,2.99,3.86,2.35,none,1,employee,1
8.84,0,2,0,1.0,4.06,2.7,2.36,1.67,4.41,under_challenged,1,employee,0
13.03,4,3,3,3.06,3.17,4.11,3.86,2.31,1.97,none,1,general,1
8.68,0,3,7,1.0,1.0,4.16,3.66,3.77,4.07,none,0,employee,0
14.56,6,6,0,4.1,2.75,2.62,2.42,1.0,1.48,frenetic,3,student,1
9.21,0,2,2,3.42,1.5,2.89,2.78,2.64,1.76,none,1,employee,0
9.47,3,4,2,3.18,2.49,3.53,3.15,4.79,1.87,none,1,student,1
8.39,1,1,6,2.49,4.86,1.68,1.52,3.45,2.07,under_challenged,2,general,1
7.45,0,3,0,3.23,5.0,2.51,1.0,1.0,3.78,under_challenged,2,employee,0
9.03,0,0,3,2.5,4.15,2.22,2.42,2.8,3.16,under_challenged,2,general,1
7.65,0,1,1,1.23,1.34,3.84,4.06,3.72,4.57,none,0,student,0
10.31,0,2,4,2.04,4.89,3.45,1.75,1.5,3.05,under_challenged,1,employee,1
9.77,0,1,3,2.65,4.02,1.48,1.78,1.22,3.1,under_challenged,2,employee,0
7.86,0,1,3,2.3,1.44,4.19,4.07,3.03,4.68,none,0,employee,0
10.83,4,6,1,4.45,3.4,2.29,3.2,1.45,1.98,frenetic,2,general,0
10.76,1,5,0,2.53,3.12,3.16,2.66,3.42,2.22,none,1,general,1
12.61,5,5,2,4.41,4.97,2.75,2.0,1.16,3.18,worn_out,3,employee,1
8.0,1,4,4,2.74,1.51,3.44,4.34,4.37,4.2,none,0,employee,1
11.94,0,1,4,2.54,5.0,2.86,1.74,2.18,4.8,under_challenged,2,employee,1
10.07,3,6,2,3.87,3.89,1.81,2.03,1.45,1.08,worn_out,3,general,0
10.37,0,4,1,4.09,5.0,2.26,1.5,1.77,1.0,worn_out,3,student,0
6.56,0,1,3,3.96,5.0,1.97,1.39,1.62,4.07,under_challenged,1,student,0
10.83,2,2,1,3.1,3.91,2.26,1.66,2.94,2.71,under_challenged,1,employee,1
8.54,0,3,2,2.35,4.78,2.74,1.0,2.31,1.88,under_challenged,1,student,1
6.5,0,3,5,1.09,2.08,4.38,4.16,4.26,4.85,none,0,general,0
10.23,0,5,1,3.13,2.64,2.8,2.57,3.38,1.48,none,1,employee,1
10.44,2,6,1,2.26,3.01,4.63,2.87,4.35,3.38,none,1,employee,0
13.03,2,5,0,3.5,1.94,2.9,1.36,2.46,1.0,frenetic,2,student,1
12.72,1,4,2,4.85,4.72,1.99,1.34,1.46,1.37,worn_out,3,general,1
10.92,6,3,1,4.66,2.26,1.72,2.43,1.83,1.97,frenetic,2,student,1
8.58,1,1,7,2.32,5.0,2.3,1.0,2.07,2.66,under_challenged,2,student,1
13.52,2,8,1,4.55,3.33,1.96,1.34,2.09,1.0,frenetic,3,employee,1
8.53,0,1,6,2.86,4.95,1.53,1.51,1.82,2.45,under_challenged,1,employee,1
9.49,4,2,2,4.24,5.0,1.08,1.38,1.22,1.94,worn_out,3,general,0
7.32,0,4,6,1.93,2.26,3.71,5.0,4.26,4.63,none,0,employee,0
7.41,0,3,5,1.45,1.55,4.72,4.47,3.02,4.98,none,0,employee,0
7.96,1,1,5,3.05,3.89,2.37,2.38,2.0,4.07,under_challenged,1,student,0
10.09,3,6,1,4.32,5.0,1.6,1.43,1.75,1.0,worn_out,3,employee,1
6.95,1,2,1,2.48,1.08,3.81,4.12,3.89,3.91,none,0,general,0
12.48,5,6,0,4.08,2.25,2.68,1.48,2.1,1.0,frenetic,3,employee,1
14.6,7,7,1,4.69,2.97,2.02,1.44,4.0,1.43,frenetic,3,employee,1
8.27,2,2,0,4.09,4.92,2.55,1.57,1.91,1.25,worn_out,2,employee,0
10.32,3,7,1,4.7,4.68,1.85,1.7,1.4,1.0,worn_out,3,employee,0
8.15,5,5,2,4.39,4.57,1.36,1.06,1.51,2.99,worn_out,3,employee,0
9.59,3,5,2,4.53,5.0,1.57,1.51,1.0,2.89,worn_out,2,employee,0
14.31,7,10,1,4.8,2.79,3.31,2.5,2.87,1.0,frenetic,3,employee,1
8.86,2,1,5,2.45,3.99,2.39,1.16,1.88,2.4,under_challenged,2,general,1
7.69,0,1,5,1.91,1.0,4.15,3.98,3.06,4.66,none,0,student,0
8.01,1,2,4,1.97,1.0,4.96,3.06,4.33,3.59,none,0,employee,1
11.47,4,7,0,4.39,2.72,3.41,2.92,3.49,2.1,frenetic,3,employee,0
7.64,0,4,7,1.92,1.25,4.71,3.97,3.55,4.23,none,0,employee,0
7.73,0,2,2,1.0,2.07,4.38,4.51,3.81,2.86,none,0,employee,0
6.87,0,2,1,2.03,4.96,2.63,1.24,1.82,3.2,under_challenged,2,student,0
9.35,1,3,1,3.78,3.74,1.48,1.09,1.84,1.0,worn_out,3,employee,1
8.21,0,3,5,2.09,1.54,3.17,5.0,4.8,3.72,none,0,employee,0
8.47,0,2,4,2.36,1.6,3.32,4.32,4.34,3.72,none,0,employee,1
15.47,3,8,0,4.7,1.79,3.08,2.94,3.22,1.96,frenetic,3,general,1
9.78,0,2,7,2.48,1.81,3.27,4.82,4.8,2.98,none,0,student,1
11.89,1,1,4,2.0,4.19,2.26,1.69,1.78,4.16,under_challenged,2,student,1
12.87,3,8,2,4.77,4.29,2.1,1.43,1.52,2.83,worn_out,3,employee,1
8.0,0,2,5,2.2,1.27,3.58,4.21,3.93,4.11,none,0,employee,0
7.64,2,1,3,2.18,1.75,4.59,4.14,4.56,4.23,none,0,employee,0
9.44,0,2,5,1.8,1.93,4.0,4.27,4.59,4.33,none,0,employee,1
9.52,1,2,1,3.07,3.65,1.37,1.0,2.67,3.03,under_challenged,2,general,1
13.89,6,9,0,4.99,2.39,3.48,2.07,2.41,1.3,frenetic,3,general,1
10.73,2,4,0,4.45,4.73,1.76,1.99,1.33,1.57,worn_out,3,general,0
10.1,0,8,4,3.04,2.85,3.11,3.34,2.52,3.23,none,1,general,1
13.55,4,8,0,4.47,2.72,1.0,2.37,1.13,1.04,frenetic,2,employee,1
10.21,3,4,4,2.24,2.16,3.3,3.36,2.67,2.69,none,1,employee,1
7.93,0,3,2,2.48,1.79,4.12,4.34,4.2,3.96,none,0,employee,0
7.47,0,3,2,1.45,1.08,4.13,3.88,3.89,4.35,none,0,employee,0
9.54,1,4,2,3.65,2.48,3.6,3.59,3.69,3.06,none,1,employee,0
10.6,3,5,3,2.28,3.1,3.23,3.36,3.47,2.83,none,1,employee,1
14.46,3,9,1,4.53,4.26,2.25,2.61,1.84,1.0,frenetic,2,general,1
7.18,1,0,7,2.77,3.8,2.63,1.68,3.34,4.42,under_challenged,2,student,0
9.76,1,6,1,2.6,1.94,3.39,3.94,3.97,3.31,none,1,employee,1
9.72,2,5,3,2.4,4.02,2.12,1.97,2.51,3.01,under_challenged,1,employee,0
6.84,1,3,4,1.97,1.0,4.56,3.84,4.55,4.17,none,0,employee,0
8.91,1,2,1,1.81,3.89,2.17,1.41,1.08,2.61,under_challenged,1,employee,1
11.09,1,3,2,3.12,2.04,3.78,2.29,3.05,2.14,none,1,employee,1
12.69,4,4,0,4.36,2.37,2.31,1.0,1.3,1.69,frenetic,2,student,0
9.43,1,7,1,5.0,4.31,2.0,1.4,1.54,1.63,worn_out,3,employee,0
12.9,1,7,3,3.75,3.99,2.46,1.0,2.03,1.46,worn_out,3,employee,1
7.4,0,2,6,1.94,1.4,4.36,4.05,3.58,3.77,none,0,student,0
13.46,3,6,2,5.0,3.23,2.8,2.09,3.04,1.0,frenetic,3,student,1
9.56,4,5,0,4.07,3.85,1.79,1.64,2.46,1.0,worn_out,3,employee,0
14.76,2,3,1,4.18,3.2,1.71,1.59,1.96,2.06,frenetic,3,student,1
9.31,1,3,0,2.29,1.64,2.54,2.94,3.99,2.32,none,1,employee,0
13.43,2,5,1,4.11,2.41,2.81,2.9,1.91,1.16,frenetic,3,student,0
8.1,0,0,4,2.24,4.2,1.23,1.0,2.58,3.64,under_challenged,2,employee,1
11.1,2,5,1,3.98,4.59,1.41,1.22,2.06,1.2,worn_out,2,employee,1
14.06,5,8,2,3.98,4.69,1.22,1.34,1.54,1.8,worn_out,3,employee,1
13.32,2,3,1,3.68,4.71,2.03,1.54,1.0,1.31,worn_out,3,general,0
7.52,1,3,4,2.25,1.2,5.0,4.45,3.26,3.73,none,0,employee,0
10.18,1,7,3,4.0,3.34,3.08,2.79,3.11,2.47,none,1,employee,1
11.15,2,6,2,4.3,4.11,2.06,1.0,1.44,2.77,worn_out,3,employee,0
15.11,3,6,2,4.53,3.13,2.5,1.96,1.91,1.0,frenetic,3,employee,1
8.74,2,4,1,2.04,1.93,2.98,4.35,2.59,2.95,none,1,general,0
7.63,1,2,2,2.56,4.94,2.45,1.52,1.68,2.21,under_challenged,2,student,0
7.02,1,3,4,3.77,4.22,1.34,1.28,1.06,3.32,under_challenged,2,employee,0
6.31,0,4,2,2.92,3.63,1.78,1.72,2.43,4.58,under_challenged,1,employee,0
12.9,2,6,1,3.84,4.45,2.61,2.21,2.37,1.01,frenetic,3,student,0
9.07,1,3,1,3.54,4.72,1.49,1.44,1.67,2.61,worn_out,3,general,0
7.82,0,2,8,1.87,2.14,4.26,4.17,4.62,5.0,none,0,student,0
9.29,1,2,5,2.16,1.2,3.93,3.99,3.65,3.25,none,0,general,1
8.86,2,5,1,3.01,3.59,3.52,2.61,3.29,3.42,none,1,employee,1
11.9,5,6,2,3.6,3.5,1.0,1.39,1.94,1.59,worn_out,3,employee,1
10.23,1,3,0,1.68,3.23,1.6,2.21,1.85,4.39,under_challenged,2,employee,1
11.05,3,3,1,3.71,4.69,1.03,1.57,1.17,1.0,worn_out,3,employee,1
12.47,2,6,2,5.0,4.76,1.28,1.5,1.03,1.77,worn_out,3,general,1
7.27,0,3,3,1.95,1.36,3.99,4.47,3.6,3.82,none,0,employee,1
11.52,4,7,2,4.39,3.83,3.78,2.57,1.3,3.0,frenetic,3,general,0
10.98,5,3,1,4.43,4.07,1.0,1.84,1.65,1.0,worn_out,3,student,1
13.28,3,10,1,5.0,3.64,2.05,2.3,1.52,1.15,frenetic,3,employee,1
9.96,3,5,1,4.15,4.41,1.84,1.38,2.25,1.9,worn_out,2,employee,0
9.74,1,4,2,1.98,2.58,3.79,2.96,4.3,3.6,none,1,student,0
11.39,2,9,0,4.17,3.21,2.2,3.24,2.55,1.5,frenetic,3,employee,0
9.51,2,1,4,3.47,4.6,2.12,1.52,3.21,3.35,under_challenged,2,student,0
12.03,5,5,2,4.24,5.0,1.92,1.78,1.15,2.27,worn_out,3,employee,0
6.83,1,4,6,1.64,1.91,4.51,4.15,4.31,5.0,none,0,employee,0
7.51,2,4,6,2.32,2.24,4.33,4.85,4.03,4.22,none,0,student,0
13.89,2,5,0,4.3,2.82,3.85,2.22,2.44,1.19,frenetic,3,student,0
8.75,5,7,0,4.21,4.89,1.1,1.0,1.0,1.05,worn_out,3,employee,0
9.37,1,5,4,3.43,3.77,2.99,3.16,3.66,3.58,none,1,employee,0
8.87,1,3,6,1.68,1.46,5.0,4.16,3.89,3.4,none,0,student,1
9.32,0,2,0,2.87,4.74,1.88,1.88,2.09,2.7,under_challenged,2,employee,1
9.47,2,4,3,2.78,2.72,3.92,2.78,2.69,2.32,none,1,general,1
12.15,0,3,3,2.88,2.83,2.6,3.57,2.59,2.8,none,1,student,1
6.77,0,2,4,3.76,3.37,1.74,1.3,3.03,4.62,under_challenged,2,employee,0
11.04,1,8,2,4.53,5.0,2.37,1.0,1.61,1.0,worn_out,3,general,0
8.0,0,2,4,2.22,4.67,2.9,1.6,2.44,2.98,under_challenged,1,employee,1
10.49,3,5,1,4.47,3.9,2.05,1.72,1.3,2.06,worn_out,3,student,0
10.06,1,5,3,3.03,2.5,2.83,3.25,3.8,3.65,none,1,employee,1
14.46,4,3,1,4.53,4.34,1.88,2.59,3.55,1.17,frenetic,3,student,1
11.5,0,2,3,2.08,3.73,2.82,1.18,1.75,2.56,under_challenged,1,general,1
8.96,1,3,3,2.71,2.03,4.75,2.28,3.54,2.18,none,1,student,0
15.08,3,6,0,4.2,2.49,2.94,1.76,3.13,1.58,frenetic,3,employee,0
8.7,1,4,5,1.4,1.85,4.16,4.55,4.52,2.88,none,0,employee,1
9.18,1,4,4,2.68,4.81,2.02,1.29,1.05,1.87,under_challenged,2,employee,1
9.18,2,3,6,1.32,4.72,1.92,1.42,1.75,3.96,under_challenged,2,general,1
9.39,3,4,3,4.69,4.44,2.39,1.31,1.2,1.02,worn_out,3,employee,0
7.74,0,2,3,1.67,1.13,4.01,4.04,3.9,4.63,none,0,general,0
9.73,0,5,3,2.85,2.1,3.37,3.04,3.17,3.74,none,1,employee,0
8.73,0,2,6,2.23,1.0,4.7,4.22,3.2,4.1,none,0,student,0
12.13,3,3,3,2.44,2.05,3.29,3.58,2.85,3.93,none,1,student,1
12.87,2,7,0,4.22,2.24,3.08,1.64,2.45,2.03,frenetic,2,employee,0
7.43,0,2,6,1.49,1.53,3.76,5.0,4.43,4.21,none,0,employee,0
9.07,2,6,5,2.72,1.94,2.73,3.24,2.07,3.69,none,1,employee,0
15.23,5,9,1,4.97,2.96,2.34,1.95,1.76,1.06,frenetic,3,general,1
8.69,3,6,2,3.88,3.65,1.87,1.16,1.6,3.13,worn_out,3,general,0
11.72,3,6,1,5.0,5.0,1.42,2.21,1.0,1.0,worn_out,3,general,1
6.44,0,1,6,1.6,1.34,4.14,4.45,3.2,4.89,none,0,employee,0
8.12,1,3,3,2.37,4.37,2.75,1.77,2.63,3.58,under_challenged,2,student,0
9.35,0,0,4,2.06,4.53,1.89,1.62,1.7,3.43,under_challenged,2,student,1
12.72,1,7,1,4.99,4.92,1.48,1.87,1.26,1.0,worn_out,3,general,1
7.25,0,2,1,1.38,2.25,4.56,4.17,4.39,3.59,none,0,employee,0
9.95,2,5,2,4.14,3.63,1.9,1.3,1.85,1.28,worn_out,3,student,0
12.24,4,9,0,5.0,2.24,2.09,2.46,3.04,1.0,frenetic,3,employee,1
13.88,5,5,1,4.91,1.99,2.9,2.87,2.58,1.0,frenetic,3,student,1
11.25,2,3,2,4.28,4.11,1.0,1.48,2.26,1.08,worn_out,3,student,0
13.57,3,4,0,4.03,5.0,2.18,1.01,1.59,1.0,worn_out,3,student,1
9.54,2,4,2,3.82,3.0,3.45,3.25,2.54,2.43,none,1,student,1
9.79,4,5,2,3.94,4.52,1.31,1.68,1.4,3.01,worn_out,3,employee,1
15.95,4,11,1,5.0,2.99,2.56,1.72,3.12,1.3,frenetic,3,employee,1
9.13,3,6,0,2.51,3.82,2.58,3.72,3.02,3.51,none,1,general,0
8.03,0,4,5,2.49,1.0,3.99,4.4,4.18,3.44,none,0,employee,0
10.25,0,2,2,1.3,4.38,2.52,2.21,3.33,4.61,under_challenged,1,employee,1
11.16,2,5,3,2.62,2.42,2.56,3.55,3.27,2.9,none,1,student,1
9.86,4,6,4,2.82,1.36,2.13,3.98,2.93,4.27,none,1,general,0
6.31,1,1,2,1.0,4.79,1.65,2.0,1.06,4.08,under_challenged,2,employee,0
14.0,2,6,1,3.84,5.0,2.1,2.28,1.86,1.6,worn_out,3,employee,0
6.68,1,1,5,2.7,3.98,2.66,1.0,2.36,5.0,under_challenged,1,student,0
10.55,2,6,1,2.55,1.99,3.66,3.55,3.59,1.9,none,1,general,0
12.3,3,5,0,4.55,5.0,1.25,2.05,1.33,1.4,worn_out,3,general,1
10.46,0,4,4,1.94,1.0,4.23,4.7,4.21,4.07,none,0,employee,1
12.07,6,4,0,4.37,3.44,2.63,2.96,2.97,1.0,frenetic,3,student,1
12.29,3,4,1,4.37,4.69,1.32,1.54,1.81,1.91,worn_out,2,general,0
7.64,0,1,7,2.13,1.43,3.5,5.0,4.88,3.32,none,0,student,1
10.12,1,1,4,2.16,4.48,2.75,1.23,2.68,2.52,under_challenged,2,student,1
9.38,0,4,7,1.41,1.01,3.44,4.7,2.41,3.52,none,0,employee,1
11.08,2,4,0,4.5,4.82,2.13,1.77,1.0,2.88,worn_out,3,employee,1
8.91,0,1,6,2.73,1.98,4.32,4.13,3.47,4.16,none,0,employee,1
9.39,1,5,2,3.3,2.95,2.68,3.1,2.48,3.12,none,1,employee,1
8.91,1,1,5,1.0,4.19,1.9,2.06,2.63,2.9,under_challenged,2,general,1
10.26,1,0,3,3.02,4.14,2.37,2.64,1.59,2.83,under_challenged,1,employee,1
8.83,1,2,3,3.29,2.3,2.4,2.97,3.11,4.02,none,1,student,0
7.52,1,3,6,2.64,1.57,3.69,3.21,4.16,3.48,none,0,employee,0
12.13,0,2,5,3.26,4.65,3.08,1.46,1.8,2.49,under_challenged,2,student,1
7.81,1,2,6,1.33,1.51,4.17,4.3,5.0,4.08,none,0,general,0
8.78,2,7,5,2.49,1.81,2.79,3.26,2.97,2.65,none,1,employee,0
7.58,1,4,5,1.97,1.94,3.92,4.62,3.78,4.78,none,0,employee,0
7.52,0,1,2,1.57,4.05,1.42,2.06,3.03,3.31,under_challenged,2,student,0
9.14,2,5,3,2.55,1.96,2.98,2.71,2.99,4.34,none,1,employee,0
7.34,1,3,2,2.14,1.66,5.0,4.55,5.0,4.19,none,0,employee,1
7.34,0,2,5,1.54,1.0,3.71,4.32,4.14,4.57,none,0,general,0
7.86,1,2,1,3.07,3.88,2.14,1.27,2.08,3.32,under_challenged,1,employee,0
13.66,5,5,1,4.93,3.91,2.29,1.0,1.47,2.07,worn_out,3,employee,1
10.61,2,4,2,4.84,4.37,1.0,1.47,1.0,1.0,worn_out,2,employee,1
12.89,1,5,0,3.92,4.37,1.0,1.06,1.0,1.16,worn_out,2,employee,1
15.62,4,7,0,4.13,3.73,3.37,2.63,2.73,1.58,frenetic,2,employee,1
7.04,0,4,5,2.78,1.45,4.44,4.36,4.01,3.72,none,0,employee,0
7.61,0,1,3,1.8,4.61,2.97,1.0,2.33,3.59,under_challenged,2,student,0
10.91,7,9,0,4.67,2.09,3.6,2.61,2.48,1.66,frenetic,2,employee,0
8.25,0,2,1,1.97,4.85,1.87,1.31,3.26,2.33,under_challenged,1,employee,1
9.42,2,5,5,2.96,2.06,1.5,3.97,3.68,1.84,none,1,general,1
10.96,0,8,1,4.01,4.67,1.92,1.89,2.13,1.3,worn_out,3,employee,0
12.25,1,3,3,2.99,2.51,2.68,3.08,3.86,2.72,none,1,student,1
8.88,1,2,3,3.58,4.24,2.48,1.0,1.0,3.71,under_challenged,2,student,1
13.63,5,8,0,4.81,2.86,3.6,1.99,2.09,1.04,frenetic,2,employee,1
11.17,5,3,0,4.15,3.53,3.79,2.07,2.14,1.21,frenetic,3,student,0
9.32,3,6,0,3.71,4.17,1.18,1.0,1.48,1.14,worn_out,3,employee,0
7.96,0,8,2,3.36,2.63,3.33,2.16,3.8,2.12,none,1,general,0
8.45,0,3,7,1.71,1.58,4.21,3.81,3.64,4.08,none,0,employee,0
9.93,3,6,0,4.49,5.0,1.34,1.93,1.02,1.8,worn_out,3,employee,1
9.33,5,2,1,4.29,4.28,2.23,1.45,1.0,3.02,worn_out,3,student,1
10.07,4,7,1,4.48,3.95,2.71,1.0,1.55,1.8,worn_out,3,employee,1
7.81,0,3,4,2.41,1.48,4.07,3.71,4.41,4.09,none,0,student,0
8.88,3,3,0,3.99,4.31,1.61,1.08,1.0,2.28,worn_out,3,employee,1
9.01,0,3,5,1.94,2.65,3.45,3.86,4.05,3.94,none,0,employee,1
9.77,1,6,2,2.89,2.3,3.41,2.2,2.66,3.54,none,1,employee,1
8.05,0,2,5,2.17,4.03,1.97,1.09,2.59,2.82,under_challenged,1,employee,1
8.78,0,3,5,1.65,1.67,3.66,5.0,4.57,3.73,none,0,employee,1
9.29,2,4,1,2.49,1.64,2.92,3.68,2.22,2.21,none,1,employee,1
11.04,2,7,1,4.69,3.25,3.62,1.95,2.97,2.04,frenetic,3,student,0
7.63,0,1,2,3.29,4.17,1.72,1.32,2.03,2.91,under_challenged,2,general,0
9.56,0,2,3,3.02,4.1,2.31,2.83,1.89,3.3,under_challenged,2,student,1
8.97,1,3,3,1.12,4.06,2.43,1.6,1.0,2.86,under_challenged,2,employee,1
8.49,0,2,4,1.53,4.75,2.11,1.55,3.38,3.99,under_challenged,2,employee,0
14.12,7,9,0,3.65,2.29,2.49,1.99,2.04,1.0,frenetic,3,general,1
12.5,4,4,0,4.45,4.32,2.32,1.32,2.95,1.38,frenetic,3,student,0
10.87,1,4,1,3.44,5.0,2.33,1.0,1.38,1.5,worn_out,3,student,1
6.86,1,3,1,3.1,3.96,2.65,1.17,1.34,3.13,under_challenged,1,general,1
6.15,1,4,4,2.04,1.8,4.44,4.22,3.86,4.26,none,0,general,1
8.06,0,1,3,1.87,1.0,4.83,4.4,3.23,3.12,none,0,employee,1
6.26,0,3,5,1.31,1.88,4.56,4.73,3.28,4.0,none,0,employee,0
7.35,0,2,4,3.07,4.14,2.2,1.72,1.97,3.31,under_challenged,2,student,0
6.51,0,4,5,1.0,1.0,4.59,4.19,3.91,4.44,none,0,employee,1
10.65,0,7,6,2.58,2.91,2.94,3.26,2.29,3.33,none,1,employee,1
8.09,0,1,3,1.92,4.02,1.0,2.19,2.82,4.4,under_challenged,2,student,0
14.4,5,5,1,4.85,5.0,1.56,1.0,1.79,2.41,worn_out,3,employee,1
11.82,2,2,2,1.66,4.27,1.8,2.07,1.34,1.59,under_challenged,2,student,1
7.33,0,2,10,1.89,1.0,3.25,4.57,4.87,4.86,none,0,student,0
13.23,2,5,1,4.3,3.11,1.39,2.46,2.55,2.7,frenetic,3,student,0
10.73,1,3,3,4.0,5.0,1.77,1.41,2.76,3.2,under_challenged,2,employee,1
8.53,1,3,2,3.41,2.95,1.76,1.13,1.22,3.56,under_challenged,2,employee,1
9.08,0,3,5,2.16,4.41,1.79,1.0,1.43,2.92,under_challenged,1,employee,0
7.0,3,5,1,5.0,4.4,1.84,1.0,1.16,1.19,worn_out,3,student,0
11.44,3,8,1,3.83,3.48,3.08,2.6,2.11,1.27,frenetic,3,employee,0
13.78,2,4,0,4.73,2.59,2.7,1.62,4.0,1.23,frenetic,3,student,1
12.84,2,9,0,4.28,3.7,2.37,1.95,1.58,1.14,frenetic,2,employee,1
13.6,7,8,1,4.57,2.5,1.7,2.5,2.08,1.0,frenetic,3,general,0
11.14,1,5,3,2.55,2.99,4.36,2.38,2.88,2.92,none,1,general,1
8.95,4,4,1,4.4,4.7,3.0,1.15,1.08,2.07,worn_out,3,employee,0
6.09,0,1,3,1.44,1.48,4.41,3.96,3.9,3.52,none,0,employee,0
11.02,1,7,2,5.0,4.23,2.39,1.59,2.21,2.65,worn_out,3,general,1
7.27,0,4,3,3.78,4.09,2.29,1.13,1.67,4.29,under_challenged,2,employee,0
7.47,0,4,4,2.68,1.23,4.11,4.15,3.6,4.31,none,0,employee,1
12.87,2,8,0,4.42,3.16,1.66,2.26,2.52,2.39,frenetic,3,employee,1
7.56,1,2,5,2.1,2.26,3.77,5.0,4.36,4.1,none,0,student,0
9.61,0,2,5,1.72,2.07,4.38,3.81,4.05,4.16,none,0,student,1
10.92,3,5,3,3.42,3.09,2.96,2.84,3.16,1.6,none,1,employee,1
7.99,0,6,4,2.47,2.99,2.27,2.6,2.81,2.46,none,1,employee,0
10.97,0,3,1,5.0,4.41,1.37,1.07,1.0,2.61,worn_out,3,employee,1
11.74,2,5,0,2.36,3.71,2.46,3.46,1.64,3.35,none,1,employee,1
9.4,1,3,3,2.14,3.38,3.1,2.46,2.29,2.26,none,1,student,1
9.9,1,5,1,2.73,1.26,3.09,2.54,1.28,2.52,none,1,employee,0
10.59,0,5,3,3.9,4.76,1.2,1.23,1.75,1.45,worn_out,3,student,0
12.02,2,5,0,3.76,4.63,1.54,1.3,1.23,1.54,worn_out,3,employee,1
9.54,3,5,1,4.07,4.65,1.63,1.37,2.25,1.5,worn_out,3,employee,1
7.7,0,3,2,3.8,4.39,1.53,1.54,2.33,2.63,under_challenged,2,employee,0
13.86,3,6,1,4.35,3.42,2.89,2.23,2.49,1.0,frenetic,2,student,0
11.0,1,2,4,3.67,4.95,1.16,1.65,1.24,2.33,under_challenged,2,employee,1
13.13,2,4,0,3.69,4.85,1.52,1.58,1.91,1.17,worn_out,2,student,0
10.67,4,2,0,4.53,4.5,1.91,2.1,1.76,1.38,worn_out,3,student,1
7.21,1,7,1,4.16,4.52,2.22,2.1,1.19,1.59,worn_out,3,student,1
12.38,7,6,1,4.24,3.52,3.08,2.21,2.51,1.24,frenetic,3,employee,0
8.33,0,1,3,3.04,3.58,2.04,1.19,2.84,4.52,under_challenged,2,employee,0
11.19,7,6,1,4.14,3.42,3.09,2.73,3.02,1.38,frenetic,3,employee,0
11.01,5,7,2,4.86,4.88,1.89,1.62,1.0,1.93,worn_out,3,employee,1
8.72,0,1,3,1.86,4.15,2.21,1.85,2.34,2.74,under_challenged,2,employee,0
9.31,1,7,3,3.33,2.94,2.3,3.8,2.82,2.05,none,1,employee,1
8.92,1,2,7,2.55,1.43,4.3,4.32,4.91,4.38,none,0,employee,1
12.05,0,7,2,4.1,4.4,1.8,1.0,2.1,1.69,worn_out,3,employee,1
6.97,2,2,9,1.13,1.35,5.0,4.83,4.07,4.34,none,0,student,0
7.85,0,4,3,2.71,2.13,3.52,4.92,3.96,4.51,none,0,general,0
9.5,0,3,6,1.59,1.77,4.81,4.49,4.48,3.81,none,0,employee,1
9.57,0,3,2,2.62,3.33,4.15,3.02,3.39,2.85,none,1,student,0
10.88,3,5,2,2.89,1.32,3.21,2.84,1.93,2.18,none,1,employee,1
10.91,0,3,0,1.97,4.5,2.1,1.38,1.16,3.28,under_challenged,1,employee,1
9.34,0,2,5,1.26,1.7,3.59,3.94,4.64,4.61,none,0,general,1
10.7,3,5,0,4.19,5.0,1.92,1.64,1.3,2.1,worn_out,3,general,0
6.52,1,3,5,2.17,1.17,4.28,4.55,4.24,3.96,none,0,student,0
7.31,0,2,3,3.96,4.04,2.78,1.36,1.45,4.59,under_challenged,1,employee,0
8.55,1,5,4,2.21,3.33,2.28,3.41,2.41,4.51,none,1,employee,0
6.75,0,2,6,2.33,2.14,5.0,4.84,4.02,4.58,none,0,general,1
12.25,2,6,0,3.82,4.89,1.36,1.2,1.2,2.22,worn_out,3,general,1
13.16,6,9,0,4.74,2.83,1.36,1.72,2.51,2.23,frenetic,3,employee,0
8.9,3,3,3,2.26,3.19,3.73,2.98,2.63,2.87,none,1,student,1
14.43,3,5,0,5.0,2.54,3.43,2.05,3.57,1.0,frenetic,3,student,1
14.05,4,3,1,5.0,2.86,4.0,2.12,4.0,1.65,frenetic,3,student,1
10.31,1,6,2,2.36,2.45,2.7,3.83,3.37,1.76,none,1,employee,1
8.38,0,4,0,2.53,4.86,2.4,2.14,1.81,3.7,under_challenged,2,general,0
11.93,2,3,1,4.91,4.42,1.94,1.0,1.16,1.88,worn_out,3,student,1
12.29,2,10,1,4.57,3.42,2.27,1.0,2.16,1.93,frenetic,3,employee,1
13.23,6,5,1,4.59,2.92,2.27,1.42,4.0,1.74,frenetic,3,student,0
12.38,2,4,0,4.73,4.08,4.0,1.67,3.47,1.0,frenetic,2,student,1
6.03,0,3,11,1.39,1.33,4.64,4.82,4.09,4.54,none,0,general,0
8.69,0,1,1,3.48,4.54,2.29,1.47,1.0,3.84,under_challenged,2,employee,0
9.49,0,5,3,1.89,1.89,4.88,3.95,2.98,4.71,none,0,employee,1
14.03,7,9,1,4.35,4.19,2.64,2.83,1.0,1.0,frenetic,3,employee,1
9.06,2,3,3,3.1,2.39,3.67,3.0,2.17,2.96,none,1,employee,1
8.23,0,4,3,1.5,2.05,3.27,3.25,2.76,2.02,none,1,employee,1
9.03,3,6,2,2.42,3.18,2.74,1.94,2.6,2.89,none,1,employee,0
7.41,0,1,2,2.36,4.02,2.95,1.07,1.01,3.74,under_challenged,1,student,0
9.99,2,4,2,2.76,1.89,4.48,3.09,3.4,2.43,none,1,employee,0
13.21,1,2,0,5.0,4.4,1.4,2.12,1.0,1.95,worn_out,2,student,0
10.19,4,7,1,2.46,1.67,2.44,3.22,3.08,1.86,none,1,general,1
8.9,0,0,5,2.29,5.0,2.61,2.4,2.04,3.1,under_challenged,2,employee,1
8.94,1,2,2,1.68,3.24,2.74,1.0,1.0,3.98,under_challenged,2,student,0
12.99,2,5,1,4.08,3.75,2.0,2.42,1.0,1.0,frenetic,3,student,0
10.11,1,4,8,1.06,1.41,4.06,3.72,3.13,3.65,none,0,employee,1
9.17,0,2,0,1.78,4.17,2.94,2.22,1.33,3.49,under_challenged,2,general,1
9.31,1,3,3,1.52,1.95,5.0,4.02,4.3,3.09,none,0,employee,1
9.06,2,4,1,4.07,4.47,1.46,1.0,1.04,2.46,worn_out,3,student,0
7.47,0,1,4,1.25,1.0,4.05,4.65,4.01,4.95,none,0,employee,0
13.6,3,7,1,4.71,3.53,3.44,2.91,2.72,1.0,frenetic,3,general,1
11.28,4,2,0,4.79,4.4,2.37,2.26,1.04,2.52,worn_out,3,student,0
8.51,1,2,1,3.16,4.11,2.11,1.35,3.02,3.83,under_challenged,2,student,1
6.65,0,2,3,1.38,2.02,4.92,4.62,3.93,4.7,none,0,student,0
9.69,1,4,5,2.57,2.09,4.15,3.76,4.86,4.11,none,0,general,1
8.45,0,2,5,1.92,1.0,3.52,4.83,4.14,3.59,none,0,employee,1
9.59,0,4,3,2.8,2.15,1.94,2.89,2.27,3.66,none,1,student,1
11.82,0,6,5,2.3,2.37,3.32,2.76,2.91,2.33,none,1,general,1
9.53,1,4,4,2.63,2.03,3.46,3.92,3.12,2.34,none,1,employee,1
8.81,1,4,3,2.69,4.32,2.69,1.77,2.27,4.6,under_challenged,2,employee,1
9.61,0,5,8,1.23,1.74,4.57,3.87,4.01,4.24,none,0,employee,1
15.77,2,6,1,4.84,2.94,2.45,2.28,2.75,1.0,frenetic,3,employee,1
12.06,2,9,0,3.88,2.59,1.82,3.29,2.54,1.08,frenetic,3,employee,1
10.69,4,5,1,3.74,3.64,1.98,1.55,2.65,2.26,frenetic,3,employee,0
13.96,7,11,0,3.8,4.08,3.03,2.32,2.98,1.0,frenetic,3,employee,1
7.13,0,5,4,1.05,1.51,3.94,4.04,4.59,3.66,none,0,employee,0
7.42,0,2,8,1.94,1.38,4.11,5.0,4.65,3.8,none,0,student,0
8.99,0,2,3,2.16,3.7,3.26,2.62,3.07,2.72,none,1,student,0
11.4,0,3,2,1.84,3.15,4.0,2.37,3.0,2.84,none,1,student,1
13.12,2,6,0,4.52,3.22,3.01,2.74,3.18,1.0,frenetic,3,student,1
13.38,7,5,0,4.36,2.62,2.83,2.82,3.45,1.0,frenetic,2,student,1
7.97,0,4,4,1.87,2.43,3.72,4.0,4.82,4.11,none,0,general,1
15.01,6,9,1,5.0,2.34,1.53,1.07,1.55,1.0,frenetic,3,employee,1
11.57,3,12,0,4.6,1.62,2.4,2.04,2.78,1.34,frenetic,3,employee,1
9.55,0,1,4,1.0,1.6,4.5,2.85,4.71,3.59,none,0,student,1
11.64,2,7,0,4.45,2.43,2.7,2.5,1.88,1.19,frenetic,2,employee,1
10.89,7,8,0,4.56,3.13,2.55,2.78,2.35,1.9,frenetic,3,employee,0
12.42,2,7,0,4.9,1.66,3.31,2.25,3.87,1.44,frenetic,3,employee,0
10.13,1,3,5,1.64,4.81,2.39,1.53,1.93,3.07,under_challenged,2,general,1
8.9,0,2,5,2.5,2.01,4.82,3.69,4.11,3.72,none,0,student,1
8.12,0,2,3,2.66,1.88,4.97,4.89,4.36,3.46,none,0,general,1
15.07,4,5,0,4.62,2.81,2.08,3.05,2.76,1.38,frenetic,3,student,1
8.16,0,1,3,3.11,5.0,2.37,2.18,2.57,4.59,under_challenged,2,student,0
10.09,0,4,5,1.96,1.58,5.0,4.89,4.57,4.32,none,0,general,1
9.74,4,4,1,4.49,4.51,1.09,1.14,1.17,2.04,worn_out,3,employee,0
8.03,0,3,0,2.63,4.48,1.78,1.12,2.05,4.82,under_challenged,2,general,0
13.41,1,1,2,4.8,5.0,1.3,1.0,1.96,1.0,worn_out,3,student,1
6.0,0,3,2,2.24,3.76,2.72,1.0,1.81,3.69,under_challenged,1,employee,1
14.45,7,5,0,5.0,3.96,1.14,2.17,2.47,1.0,frenetic,2,student,1
11.09,2,2,2,2.09,3.14,2.76,3.7,3.52,1.58,none,1,employee,1
10.05,1,10,1,4.07,4.25,2.17,1.36,1.6,2.35,worn_out,3,employee,1
10.99,0,3,4,1.78,1.65,4.08,4.29,2.82,3.45,none,0,general,1
6.75,0,2,5,1.21,1.35,3.95,4.45,3.47,4.5,none,0,employee,0
12.77,6,7,1,4.19,1.5,1.78,2.79,2.49,1.76,frenetic,2,employee,0
11.05,4,8,2,4.51,4.78,1.34,1.4,1.93,2.13,worn_out,3,employee,0
7.74,0,1,4,1.0,1.43,4.31,3.98,4.2,3.93,none,0,student,1
8.62,0,4,3,2.57,1.3,4.27,4.39,4.41,4.86,none,0,general,0
9.1,0,2,2,2.58,4.46,2.55,1.57,2.09,3.2,under_challenged,2,employee,0
9.85,0,3,1,2.06,3.82,2.26,2.48,1.0,4.03,under_challenged,2,employee,0
9.13,1,5,2,2.39,2.97,3.91,3.66,2.92,3.48,none,1,general,0
9.18,1,3,4,2.6,2.44,2.4,3.07,2.77,4.09,none,1,student,0
13.23,3,6,0,4.83,2.62,1.78,2.65,4.0,1.87,frenetic,3,student,0
10.63,0,1,0,2.67,4.07,2.99,1.26,2.27,3.7,under_challenged,2,student,1
8.27,1,2,1,2.15,1.0,3.82,3.4,3.5,3.8,none,0,student,1
9.82,2,2,1,4.59,4.68,1.93,1.62,1.04,1.05,worn_out,3,employee,1
12.24,6,7,0,4.55,1.7,2.61,1.66,1.76,1.1,frenetic,2,general,1
8.74,1,1,5,1.26,3.59,3.02,1.18,1.47,3.6,under_challenged,2,student,1
7.48,0,4,5,2.43,4.36,2.49,1.82,2.68,3.67,under_challenged,1,employee,1
11.25,7,9,0,4.61,3.17,2.37,2.99,2.6,1.0,frenetic,2,employee,1
9.91,1,3,3,2.71,4.25,3.5,1.91,2.36,3.35,under_challenged,2,employee,1
7.87,0,4,6,2.63,1.46,4.36,3.62,4.15,4.5,none,0,employee,1
7.69,0,3,0,1.95,3.8,2.51,1.17,1.0,3.32,under_challenged,1,general,1
13.3,6,9,0,4.63,3.44,2.93,1.4,2.12,1.0,frenetic,2,general,1
15.15,4,10,1,4.88,3.9,1.78,2.47,3.34,1.0,frenetic,3,employee,1
8.79,1,3,0,2.25,3.68,2.75,3.32,2.38,2.9,none,1,student,0
9.77,0,2,3,1.96,1.44,3.99,4.13,5.0,3.55,none,0,employee,1
13.01,3,3,3,4.31,5.0,1.01,1.59,1.94,2.41,worn_out,3,student,0
10.09,4,3,1,4.74,4.54,2.56,1.83,1.7,1.71,worn_out,3,student,1
9.2,3,5,0,4.52,4.28,2.25,1.36,1.5,2.72,worn_out,3,general,0
8.73,0,4,9,1.81,1.54,4.43,4.41,4.82,3.71,none,0,employee,1
9.72,2,7,0,4.49,4.28,2.16,1.49,2.84,2.84,worn_out,2,employee,1
13.18,3,4,1,4.82,4.49,1.53,1.98,1.73,1.78,worn_out,2,employee,0
9.5,3,5,3,3.19,4.69,1.25,1.54,1.0,1.44,worn_out,3,employee,0
7.15,2,2,5,2.68,4.41,2.89,1.6,2.23,5.0,under_challenged,1,general,0
11.74,3,4,1,4.21,1.74,3.9,1.78,1.72,1.17,frenetic,3,student,0
8.75,1,5,0,3.78,3.51,3.09,3.52,3.48,2.96,none,1,general,0
14.63,4,4,0,4.53,3.93,2.56,1.65,2.67,2.65,frenetic,3,student,1
7.68,0,3,4,1.51,1.58,3.98,4.51,4.39,3.81,none,0,employee,0
8.98,1,1,3,2.46,5.0,1.77,2.16,2.7,3.59,under_challenged,2,employee,1
9.57,2,3,0,2.51,2.23,2.37,3.89,2.47,2.25,none,1,student,1
8.45,1,4,5,3.4,2.52,3.05,3.1,3.26,2.77,none,1,employee,0
9.97,0,3,3,2.17,1.43,4.66,4.0,4.1,3.61,none,0,employee,1
7.72,2,4,2,1.79,1.38,4.16,4.91,3.24,3.14,none,0,employee,1
8.46,2,2,1,1.0,1.0,3.72,4.05,4.71,4.18,none,0,employee,0
7.9,3,6,1,4.43,4.95,2.09,1.79,1.38,2.0,worn_out,3,employee,1
7.91,0,2,5,2.39,1.73,4.31,3.87,3.18,4.27,none,0,general,0
12.62,4,6,1,4.36,3.18,2.67,2.79,2.19,1.56,frenetic,3,student,0
12.67,5,7,2,3.98,4.1,2.85,1.31,1.38,1.33,worn_out,3,general,1
12.95,2,4,1,5.0,4.89,2.81,2.2,1.54,2.16,worn_out,3,student,1
10.81,2,2,2,3.85,4.81,2.09,1.6,1.25,1.45,worn_out,3,student,1
13.13,2,9,0,4.68,2.3,2.65,2.25,2.46,1.31,frenetic,2,employee,1
6.91,0,2,5,1.89,1.53,4.13,4.3,3.98,2.66,none,0,employee,1
15.15,3,5,0,4.24,1.74,3.36,2.34,3.11,1.36,frenetic,3,employee,1
7.0,0,1,0,2.0,4.1,3.39,2.25,1.25,3.68,under_challenged,2,general,0
12.34,4,5,0,4.38,4.66,1.22,1.0,2.33,2.16,worn_out,3,employee,1
9.41,0,2,4,2.36,2.09,4.42,3.55,3.2,3.35,none,0,employee,1
11.67,3,5,3,2.4,2.48,2.79,2.6,2.11,2.98,none,1,general,1
11.77,3,4,1,3.97,3.57,1.38,2.17,3.56,1.46,frenetic,3,student,0
8.82,0,1,5,1.84,1.09,4.11,4.18,3.31,4.72,none,0,student,1
8.76,0,1,2,1.0,1.4,5.0,4.73,4.48,3.3,none,0,student,0
9.0,1,2,5,1.79,1.14,3.82,4.64,4.34,4.21,none,0,student,0
8.34,0,2,6,2.6,1.72,4.31,4.58,3.5,3.88,none,0,employee,0
11.13,2,5,1,3.63,2.01,3.24,2.14,1.65,1.47,frenetic,3,student,0
8.66,3,8,2,3.09,1.96,3.15,2.56,3.34,2.65,none,1,employee,0
7.93,0,3,6,1.38,1.85,3.82,4.41,3.11,4.85,none,0,employee,0
10.67,2,5,0,4.02,3.94,1.99,1.44,1.1,1.88,worn_out,2,general,0
8.03,0,2,5,1.74,1.28,4.24,3.74,3.9,4.25,none,0,student,0
8.67,2,4,7,1.65,1.71,3.86,4.35,3.24,3.83,none,0,general,1
8.56,0,1,2,2.03,1.36,4.68,4.2,3.84,4.62,none,0,employee,1
9.3,0,5,5,1.22,2.01,3.35,4.6,3.75,4.54,none,0,employee,1
10.93,1,6,2,3.5,1.76,3.42,2.95,2.41,4.29,none,1,general,1
6.4,1,0,4,1.74,3.36,1.75,1.03,3.2,3.09,under_challenged,1,student,0
9.08,1,5,3,2.6,2.14,2.93,2.49,3.16,2.09,none,1,student,0
13.07,2,2,3,4.35,4.52,2.18,1.17,1.42,2.55,worn_out,3,employee,1
8.47,1,3,5,1.92,1.85,4.3,3.58,4.7,3.51,none,0,employee,0
9.14,0,2,5,1.53,1.37,4.2,4.39,4.22,3.79,none,0,student,1
7.15,0,2,4,2.73,5.0,2.1,1.72,3.04,2.75,under_challenged,1,employee,0
12.1,0,4,1,2.61,2.67,3.55,3.0,3.34,2.01,none,1,employee,1
10.2,1,3,5,1.57,1.62,4.43,4.94,4.59,4.4,none,0,general,1
8.31,0,2,4,2.18,4.86,2.67,2.25,1.69,3.99,under_challenged,2,employee,0
10.24,0,5,3,2.47,1.4,3.23,3.14,4.09,1.87,none,1,employee,0
10.54,0,5,0,2.19,2.69,2.92,3.67,2.55,2.75,none,1,employee,0
13.52,4,10,1,4.13,2.77,1.7,1.77,1.97,1.2,frenetic,2,employee,0
9.68,4,3,2,3.17,2.77,2.9,3.06,2.79,3.52,none,1,general,1
8.56,3,4,3,2.55,2.51,3.56,3.59,2.02,3.24,none,1,employee,0
10.33,5,5,0,4.21,4.62,1.83,1.77,1.75,1.0,worn_out,2,student,1
13.96,3,5,1,4.01,3.17,2.44,1.0,2.85,1.09,frenetic,3,student,0
12.64,4,5,0,4.21,2.73,3.51,3.24,2.48,1.0,frenetic,3,student,1
8.3,0,2,4,1.57,1.08,4.47,3.19,2.75,4.17,none,0,student,1
5.73,0,3,5,1.6,1.44,3.5,3.63,4.93,4.48,none,0,employee,0
11.75,3,2,4,3.4,3.15,3.89,3.92,3.15,2.47,none,1,student,1
9.63,0,4,6,1.5,1.15,3.97,4.6,2.87,3.58,none,0,employee,1
6.83,0,2,4,1.97,4.2,1.16,2.07,3.2,4.06,under_challenged,1,general,1
9.44,3,5,2,4.42,5.0,1.82,1.15,1.0,1.74,worn_out,3,employee,0
8.97,0,8,3,2.89,1.71,3.33,3.05,3.53,3.78,none,1,employee,0
10.88,2,2,2,2.31,2.48,2.84,4.0,4.1,3.06,none,1,student,1
9.42,0,4,3,1.86,1.0,4.5,4.0,4.06,3.49,none,0,employee,1
8.38,0,2,8,1.45,1.97,4.35,3.44,4.04,3.74,none,0,student,0
11.73,0,2,6,3.11,5.0,2.29,1.14,2.66,3.53,under_challenged,2,employee,1
12.27,7,9,0,4.17,2.35,2.33,2.85,3.21,1.75,frenetic,3,employee,0
12.76,2,6,1,5.0,4.47,2.05,2.72,2.33,1.0,frenetic,3,student,0
9.18,3,4,0,3.4,5.0,1.73,1.0,1.2,2.05,worn_out,3,student,0
8.21,2,2,3,1.65,3.86,2.28,2.04,1.44,3.3,under_challenged,2,student,0
9.51,0,3,3,2.33,3.08,4.07,3.73,2.73,2.49,none,1,student,1
5.56,1,3,1,3.02,2.52,3.15,2.5,2.02,3.77,under_challenged,1,employee,0
8.32,3,6,2,1.9,2.46,3.06,2.8,2.12,4.49,none,1,employee,1
7.8,0,4,7,1.03,1.91,5.0,4.46,4.41,4.41,none,0,employee,0
9.38,4,5,1,3.6,3.46,3.64,3.17,1.95,2.41,none,1,employee,0
8.36,1,2,3,2.26,3.01,2.16,1.87,1.81,4.22,under_challenged,2,employee,0
10.22,0,9,2,4.65,4.17,1.21,1.66,1.32,1.97,worn_out,3,employee,1
10.71,2,8,1,4.8,2.86,4.0,3.5,1.05,1.55,frenetic,3,employee,0
12.88,5,4,1,4.3,4.45,2.57,1.0,2.49,1.28,frenetic,2,student,0
7.1,1,3,4,2.44,1.4,5.0,4.05,3.56,4.6,none,0,student,0
8.36,1,2,1,2.66,4.5,1.83,1.11,1.46,4.08,under_challenged,1,student,0
8.38,1,5,0,3.95,4.53,2.61,1.9,1.74,1.77,worn_out,3,employee,1
6.27,0,5,4,2.03,2.24,4.95,4.51,3.2,3.46,none,0,employee,1
9.94,1,2,2,3.94,3.98,2.56,1.0,1.0,1.56,worn_out,3,student,1
10.37,2,3,5,2.42,2.4,2.49,3.76,3.01,2.38,none,1,employee,1
9.83,2,5,2,2.61,2.57,3.23,2.13,3.72,2.7,none,1,employee,1
13.81,7,7,0,4.76,2.77,2.37,2.37,1.89,1.27,frenetic,3,employee,1
8.42,2,4,4,2.93,3.43,2.75,1.11,2.76,3.38,under_challenged,2,employee,1
9.65,0,6,2,2.31,2.77,3.06,2.61,3.25,3.9,none,1,employee,0
9.0,0,3,4,1.87,1.41,4.97,4.42,3.63,4.3,none,0,student,0
6.41,0,4,0,3.74,4.47,2.47,1.0,2.1,4.45,under_challenged,2,employee,0
10.34,0,8,1,4.55,5.0,2.2,1.27,1.09,1.22,worn_out,3,employee,0
7.05,1,3,8,2.0,2.03,4.52,4.08,3.36,4.54,none,0,employee,0
10.03,2,4,0,4.31,4.7,1.3,1.0,1.31,1.45,worn_out,2,student,1
8.71,2,3,3,2.56,1.9,4.03,2.8,3.22,2.55,none,1,student,1
13.81,6,6,0,4.79,2.51,2.1,2.99,2.29,1.59,frenetic,3,employee,1
13.35,4,2,1,4.69,4.45,2.57,1.5,1.42,1.0,worn_out,3,student,1
9.07,1,10,0,3.77,4.73,1.65,1.01,1.9,1.86,worn_out,3,employee,0
12.28,3,5,0,4.16,2.68,2.68,2.67,3.37,1.0,frenetic,3,student,1
6.78,0,3,4,1.93,1.24,4.6,5.0,4.4,3.92,none,0,employee,0
10.98,2,8,1,5.0,2.41,2.01,2.99,2.71,2.29,frenetic,3,employee,0
9.33,0,2,8,1.56,1.0,4.73,4.36,4.36,3.33,none,0,student,1
8.03,0,2,8,2.45,4.01,2.04,2.09,1.11,5.0,under_challenged,2,student,0
7.73,0,3,6,1.27,1.36,3.71,3.88,3.59,4.28,none,0,student,1
7.36,2,4,2,3.1,4.25,1.57,1.31,3.42,2.9,under_challenged,2,employee,0
9.92,1,3,2,3.02,2.76,2.28,3.11,3.12,3.0,none,1,student,1
15.36,2,7,1,4.44,3.02,2.71,3.25,3.0,2.06,frenetic,3,employee,0
8.44,0,2,4,1.86,2.04,4.87,3.36,4.24,4.18,none,0,general,0
13.63,4,4,2,4.93,4.12,1.24,1.78,1.23,2.85,worn_out,2,general,1
9.47,5,5,0,4.95,5.0,2.32,1.05,1.17,2.69,worn_out,3,general,0
10.18,4,12,1,3.96,2.38,2.39,1.0,4.0,1.74,frenetic,3,employee,1
7.25,0,3,7,2.5,1.97,4.12,3.5,5.0,4.44,none,0,employee,0
9.28,0,6,3,3.36,2.72,3.91,3.47,2.89,3.2,none,1,employee,0
8.39,1,2,2,2.0,1.62,4.22,5.0,3.31,4.4,none,0,general,0
10.66,0,0,3,2.87,4.48,2.13,2.23,1.33,2.9,under_challenged,1,student,1
7.37,1,3,5,1.85,4.11,2.88,1.46,2.79,3.73,under_challenged,2,employee,0
12.96,3,4,3,5.0,4.07,2.14,1.3,3.0,1.95,worn_out,2,general,1
7.54,0,4,6,2.1,1.87,4.33,4.45,4.0,4.24,none,0,employee,0
9.76,4,1,3,2.67,3.24,3.45,2.79,2.37,2.58,none,1,student,1
8.91,4,6,3,4.03,4.36,1.49,1.3,1.29,2.59,worn_out,3,general,1
8.25,1,3,0,2.85,2.54,2.82,3.52,2.24,3.71,none,1,employee,1
8.16,0,2,6,1.67,1.35,3.75,5.0,4.13,3.97,none,0,employee,1
11.76,5,5,1,4.12,2.46,2.37,2.46,3.36,1.18,frenetic,2,student,0
8.02,0,2,7,2.05,1.73,4.54,4.01,3.54,3.58,none,0,student,1
8.19,0,5,7,1.0,1.39,4.48,3.58,4.24,5.0,none,0,employee,0
8.73,1,3,4,2.13,4.1,2.27,1.25,1.0,3.66,under_challenged,1,employee,1
7.28,0,2,4,1.09,1.93,4.13,4.22,4.43,3.91,none,0,employee,1
12.78,3,8,2,4.36,1.89,2.9,2.83,3.82,2.03,frenetic,3,employee,0
9.01,3,2,0,3.42,4.82,1.98,1.37,2.34,1.0,worn_out,3,employee,1
12.68,5,8,1,4.79,1.8,1.0,1.99,1.56,1.64,frenetic,2,employee,0
10.67,0,2,8,1.71,2.45,4.18,4.44,3.98,3.62,none,0,employee,1
7.06,0,3,5,2.34,1.98,4.32,4.17,3.97,4.66,none,0,student,0
9.38,2,5,3,2.87,3.59,3.44,3.51,1.16,2.57,none,1,general,1
14.33,3,9,0,4.8,1.5,2.91,3.44,2.47,1.0,frenetic,3,employee,1
8.65,0,2,5,1.68,1.93,4.04,4.39,3.95,4.28,none,0,employee,1
8.72,0,4,1,2.56,2.25,2.26,3.38,2.15,2.85,none,1,student,0
9.14,1,2,2,2.69,2.65,2.68,2.65,2.68,3.27,none,1,student,1
14.39,4,7,0,4.85,3.46,3.26,1.99,3.92,1.9,frenetic,3,employee,0
12.65,2,4,0,4.34,4.71,2.36,2.02,2.85,1.97,frenetic,3,student,0
12.93,3,3,1,2.47,1.78,3.29,3.2,2.42,1.85,none,1,employee,1
13.74,2,5,1,3.88,3.76,2.87,1.56,2.13,1.21,frenetic,2,general,0
6.37,1,4,3,1.15,1.37,4.1,3.73,4.23,4.21,none,0,employee,0
13.37,5,5,1,3.97,3.0,2.59,2.27,2.74,1.0,frenetic,3,student,1
13.79,4,3,1,4.7,5.0,2.1,1.48,1.69,1.09,worn_out,3,student,1
9.78,0,2,5,2.39,1.0,4.27,5.0,2.68,4.29,none,0,employee,1
12.91,2,8,0,5.0,4.3,1.74,1.18,1.38,1.54,worn_out,2,general,1
15.12,2,4,2,3.64,4.23,1.46,1.07,1.06,1.76,worn_out,3,employee,1
11.33,5,5,0,4.21,4.02,2.3,1.89,2.36,1.07,frenetic,3,employee,1
10.32,2,4,6,3.11,2.33,3.59,3.4,2.61,2.97,none,1,general,1
9.88,0,2,3,3.9,4.02,2.18,1.86,1.8,3.83,under_challenged,2,general,1
7.04,0,1,5,1.88,1.0,4.4,3.97,4.56,5.0,none,0,student,0
8.86,2,6,1,4.29,4.59,2.11,1.37,1.0,2.28,worn_out,2,student,0
7.91,0,3,8,1.47,2.07,4.15,4.54,4.56,3.69,none,0,employee,0
10.28,1,1,5,3.47,4.95,2.53,1.76,2.39,3.76,under_challenged,2,employee,1
8.9,1,5,0,4.59,4.64,2.54,1.0,1.16,2.03,worn_out,3,general,0
10.54,5,5,2,4.22,4.66,1.02,1.14,1.0,1.4,worn_out,3,student,0
8.51,3,3,0,3.81,4.9,2.12,1.0,1.37,2.33,worn_out,3,student,0
7.91,1,2,4,2.28,1.0,3.24,5.0,4.48,3.31,none,0,student,0
7.06,0,4,5,1.0,2.56,4.1,3.63,4.63,3.99,none,0,employee,0
8.58,3,6,1,2.79,2.63,3.36,3.61,4.35,4.36,none,1,employee,0
9.78,3,5,3,3.68,3.61,3.43,2.65,2.31,2.62,none,1,general,1
6.49,0,2,7,1.71,1.79,5.0,3.94,5.0,5.0,none,0,employee,0
12.02,5,3,1,3.27,4.11,2.21,1.33,2.26,1.14,worn_out,3,student,1
6.66,1,3,6,1.74,1.16,4.26,4.03,3.08,5.0,none,0,employee,0
9.43,1,2,0,3.21,3.71,2.74,1.76,1.99,2.06,under_challenged,2,general,1
9.93,2,3,1,3.29,2.52,2.35,1.71,1.65,1.99,none,1,student,0
8.5,1,1,1,3.89,4.12,2.35,1.75,2.48,4.62,under_challenged,2,employee,0
9.24,1,3,7,2.21,1.69,4.99,4.69,4.29,3.78,none,0,general,1
8.43,1,3,5,1.19,1.0,3.95,4.32,3.18,4.08,none,0,employee,0
9.74,0,2,3,1.71,1.9,4.27,3.83,3.98,3.4,none,0,employee,1
9.83,1,5,4,2.23,1.02,3.72,2.72,3.27,1.43,none,1,employee,1
14.91,2,7,0,4.69,4.37,2.62,1.39,3.0,1.86,frenetic,3,general,0
11.25,4,5,1,3.51,4.08,1.62,1.27,1.5,3.3,worn_out,2,general,0
9.42,1,5,1,3.27,1.61,3.16,3.73,1.98,2.87,none,1,employee,1
8.79,0,4,1,2.06,1.55,4.08,4.13,3.69,3.43,none,0,general,1
8.05,0,3,2,1.98,1.2,3.17,4.63,4.2,3.04,none,0,employee,0
12.68,0,7,1,4.04,4.81,1.56,1.0,1.49,1.0,worn_out,3,general,1
8.05,0,4,5,1.1,1.32,4.8,4.21,4.91,4.75,none,0,employee,0
9.51,2,4,4,2.89,4.81,1.45,2.79,1.79,3.02,under_challenged,2,employee,1
10.14,1,1,5,1.49,1.82,4.17,4.3,4.5,3.4,none,0,employee,1
13.14,7,6,1,4.67,3.67,2.05,2.31,2.44,1.69,frenetic,2,employee,1
8.48,2,3,5,2.73,4.1,3.5,1.28,1.0,2.1,under_challenged,1,employee,1
8.79,2,4,2,2.82,3.17,3.36,3.13,3.97,2.36,none,1,employee,0
8.92,1,2,1,2.39,2.55,3.16,3.25,3.57,2.77,none,1,student,1
7.91,0,2,5,1.93,1.0,4.41,3.54,3.45,4.5,none,0,employee,0
9.56,2,3,3,3.32,2.87,2.34,3.61,2.34,3.33,none,1,student,0
13.96,2,9,1,3.59,2.55,3.88,3.39,1.23,1.0,frenetic,2,employee,1
6.76,0,2,3,3.2,3.53,2.6,2.69,3.26,2.82,under_challenged,2,employee,0
9.86,3,7,5,2.38,2.95,1.88,3.01,2.73,3.71,none,1,employee,0
8.08,0,2,3,1.3,3.53,2.11,1.0,1.0,3.96,under_challenged,1,student,0
13.55,6,5,1,4.33,2.29,2.92,1.59,2.7,1.0,frenetic,2,student,1
7.39,1,3,8,2.16,1.0,4.22,4.61,3.3,4.29,none,0,employee,0
9.98,0,4,5,2.99,4.69,2.74,1.64,2.21,3.87,under_challenged,2,general,1
7.23,0,2,2,1.65,1.87,4.85,4.27,3.77,2.63,none,0,student,1
11.44,4,5,1,3.33,4.87,2.42,1.65,1.43,2.74,worn_out,3,employee,1
15.51,3,7,1,3.83,3.05,1.76,3.06,3.32,1.11,frenetic,3,employee,0
7.12,1,4,3,1.63,1.23,4.54,4.1,3.28,4.08,none,0,employee,0
9.92,0,4,4,2.28,3.83,2.39,2.48,3.58,2.38,under_challenged,2,employee,1
14.69,6,6,0,4.35,3.02,1.67,3.11,1.17,1.53,frenetic,2,student,1
9.73,1,3,4,3.6,3.31,3.67,3.2,4.57,3.77,none,1,student,1
8.77,4,3,4,3.53,2.61,4.43,3.21,2.12,2.86,none,1,student,0
11.81,2,4,0,4.95,4.31,2.5,1.0,1.0,1.0,worn_out,3,student,0
9.7,0,4,5,1.26,1.72,4.72,4.97,3.39,3.95,none,0,employee,1
8.84,0,2,4,1.51,1.57,3.7,5.0,4.34,3.56,none,0,general,1
11.64,3,9,0,4.45,2.01,2.38,2.24,1.62,1.57,frenetic,3,general,0
9.37,1,3,3,2.95,4.44,1.9,1.31,1.29,2.03,under_challenged,2,employee,1
10.35,2,6,0,3.17,2.57,3.49,3.35,2.49,2.46,none,1,employee,0
11.11,2,5,1,3.95,4.77,2.44,1.58,1.22,2.32,worn_out,3,employee,1
9.41,0,3,2,3.66,2.46,2.98,3.13,2.22,2.7,none,1,student,0
10.07,0,2,1,1.64,1.0,4.29,3.95,4.9,3.82,none,0,employee,1
13.74,4,9,0,4.42,4.1,3.82,2.33,3.0,1.0,frenetic,2,employee,1
9.93,1,2,5,2.58,4.3,1.1,1.0,2.18,2.65,under_challenged,2,employee,1
10.67,1,2,3,3.43,2.13,3.29,2.14,2.16,2.28,none,1,employee,1
9.81,0,2,6,1.66,1.36,4.64,4.17,4.5,4.32,none,0,student,1
12.19,3,4,0,4.31,2.71,2.95,2.22,2.05,1.23,frenetic,3,student,0
9.25,0,3,3,2.8,4.78,2.0,1.05,1.01,3.07,under_challenged,2,employee,1
9.02,0,3,4,3.57,4.69,2.13,2.39,3.09,2.73,under_challenged,1,employee,1
15.83,5,9,1,4.07,3.67,2.72,1.74,2.2,1.0,frenetic,3,general,1
10.56,0,0,6,1.05,2.18,4.59,3.96,3.85,3.64,none,0,employee,1
9.0,0,2,4,1.47,1.27,4.23,4.97,4.73,4.18,none,0,student,0
9.7,5,3,2,4.87,4.27,3.0,1.36,2.15,1.59,worn_out,3,employee,1
10.42,4,9,2,3.93,4.33,1.33,1.0,2.88,1.95,worn_out,3,employee,1
12.01,1,6,0,4.88,5.0,1.86,1.92,1.29,1.34,worn_out,3,student,1
7.44,0,3,3,1.66,1.15,4.93,4.74,4.31,3.58,none,0,student,1
11.27,1,5,1,2.64,4.0,2.45,3.5,2.33,2.46,none,1,general,1
10.4,1,3,3,3.68,2.18,2.54,3.65,2.91,2.5,none,1,general,1
6.39,0,3,2,3.03,4.4,1.2,1.16,1.89,2.77,under_challenged,2,employee,1
14.37,5,5,0,4.96,3.32,2.42,1.42,2.41,2.05,frenetic,3,student,1
8.88,1,6,5,3.87,1.78,4.26,2.75,2.69,3.29,none,1,general,0
11.68,2,8,1,4.15,3.85,1.75,1.57,4.0,2.0,frenetic,2,employee,0
6.2,1,2,5,2.52,1.0,4.4,4.41,4.95,4.89,none,0,employee,0
14.48,3,7,0,4.47,1.89,2.92,2.8,3.44,1.0,frenetic,3,general,1
13.93,7,10,0,4.73,3.34,2.49,2.16,3.77,1.79,frenetic,3,employee,1
6.64,2,3,4,1.67,1.0,3.66,3.87,3.39,3.68,none,0,student,0
9.91,3,4,0,4.51,4.17,2.18,1.2,1.01,2.39,worn_out,3,employee,1
14.67,3,7,1,4.06,2.7,2.42,1.53,2.01,1.0,frenetic,3,employee,1
7.91,0,4,6,1.31,1.27,3.85,4.63,4.86,4.92,none,0,employee,1
7.56,0,3,10,1.93,1.73,4.76,4.26,4.92,4.11,none,0,general,0
8.1,1,1,8,1.0,2.17,4.03,5.0,3.41,4.53,none,0,student,0
13.45,4,5,0,4.97,2.89,1.98,2.94,1.31,1.55,frenetic,2,student,0
13.8,7,8,0,4.34,2.09,3.3,2.44,3.34,1.42,frenetic,3,employee,1
10.4,2,6,0,4.89,4.32,1.17,1.45,2.1,1.28,worn_out,3,employee,1
8.8,2,3,3,1.83,2.55,2.57,3.14,3.17,2.37,none,1,student,0
12.8,3,9,1,5.0,2.37,2.47,3.02,2.21,1.78,frenetic,2,employee,1
11.18,4,5,1,4.01,3.5,1.0,1.5,2.05,1.0,worn_out,3,employee,1
8.23,2,4,2,2.18,2.51,2.44,2.45,2.14,2.37,none,1,employee,0
7.67,1,2,6,1.42,1.22,4.12,4.57,5.0,4.64,none,0,student,0
9.72,0,4,5,1.82,1.71,4.54,5.0,3.63,4.32,none,0,employee,1
10.6,1,7,1,4.11,4.11,1.52,1.0,1.37,2.91,worn_out,3,employee,1
12.05,1,4,3,2.67,1.7,3.23,3.08,1.79,3.13,none,1,employee,1
10.79,2,4,2,2.87,3.43,2.38,3.26,3.76,2.84,none,1,general,1
14.05,7,8,0,4.01,3.09,2.83,2.29,1.0,1.06,frenetic,2,employee,1
11.7,2,8,0,4.63,2.49,1.98,3.5,1.84,1.47,frenetic,3,general,0
5.74,0,4,9,2.34,1.22,3.45,4.95,2.72,4.53,none,0,employee,0
6.59,1,3,4,3.48,3.37,2.31,1.0,2.08,2.82,under_challenged,1,general,0
11.32,5,3,1,4.82,5.0,2.41,2.09,1.47,1.46,worn_out,3,student,1
8.25,0,4,1,2.22,4.09,2.94,1.5,1.39,4.51,under_challenged,1,employee,1
8.76,1,1,4,2.31,4.5,1.49,1.54,1.58,4.14,under_challenged,2,student,0
11.41,1,3,2,2.42,3.74,2.1,1.0,2.12,2.85,under_challenged,2,employee,1
7.32,0,3,4,1.16,1.28,4.43,5.0,4.07,4.48,none,0,employee,0
9.96,1,2,5,2.08,4.08,3.04,2.09,2.15,4.48,under_challenged,1,general,1
11.65,5,5,1,4.81,4.34,2.7,1.78,3.07,1.96,frenetic,2,employee,0
11.0,0,4,1,5.0,4.63,1.83,1.37,1.06,1.0,worn_out,2,student,1
14.36,3,10,0,4.51,2.96,3.01,2.07,2.24,1.0,frenetic,2,employee,1
12.13,2,9,0,4.45,4.27,1.08,1.57,2.04,2.18,worn_out,3,general,0
12.09,5,5,0,4.87,2.57,2.34,1.1,1.54,1.89,frenetic,2,student,0
11.08,4,3,0,4.54,2.55,1.79,1.85,3.59,1.26,frenetic,2,student,1
12.08,6,4,1,4.17,3.51,3.41,1.07,2.09,1.0,frenetic,3,student,1
8.59,0,2,3,1.58,4.57,1.45,1.0,1.6,3.69,under_challenged,1,employee,0
8.23,1,2,8,1.37,1.53,4.45,4.56,3.17,4.43,none,0,employee,0
11.82,5,3,3,4.33,4.78,1.68,1.26,2.18,1.21,worn_out,3,employee,1
12.67,5,6,1,4.82,1.74,2.26,2.09,1.13,1.31,frenetic,2,student,0
9.49,1,4,2,1.0,1.83,3.03,4.11,4.59,3.81,none,0,general,1
11.02,2,3,1,4.71,3.8,2.23,1.1,1.32,1.68,worn_out,3,employee,0
7.39,1,2,3,1.52,3.61,2.45,2.29,1.76,3.32,under_challenged,1,employee,0
9.31,0,2,5,2.38,1.58,3.78,4.4,3.43,3.3,none,0,student,1
7.13,5,7,1,4.64,4.55,2.62,1.59,1.0,1.08,worn_out,3,general,0
9.0,0,2,7,1.57,1.57,3.49,4.72,4.3,4.77,none,0,general,0
15.57,5,3,0,4.95,3.19,3.2,2.06,1.93,2.17,frenetic,3,student,1
14.06,3,5,1,4.4,4.34,2.58,2.86,2.69,1.18,frenetic,2,student,1
9.94,1,4,3,3.51,2.33,3.84,2.52,3.85,2.84,none,1,general,0
12.66,3,7,0,4.73,4.1,2.3,1.83,2.49,1.51,frenetic,3,employee,0
6.7,0,3,5,3.46,4.24,2.17,1.2,1.48,3.61,under_challenged,2,employee,0
12.44,3,2,1,4.44,5.0,2.16,1.99,1.16,2.45,worn_out,3,employee,1
6.41,1,3,6,1.51,1.8,3.96,4.14,4.39,5.0,none,0,employee,0
8.1,1,1,4,1.93,1.7,4.13,4.5,4.84,3.84,none,0,employee,1
8.76,3,7,2,3.02,2.97,2.5,2.59,2.06,4.07,none,1,employee,0
9.42,3,4,2,3.04,2.07,3.78,2.57,2.83,3.45,none,1,student,0
9.0,0,3,7,1.37,2.4,3.8,4.37,4.22,5.0,none,0,general,0
12.3,4,7,1,4.19,3.39,3.32,1.57,2.51,1.79,frenetic,3,employee,1
9.0,0,1,7,1.82,2.3,4.22,4.11,3.55,5.0,none,0,student,0
7.57,0,1,4,1.32,1.51,4.14,4.41,5.0,4.89,none,0,employee,1
9.73,3,6,2,2.05,2.9,2.82,3.5,3.04,3.08,none,1,employee,1
5.43,0,2,0,3.16,3.81,1.85,1.73,3.56,3.88,under_challenged,1,student,0
9.72,0,3,3,1.96,1.83,5.0,5.0,4.16,3.55,none,0,employee,1
13.18,3,5,0,4.22,3.58,2.54,2.86,2.66,1.05,frenetic,3,student,1
8.98,0,2,5,2.34,1.07,3.31,4.6,4.6,3.73,none,0,student,0
7.65,0,3,5,2.3,1.0,3.75,4.35,3.41,3.67,none,0,student,0
10.86,0,1,5,1.69,1.31,4.9,3.37,4.26,4.33,none,0,employee,1
8.8,0,2,2,2.15,1.0,3.54,4.71,5.0,4.0,none,0,student,1
9.42,2,3,0,3.68,4.93,2.25,1.09,1.99,2.73,worn_out,3,student,0
9.46,0,3,3,1.58,1.46,4.09,3.96,4.44,3.78,none,0,employee,1
11.78,3,4,3,2.38,1.81,3.59,3.61,2.18,2.92,none,1,student,1
6.52,1,1,5,1.0,1.0,3.56,4.02,3.78,3.87,none,0,employee,0
11.27,3,4,2,3.13,3.25,2.98,4.07,2.73,3.12,none,1,employee,1
9.48,0,1,7,2.03,1.79,4.15,4.5,4.04,4.48,none,0,student,1
7.73,0,5,5,1.55,1.55,4.07,3.71,4.26,3.75,none,0,employee,0
8.31,0,3,3,3.02,4.87,2.84,2.23,1.98,3.3,under_challenged,1,general,1
8.26,0,2,4,2.52,1.49,4.39,4.41,3.12,3.34,none,0,student,1
16.0,2,6,0,4.52,3.38,2.52,3.06,1.99,1.64,frenetic,3,employee,1
9.31,2,7,2,2.83,2.8,4.02,2.75,3.68,3.55,none,1,employee,0
9.41,0,3,6,1.7,1.76,4.42,4.18,4.42,4.3,none,0,employee,1
12.33,1,6,3,5.0,4.85,1.88,1.0,1.0,2.15,worn_out,2,general,1
9.05,3,4,3,2.76,2.05,2.79,3.5,2.78,2.09,none,1,employee,0
11.48,0,4,1,3.55,4.64,2.26,1.87,2.22,1.77,worn_out,3,employee,0
9.49,2,4,3,2.93,1.0,3.88,3.72,3.78,2.47,none,1,general,0
10.24,2,7,1,4.25,4.69,1.72,1.67,1.0,1.42,worn_out,3,employee,1
10.63,1,4,3,2.07,2.62,3.38,3.17,2.53,1.18,none,1,student,1
7.79,0,2,7,1.0,1.0,3.12,3.89,4.65,4.12,none,0,employee,0
11.07,2,5,3,3.6,2.59,4.36,2.56,3.01,3.15,none,1,general,1
10.4,2,5,3,3.09,2.6,3.0,3.49,3.09,2.29,none,1,student,1
8.18,0,4,6,2.35,1.63,4.36,3.66,3.02,4.33,none,0,general,1
13.64,5,9,1,4.82,3.46,3.46,1.62,2.48,2.3,frenetic,3,employee,0
10.22,1,3,0,3.31,4.0,3.93,4.16,2.83,2.64,none,1,student,1
8.79,3,3,3,3.09,2.14,3.25,3.85,2.68,3.55,none,1,student,0
7.87,0,1,4,1.74,4.51,1.48,2.45,1.0,3.7,under_challenged,2,student,0
9.43,0,5,0,3.58,4.16,1.0,1.49,1.0,2.13,worn_out,3,employee,1
15.67,7,7,1,4.36,3.08,3.14,1.59,2.97,1.46,frenetic,3,employee,1
12.15,6,7,0,5.0,4.1,2.03,1.96,1.11,1.0,frenetic,2,employee,1
12.59,4,5,1,3.6,3.91,2.21,2.64,3.83,1.05,frenetic,3,student,0
12.84,2,6,2,4.46,4.53,1.92,1.0,2.05,3.21,worn_out,3,employee,0
14.0,1,5,4,5.0,4.66,1.37,1.52,1.31,1.44,worn_out,2,general,0
7.11,1,2,8,2.34,1.0,4.71,4.52,5.0,4.47,none,0,employee,0
10.37,0,4,3,2.12,1.74,4.1,3.46,2.44,2.61,none,1,employee,0
11.57,5,8,1,3.5,3.02,2.55,2.84,2.06,1.17,frenetic,3,employee,0
9.5,0,0,6,1.23,5.0,2.76,1.0,2.38,2.46,under_challenged,2,student,1
10.48,1,3,1,4.03,4.54,1.0,1.0,1.6,3.34,worn_out,3,employee,1
9.63,1,5,1,2.95,1.96,3.68,2.89,2.42,1.61,none,1,employee,1
10.62,0,6,2,2.52,2.37,2.59,3.0,3.6,2.85,none,1,employee,1
9.36,3,3,2,3.22,4.85,2.01,1.34,1.74,2.03,worn_out,3,student,0
10.55,2,3,4,2.78,1.36,2.76,3.58,2.45,2.92,none,1,student,1
8.39,0,4,3,2.61,2.63,3.9,3.07,3.25,2.89,none,1,student,0
14.24,4,7,1,4.9,2.76,1.2,2.24,2.03,1.0,frenetic,3,employee,1
10.45,0,4,2,3.26,3.08,3.87,3.61,3.53,3.4,none,1,employee,0
7.78,0,0,4,2.95,3.95,3.14,1.89,3.14,3.81,under_challenged,1,employee,0
6.6,0,2,4,1.29,1.13,3.86,4.25,4.32,3.65,none,0,student,1
11.74,2,3,2,3.17,4.69,1.72,1.32,1.39,2.41,worn_out,3,student,0
9.83,2,4,2,3.68,4.23,2.4,1.29,1.5,1.77,worn_out,3,student,0
8.31,1,2,4,2.76,4.11,2.52,1.27,2.03,3.52,under_challenged,1,general,1
8.19,1,1,1,3.59,3.19,1.83,1.37,2.92,2.48,under_challenged,1,employee,1
9.12,0,5,3,1.94,1.5,3.74,3.1,2.83,2.44,none,1,employee,0
9.1,3,7,0,3.69,5.0,1.9,1.0,1.51,1.0,worn_out,3,general,0
8.36,1,4,4,2.6,2.47,3.05,3.02,2.74,2.46,none,1,student,0
9.32,3,5,1,1.99,2.05,2.69,3.64,2.04,3.85,none,1,employee,1
7.25,0,1,6,1.83,1.66,4.81,4.79,3.0,4.21,none,0,student,0
11.95,2,8,0,4.57,4.59,2.03,1.58,1.1,1.87,worn_out,3,general,0
14.58,6,10,0,4.5,3.63,2.28,2.92,1.4,1.64,frenetic,3,general,0
10.5,1,1,0,2.23,4.18,1.0,1.75,2.11,3.17,under_challenged,2,employee,1
10.01,0,2,7,2.65,1.98,4.5,5.0,3.01,4.72,none,0,student,1
11.99,3,9,0,4.55,3.36,2.88,2.23,3.24,1.0,frenetic,3,employee,1
9.78,4,4,2,3.05,1.84,3.29,2.67,2.74,2.81,none,1,general,1
14.04,4,7,1,5.0,2.21,1.28,2.4,3.11,1.43,frenetic,3,employee,0
7.67,0,4,4,1.23,1.0,3.57,4.55,4.91,4.28,none,0,general,0
10.88,0,2,4,2.38,1.2,4.5,4.22,4.24,3.61,none,0,student,1
10.22,0,1,1,1.22,3.91,3.08,1.0,3.72,3.42,under_challenged,1,student,1
10.84,0,3,4,2.78,3.61,1.58,1.5,1.63,3.78,under_challenged,1,employee,1
8.83,0,2,5,2.6,2.13,3.21,4.79,5.0,4.05,none,0,general,1
7.46,0,2,5,1.04,1.5,4.26,4.76,3.51,4.31,none,0,student,0
7.44,2,3,0,4.2,4.09,2.16,1.0,1.04,2.46,worn_out,3,general,0
8.72,1,1,5,2.76,1.81,5.0,4.48,4.31,3.65,none,0,student,0
9.62,2,6,4,2.45,2.09,3.08,3.7,3.61,2.7,none,1,employee,1
8.4,0,0,8,1.31,3.09,1.53,2.38,1.91,2.73,under_challenged,2,employee,0
6.63,1,4,3,3.98,3.93,1.29,1.4,2.73,2.8,under_challenged,1,employee,1
7.16,1,2,3,1.0,1.72,4.1,4.43,4.69,3.44,none,0,student,1
10.07,2,6,1,4.03,4.55,1.69,1.72,1.58,2.04,worn_out,3,general,0
8.2,0,3,6,1.75,2.09,4.3,3.56,4.36,4.19,none,0,student,0
11.56,2,3,2,2.36,3.54,3.56,4.39,2.42,2.44,none,1,student,1
12.23,1,6,1,2.46,3.77,3.17,1.9,2.53,3.49,none,1,general,1
9.07,0,1,5,1.34,2.43,4.27,4.53,3.52,3.09,none,0,student,1
13.74,7,5,1,4.19,2.94,2.53,1.93,1.49,1.0,frenetic,2,student,1
10.23,1,2,2,2.68,2.21,4.04,4.79,4.86,3.45,none,0,employee,1
9.52,1,6,5,3.34,3.28,2.53,3.08,1.81,1.81,none,1,general,1
9.14,5,5,1,4.01,4.48,1.24,1.79,1.0,1.19,worn_out,3,employee,1
12.59,4,7,0,4.04,3.91,2.78,1.69,2.42,1.49,frenetic,3,employee,1
8.53,2,5,3,3.01,2.3,3.25,3.19,2.63,2.95,none,1,general,0
8.61,0,5,8,1.07,1.06,3.76,3.39,5.0,3.5,none,0,general,1
9.96,1,1,6,3.49,4.0,2.51,1.16,1.0,2.06,under_challenged,2,employee,1
9.07,1,1,2,1.32,4.12,3.26,1.75,1.0,3.32,under_challenged,1,student,0
8.02,0,3,3,1.62,1.99,4.4,4.32,3.74,3.26,none,0,general,0
12.57,1,5,3,2.67,1.04,3.19,2.69,4.13,3.44,none,1,employee,1
9.01,0,1,7,1.35,1.48,4.91,5.0,4.13,4.5,none,0,student,1
10.38,5,6,1,4.87,3.15,1.36,3.32,1.82,2.16,frenetic,3,general,1
9.47,2,3,1,2.21,2.29,2.93,3.61,2.77,2.15,none,1,employee,0
8.74,2,4,1,2.84,2.07,2.36,3.29,2.76,3.4,none,1,employee,1
8.93,0,3,3,3.95,3.27,2.71,3.24,2.9,3.78,none,1,student,0
12.13,1,5,4,2.8,2.59,3.95,3.4,3.01,2.0,none,1,employee,1
13.03,2,6,2,4.74,3.87,1.97,1.66,1.0,1.0,worn_out,3,employee,1
11.39,4,6,1,4.11,3.47,3.52,1.65,3.2,2.93,frenetic,3,employee,0
8.81,0,2,3,2.29,1.58,4.3,4.04,4.22,3.7,none,0,student,1
7.99,0,2,4,1.36,1.3,4.04,3.96,4.4,3.84,none,0,employee,0
10.39,1,5,2,2.87,2.73,3.08,3.2,4.05,2.32,none,1,general,1
14.45,4,4,1,4.78,2.04,1.67,2.32,2.77,1.0,frenetic,2,student,1
10.31,0,6,5,3.56,3.06,3.41,3.57,1.63,3.19,none,1,employee,1
14.15,5,3,1,4.39,3.32,3.47,2.73,2.14,1.0,frenetic,2,student,1
7.83,0,1,5,2.18,1.77,3.2,4.06,4.05,3.73,none,0,student,1
11.36,3,5,1,4.02,4.16,1.0,1.0,2.04,1.21,worn_out,3,employee,1
7.14,0,3,7,1.89,1.56,4.47,4.2,4.18,4.93,none,0,employee,0
8.7,1,3,2,3.35,4.84,1.93,1.0,1.98,3.9,under_challenged,2,employee,1
13.48,3,8,1,4.38,2.32,2.16,1.35,2.34,1.94,frenetic,3,employee,0
8.48,0,4,2,1.67,1.78,4.09,3.7,3.61,3.39,none,0,general,1
14.69,4,5,0,4.79,2.92,3.07,2.66,1.57,1.0,frenetic,3,employee,1
8.05,0,3,7,1.0,1.59,4.1,3.61,3.39,3.99,none,0,employee,0
9.08,2,6,4,2.74,1.0,3.38,3.36,3.45,3.79,none,1,employee,0
8.3,0,2,4,2.09,1.0,4.66,3.38,4.52,3.86,none,0,general,1
12.64,7,7,1,4.14,2.09,2.5,3.25,1.19,1.0,frenetic,3,employee,1
6.82,1,5,4,2.03,1.94,4.17,4.88,3.88,3.63,none,0,employee,0
8.75,0,3,8,2.35,1.78,4.36,4.07,4.3,3.47,none,0,employee,1
8.31,0,1,3,1.84,4.39,2.28,1.25,1.24,3.66,under_challenged,2,student,1
8.7,0,3,8,2.17,4.55,1.51,1.0,1.81,2.92,under_challenged,2,employee,1
11.61,2,2,4,3.4,3.02,3.33,3.12,2.57,1.58,none,1,student,1
11.85,1,6,0,3.94,3.79,1.0,1.85,1.52,1.53,worn_out,3,employee,1
14.53,1,3,0,4.05,5.0,2.39,1.0,1.0,1.87,worn_out,2,employee,1
10.09,4,3,1,3.21,1.96,2.03,1.5,2.81,2.88,none,1,student,1
10.31,0,4,4,1.82,1.0,4.23,3.84,5.0,4.21,none,0,employee,1
11.07,0,0,3,2.17,4.25,2.04,1.59,3.66,4.21,under_challenged,2,employee,1
8.11,0,5,5,2.86,2.65,3.25,1.5,2.84,4.18,none,1,employee,0
6.25,1,3,7,1.0,1.0,4.27,4.46,4.21,4.37,none,0,general,0
8.35,0,3,6,1.35,1.49,4.18,4.69,4.17,3.13,none,0,employee,1
9.31,1,1,6,3.49,4.4,2.62,2.24,2.92,3.04,under_challenged,1,student,1
8.13,0,2,5,2.59,1.35,3.35,3.95,4.56,4.78,none,0,employee,0
10.24,1,4,1,2.58,3.48,3.36,4.07,2.87,1.36,none,1,student,0
9.19,3,8,0,4.34,4.26,2.34,1.0,2.06,2.76,worn_out,3,general,0
9.0,1,4,3,1.24,1.31,4.66,3.95,5.0,5.0,none,0,employee,0
13.51,2,9,0,4.21,2.71,2.88,2.14,1.2,1.0,frenetic,3,general,0
8.65,2,8,3,1.74,2.98,3.5,3.43,2.82,1.52,none,1,employee,1
14.86,3,6,1,5.0,2.47,3.82,3.2,3.81,1.81,frenetic,3,student,1
9.49,2,5,2,3.26,2.64,3.57,2.59,2.94,2.18,none,1,general,0
9.36,1,2,5,1.12,3.9,2.43,1.73,2.03,3.93,under_challenged,1,student,0
8.2,1,1,1,2.93,4.87,1.92,2.24,2.6,2.98,under_challenged,1,student,1
11.97,1,2,4,1.96,4.16,1.82,1.17,2.83,3.17,under_challenged,1,student,1
9.34,0,2,1,2.15,4.37,2.03,1.54,1.42,2.07,under_challenged,1,student,0
8.98,0,3,4,2.37,4.51,2.8,1.0,3.16,4.93,under_challenged,1,employee,1
9.07,0,4,1,2.0,1.87,1.94,3.01,3.38,2.04,none,1,employee,1
7.93,0,4,3,1.57,1.63,4.72,4.66,4.92,4.61,none,0,employee,0
8.55,2,4,2,3.21,3.69,3.84,3.28,2.02,2.77,none,1,employee,0
12.67,7,3,1,4.4,2.16,3.28,2.57,1.62,1.31,frenetic,3,student,0
7.98,0,1,3,1.12,1.87,4.05,4.44,4.19,4.06,none,0,general,1
6.54,0,4,4,1.0,1.42,4.7,4.77,3.6,4.57,none,0,employee,0
12.51,4,2,0,3.29,5.0,1.1,1.38,1.0,2.14,worn_out,3,employee,0
9.39,0,2,2,1.21,4.28,1.39,1.82,1.0,2.35,under_challenged,2,employee,1
10.15,4,4,2,2.02,2.91,2.49,2.97,3.53,1.47,none,1,employee,1
10.21,0,2,2,1.92,4.22,1.72,1.35,3.35,3.62,under_challenged,2,employee,1
9.01,0,2,5,1.57,1.0,4.9,4.17,4.14,4.4,none,0,general,1
13.46,4,9,1,4.03,3.16,1.47,2.39,2.7,1.0,frenetic,3,general,1
7.38,0,1,3,2.74,3.55,2.13,1.95,1.25,2.4,under_challenged,2,employee,0
8.04,1,6,0,3.57,2.03,1.87,2.74,2.55,3.69,none,1,employee,0
10.01,0,1,1,2.4,4.26,2.78,2.18,1.68,2.46,under_challenged,1,general,1
11.0,3,5,0,3.41,3.66,3.26,3.25,3.91,2.75,none,1,employee,0
8.3,0,2,5,1.0,1.0,4.96,3.36,4.32,4.32,none,0,employee,1
12.53,7,9,0,4.54,2.23,1.89,2.36,2.91,1.46,frenetic,3,general,1
8.83,0,2,6,1.66,1.41,4.14,4.15,2.75,5.0,none,0,employee,0
7.49,0,3,11,1.67,2.26,3.45,4.95,4.28,2.99,none,0,general,1
12.08,7,11,0,3.5,3.58,3.38,2.58,2.71,1.21,frenetic,2,employee,1
9.31,2,3,2,1.82,1.6,4.07,5.0,3.64,3.95,none,0,employee,1
10.44,1,5,2,4.2,4.65,1.93,1.75,1.37,1.46,worn_out,2,employee,1
7.65,0,2,2,1.82,4.8,2.24,2.01,1.99,3.5,under_challenged,2,employee,1
13.56,6,7,0,5.0,2.03,2.6,1.58,2.09,1.61,frenetic,3,employee,1
8.36,0,4,9,1.14,1.34,3.98,4.31,3.33,3.77,none,0,employee,0
12.69,7,5,0,4.31,3.44,3.66,2.68,3.54,1.0,frenetic,3,student,1
9.16,0,2,5,3.21,3.77,2.55,1.0,2.11,2.19,under_challenged,1,employee,1
7.22,0,2,6,1.92,2.0,4.25,4.44,4.53,4.6,none,0,student,1
7.8,1,3,0,3.02,4.3,2.52,1.67,2.31,3.37,under_challenged,1,employee,1
8.34,0,1,3,2.6,4.82,1.08,1.0,1.74,1.95,under_challenged,1,employee,1
13.81,3,9,0,3.61,3.48,2.64,1.27,3.55,1.58,frenetic,2,employee,1
12.91,3,7,1,3.99,4.27,2.32,2.03,1.79,3.38,worn_out,3,employee,0
10.59,1,3,6,2.7,3.42,3.52,2.34,3.04,2.74,none,1,student,1
15.14,6,10,1,4.5,2.84,2.74,1.58,2.32,1.26,frenetic,3,general,1
9.61,0,1,5,1.37,1.57,3.96,4.25,3.4,4.25,none,0,student,1
10.99,0,2,6,2.27,1.26,4.51,4.63,3.15,3.23,none,0,student,1
10.77,4,4,1,4.3,4.58,2.29,1.61,1.56,1.0,worn_out,2,student,0
8.84,0,1,7,2.31,1.28,3.92,3.74,3.27,4.25,none,0,student,0
7.53,2,1,1,2.03,3.66,2.91,1.18,1.62,3.06,under_challenged,2,student,0
12.9,2,11,0,5.0,4.42,2.77,2.43,1.9,1.36,frenetic,3,employee,0
9.15,0,1,6,1.48,1.01,4.8,4.93,4.84,4.45,none,0,employee,1
11.74,2,6,2,3.14,2.14,3.59,3.46,3.5,2.98,none,1,employee,1
9.06,3,8,0,3.94,4.52,1.92,1.0,1.75,2.07,worn_out,3,employee,1
8.62,0,3,3,2.99,4.45,3.39,2.21,1.95,2.38,under_challenged,2,employee,0
8.76,1,1,8,1.06,2.32,4.13,4.73,4.32,3.78,none,0,employee,0
9.18,1,4,4,3.6,3.72,3.56,3.01,1.94,1.06,none,1,student,1
15.6,5,5,0,4.26,2.58,3.02,1.52,3.59,1.24,frenetic,2,student,1
7.29,1,3,1,1.18,4.37,1.83,1.11,1.89,3.27,under_challenged,2,employee,1
7.8,0,4,3,1.0,1.84,4.19,4.71,4.8,2.75,none,0,employee,1
6.7,1,1,3,1.13,4.32,2.64,1.96,2.22,3.59,under_challenged,2,general,0
13.03,3,8,0,4.86,3.19,2.8,2.68,3.58,1.63,frenetic,2,employee,1
6.78,0,2,5,1.66,1.0,4.11,3.95,3.98,3.89,none,0,student,0
8.09,0,3,4,3.49,3.49,2.27,1.18,2.96,2.4,under_challenged,2,employee,0
12.79,3,3,2,4.19,4.53,1.28,1.43,1.29,1.43,worn_out,3,employee,1
8.98,1,2,3,2.46,3.65,2.36,2.18,2.28,3.34,under_challenged,1,employee,0
7.41,0,5,4,1.61,1.18,4.39,2.81,3.18,3.83,none,0,employee,1
12.03,7,11,1,4.56,1.5,2.43,2.15,1.73,1.69,frenetic,3,general,0
9.02,1,2,4,2.97,1.05,4.58,4.53,4.02,4.37,none,0,employee,1
8.21,2,3,2,4.38,4.83,1.24,1.83,2.06,1.44,worn_out,3,student,0
11.74,5,8,1,4.3,4.29,1.0,1.72,1.0,2.56,worn_out,3,general,0
11.91,5,6,0,4.45,4.04,2.64,2.25,3.35,1.31,frenetic,3,general,1
13.15,6,7,1,4.85,1.96,3.31,2.44,1.7,1.0,frenetic,3,general,0
11.02,5,9,2,4.39,5.0,2.24,1.68,2.72,1.62,worn_out,2,employee,0
8.87,0,3,2,2.59,2.69,3.21,3.42,2.19,2.9,none,1,student,0
9.18,3,5,5,3.11,2.23,2.63,2.21,3.98,2.31,none,1,employee,0
12.26,5,4,3,4.66,4.5,2.01,1.39,1.27,2.56,worn_out,3,student,0
7.34,0,1,0,2.9,4.02,2.59,2.04,1.83,2.82,under_challenged,2,employee,0
7.95,0,1,4,2.3,4.1,2.13,1.12,2.2,2.93,under_challenged,2,student,1
7.83,0,3,6,2.24,1.0,3.93,3.96,3.3,4.21,none,0,student,0
8.11,0,4,7,1.84,1.8,3.27,4.41,4.72,3.88,none,0,employee,0
11.67,2,6,0,4.37,2.55,2.89,1.15,2.26,1.26,frenetic,2,employee,0
7.5,0,4,1,2.09,1.61,4.16,3.68,3.51,4.33,none,0,employee,0
12.59,4,4,1,4.6,4.48,2.02,1.48,1.74,2.84,worn_out,3,student,1
14.05,3,8,2,4.18,3.19,3.15,1.81,1.25,1.02,frenetic,3,employee,1
12.8,7,8,1,4.29,4.4,1.4,2.73,2.38,1.0,frenetic,3,general,1
8.37,0,2,6,2.18,1.37,4.6,4.62,4.04,3.77,none,0,student,1
13.58,3,11,0,4.62,3.32,2.65,1.44,2.68,1.0,frenetic,2,general,1
11.42,3,4,1,4.78,4.72,2.54,1.0,1.8,2.73,worn_out,3,student,1
14.63,5,10,2,4.59,3.27,1.34,1.19,3.07,1.57,frenetic,3,employee,1
10.26,0,7,2,4.56,4.92,1.68,1.55,2.53,2.61,worn_out,3,employee,0
10.78,4,4,4,3.07,2.9,1.74,3.92,3.53,2.47,none,1,student,1
9.42,0,4,1,3.27,4.35,1.82,1.75,2.83,2.87,under_challenged,1,general,1
14.61,7,5,0,4.84,3.15,2.57,2.33,2.01,1.1,frenetic,2,student,1
8.53,1,3,5,1.0,1.4,3.42,4.62,5.0,3.71,none,0,employee,0
6.85,1,1,5,1.62,1.62,4.53,4.47,4.43,4.17,none,0,employee,0
7.77,2,5,3,2.47,4.73,2.7,2.56,1.06,3.26,under_challenged,1,general,0
9.03,5,4,0,4.1,4.3,1.52,1.33,2.19,2.26,worn_out,3,student,0
11.5,2,10,1,3.5,2.58,2.43,2.81,3.7,1.0,frenetic,2,employee,0
8.89,1,1,3,1.93,4.25,2.74,1.61,2.36,3.34,under_challenged,2,student,0
7.87,0,2,0,1.64,4.69,1.0,1.39,1.3,3.07,under_challenged,1,employee,0
13.15,2,4,0,4.54,3.97,2.26,1.62,1.46,1.0,worn_out,3,employee,1
9.66,1,5,1,1.8,1.0,4.45,4.18,5.0,4.48,none,0,employee,1
8.87,0,3,4,1.74,1.1,3.1,4.09,4.67,4.22,none,0,general,1
7.2,1,3,6,1.47,1.09,5.0,4.3,4.19,4.1,none,0,employee,0
12.04,3,2,1,3.71,4.16,1.56,1.0,2.06,2.19,worn_out,3,student,0
9.77,1,4,5,3.49,2.17,4.01,3.17,3.1,1.62,none,1,student,1
7.27,2,6,3,2.53,2.13,2.94,3.25,3.87,3.12,none,1,employee,0
7.91,0,5,6,1.15,1.67,4.47,3.34,4.84,3.65,none,0,general,1
6.92,0,3,2,1.0,1.41,3.91,3.73,3.67,3.65,none,0,student,1
7.84,1,3,5,3.19,4.74,2.08,2.16,1.0,3.91,under_challenged,1,employee,0
9.25,1,1,2,2.38,3.65,2.3,2.07,2.41,3.78,under_challenged,1,student,0
13.15,1,6,2,3.03,1.48,2.94,4.34,3.1,2.8,none,1,employee,1
8.79,0,2,4,2.02,1.05,3.92,4.24,4.96,4.08,none,0,general,1
10.55,2,2,1,3.24,3.24,3.26,4.35,2.81,1.86,none,1,student,1
9.22,1,1,7,1.88,4.77,2.92,2.01,2.86,1.34,under_challenged,2,student,1
15.79,4,7,1,4.64,3.38,1.64,1.93,3.64,1.44,frenetic,3,employee,1
8.58,0,3,3,2.07,3.83,2.55,1.0,2.43,3.59,under_challenged,1,employee,0
7.14,1,3,1,2.96,3.37,1.18,1.2,2.54,3.12,under_challenged,1,employee,1
10.14,0,2,2,1.63,1.0,4.02,4.16,3.49,3.31,none,0,employee,1
12.29,4,5,1,3.94,3.71,1.62,1.0,1.62,2.15,worn_out,3,general,0
12.53,4,4,0,5.0,2.76,3.92,1.38,1.96,1.0,frenetic,3,student,0
9.62,0,3,5,2.07,2.21,4.39,4.21,4.25,2.85,none,0,general,1
8.45,1,4,4,2.03,2.67,4.34,3.99,4.91,4.34,none,0,general,0
11.0,2,5,3,3.59,3.18,3.79,4.09,2.57,2.46,none,1,employee,0
9.17,5,6,1,5.0,4.43,1.63,1.87,2.13,1.29,worn_out,3,employee,0
8.86,0,4,7,1.77,1.14,4.32,4.21,4.88,3.33,none,0,general,1
9.56,1,3,2,2.47,3.98,1.98,1.83,1.77,2.51,under_challenged,2,employee,1
11.41,4,10,0,3.91,2.45,2.15,2.7,2.55,1.73,frenetic,2,general,0
11.5,5,9,1,4.85,1.81,2.43,2.3,1.63,1.64,frenetic,3,general,0
12.95,4,4,1,4.85,2.8,3.07,1.11,4.0,1.0,frenetic,2,student,1
10.56,0,2,4,2.19,1.4,4.59,4.59,4.52,4.11,none,0,employee,1
9.2,5,9,2,4.56,4.29,3.0,1.32,1.32,1.4,worn_out,3,employee,0
12.64,5,4,2,3.64,4.38,1.07,1.41,1.87,1.74,worn_out,3,student,1
12.44,2,6,1,4.59,3.25,1.9,2.63,1.0,1.0,frenetic,3,student,1
13.94,3,5,1,5.0,4.72,2.2,1.36,2.38,1.04,worn_out,2,employee,1
14.27,5,9,2,4.86,3.26,3.76,2.6,2.04,1.0,frenetic,3,general,0
14.53,2,9,1,4.48,2.55,1.74,2.88,1.11,1.58,frenetic,2,employee,0
8.7,4,7,0,4.65,4.27,2.67,1.32,1.0,2.01,worn_out,3,employee,0
12.29,1,5,2,2.24,2.26,2.7,2.97,3.51,2.86,none,1,employee,1
12.39,4,7,1,5.0,2.15,2.39,2.36,2.45,1.0,frenetic,3,employee,0
7.63,1,2,5,1.87,1.31,4.3,4.77,4.01,3.28,none,0,student,1
9.68,0,3,3,2.15,1.44,4.33,4.24,3.13,4.21,none,0,employee,1
10.0,0,2,1,1.71,5.0,1.91,2.17,1.92,3.88,under_challenged,2,employee,0
8.97,4,8,2,5.0,4.98,1.61,1.75,1.0,1.93,worn_out,3,employee,0
11.51,2,4,0,3.84,1.87,4.05,3.01,3.96,4.24,none,1,employee,1
6.44,0,3,5,2.96,3.96,3.36,2.06,1.76,3.27,under_challenged,1,employee,0
9.52,1,3,2,2.02,4.52,3.35,1.53,1.13,4.25,under_challenged,2,employee,0
10.49,3,4,5,2.13,1.72,3.35,2.49,3.46,2.92,none,1,student,1
7.78,0,3,5,4.0,3.91,2.45,1.9,2.05,3.51,under_challenged,1,employee,0
10.21,2,7,0,4.48,4.16,2.63,1.22,1.39,2.38,worn_out,3,employee,1
8.09,0,2,5,1.51,1.44,4.03,4.89,3.12,3.75,none,0,employee,0
10.71,1,5,2,1.5,2.29,2.31,4.14,3.73,2.88,none,1,general,1
8.64,1,1,4,1.55,4.85,2.57,2.2,2.04,5.0,under_challenged,2,student,0
12.75,0,8,2,3.21,1.6,3.79,2.59,2.57,2.6,none,1,employee,1
5.4,0,3,4,1.4,2.43,3.44,4.46,3.87,3.09,none,0,general,0
10.97,4,4,2,5.0,4.78,1.85,1.29,1.41,2.28,worn_out,2,employee,1
12.8,0,4,1,3.98,4.48,2.14,1.22,2.21,1.22,worn_out,3,student,1
10.4,1,7,1,2.1,2.27,3.12,2.4,2.71,1.11,none,1,employee,1
14.28,3,6,0,4.63,3.62,2.51,1.19,1.74,2.12,frenetic,3,student,1
12.42,1,7,1,1.65,3.67,2.95,2.9,3.82,2.78,none,1,employee,1
9.45,0,1,4,1.19,1.25,4.86,4.52,3.49,3.64,none,0,student,1
9.99,2,4,5,2.18,1.32,2.65,3.71,4.32,1.39,none,1,employee,1
10.57,0,4,3,2.12,2.75,3.45,3.38,4.71,2.71,none,1,employee,1
9.46,0,2,7,2.13,1.57,3.83,3.79,3.35,3.63,none,0,employee,1
13.59,4,8,1,4.82,2.35,1.61,1.97,2.87,1.46,frenetic,3,employee,0
9.5,0,2,4,2.32,1.74,3.73,4.21,4.13,4.36,none,0,employee,1
5.88,0,5,6,1.34,1.0,3.82,3.35,3.89,4.0,none,0,general,0
9.82,5,7,1,4.5,4.32,2.28,1.51,1.71,2.84,worn_out,3,employee,0
10.6,0,5,2,2.87,2.76,3.79,3.43,2.99,1.82,none,1,employee,1
9.41,0,3,0,1.77,4.03,2.04,1.81,2.06,4.19,under_challenged,1,student,1
7.8,1,5,3,3.15,3.3,3.15,1.5,4.45,1.79,none,1,employee,1
14.27,3,4,1,5.0,3.07,2.68,2.83,3.03,1.3,frenetic,3,student,1
10.0,5,6,0,4.59,2.81,3.88,2.26,2.82,1.29,frenetic,2,student,0
8.54,1,2,5,1.3,3.15,2.61,1.0,2.87,3.68,under_challenged,2,student,0
13.54,5,6,0,4.17,3.43,3.19,1.74,2.73,1.41,frenetic,3,employee,1
8.46,1,4,4,2.32,4.39,2.5,2.18,2.35,3.37,under_challenged,1,employee,1
9.76,0,4,4,4.0,1.66,3.41,2.51,3.15,2.96,none,1,employee,0
9.29,2,4,2,2.32,3.17,2.68,3.56,4.05,2.81,none,1,student,0
12.44,3,7,0,4.79,2.55,1.53,2.83,1.87,1.0,frenetic,2,employee,1
6.62,0,2,3,1.84,3.36,1.89,1.32,1.0,3.31,under_challenged,1,student,1
8.75,0,3,7,1.56,1.59,3.67,3.57,3.55,4.03,none,0,general,0
12.78,1,4,3,4.44,5.0,3.0,1.16,1.0,1.89,worn_out,2,employee,1
9.56,4,2,0,4.11,4.96,1.22,1.67,2.11,1.0,worn_out,3,employee,1
7.78,0,3,4,2.41,1.8,3.64,4.35,3.81,4.49,none,0,employee,1
9.49,3,4,0,4.89,5.0,1.8,2.02,1.44,2.4,worn_out,3,student,0
9.99,1,6,3,2.68,3.19,2.96,2.46,2.25,2.71,none,1,general,1
7.49,1,4,1,3.92,4.11,1.07,1.48,1.14,1.52,worn_out,2,student,0
13.97,5,4,0,4.27,2.51,3.16,2.3,3.17,1.14,frenetic,3,student,1
7.9,0,0,3,2.61,4.83,2.13,1.93,2.58,2.49,under_challenged,1,general,0
8.53,0,2,2,2.66,4.97,2.71,1.49,1.77,2.89,under_challenged,2,student,1
10.26,2,2,1,3.25,4.32,1.24,1.46,1.32,2.8,worn_out,2,general,0
11.81,5,5,0,4.54,3.31,1.85,2.56,3.49,1.51,frenetic,2,student,0
9.67,2,2,2,2.01,2.19,3.22,3.89,3.58,2.2,none,1,student,1
8.28,0,3,2,1.57,1.1,2.83,4.34,3.1,3.99,none,0,employee,1
9.77,0,3,4,3.25,3.44,3.5,1.44,2.07,3.21,under_challenged,2,employee,1
8.42,1,2,4,1.16,1.52,3.52,4.47,3.99,3.94,none,0,employee,1
7.42,0,3,5,2.47,1.74,4.96,4.07,4.79,3.77,none,0,employee,0
12.79,5,5,0,4.16,2.05,3.55,2.87,2.98,1.5,frenetic,2,student,0
15.79,6,4,0,5.0,2.99,2.57,1.93,3.76,1.71,frenetic,3,student,1
8.5,0,1,3,3.71,4.69,1.0,1.21,1.0,4.47,under_challenged,2,general,1
10.8,2,11,1,4.67,3.21,2.89,1.78,3.58,1.99,frenetic,3,employee,0
8.85,0,4,3,2.18,2.36,2.4,3.0,2.31,2.48,none,1,general,0
9.62,0,2,3,1.99,2.02,5.0,3.59,4.4,3.19,none,0,employee,1
10.19,0,2,2,2.5,4.37,2.75,2.18,1.96,3.58,under_challenged,2,student,1
9.4,0,3,2,1.68,1.37,4.26,4.93,3.55,3.95,none,0,general,1
9.0,0,1,3,1.44,1.55,3.6,3.59,3.48,5.0,none,0,general,0
9.74,2,0,1,2.46,4.48,2.66,2.29,2.21,2.53,under_challenged,2,employee,1
8.92,0,3,5,2.06,2.32,3.45,4.62,3.74,3.37,none,0,employee,1
10.38,0,2,1,2.9,3.8,2.38,1.74,1.0,2.91,under_challenged,2,student,1
6.9,1,2,2,1.94,4.46,2.45,1.36,2.95,4.17,under_challenged,2,employee,0
9.09,1,4,2,1.66,3.06,2.83,3.41,3.92,2.76,none,1,general,1
10.13,3,4,0,5.0,4.54,1.43,2.5,1.82,2.34,worn_out,3,student,0
9.2,0,1,5,1.83,1.54,4.09,4.2,3.72,3.83,none,0,student,1
9.91,2,4,2,4.24,4.43,1.53,1.36,1.44,1.0,worn_out,3,employee,1
9.85,1,4,3,4.29,4.51,1.13,1.26,1.34,1.46,worn_out,3,student,0
12.38,4,5,2,4.79,4.49,1.14,1.0,1.37,2.9,worn_out,3,general,1
12.3,7,8,1,4.51,3.16,2.99,2.29,1.58,1.1,frenetic,2,employee,1
11.11,4,8,1,5.0,4.18,2.68,2.58,3.47,1.2,frenetic,2,general,0
8.13,0,3,8,1.09,1.0,5.0,3.88,3.26,3.87,none,0,employee,0
10.23,0,4,3,3.58,2.4,1.95,2.71,3.48,3.55,none,1,employee,0
10.85,2,7,2,4.39,4.8,1.49,1.0,1.53,1.33,worn_out,3,general,1
9.14,1,2,4,3.32,4.41,3.33,1.02,1.0,3.28,under_challenged,2,employee,1
6.7,1,2,5,1.18,2.29,4.02,4.56,3.3,3.93,none,0,employee,0
13.08,2,7,1,4.54,2.79,2.97,2.31,2.4,1.0,frenetic,3,general,1
10.86,2,5,0,4.2,2.66,2.28,2.73,2.44,1.0,frenetic,2,student,1
10.24,2,8,2,4.4,4.21,2.27,1.15,2.15,2.47,worn_out,3,employee,1
8.32,1,2,5,1.7,2.25,4.21,4.39,3.9,5.0,none,0,student,0
6.56,0,2,0,2.82,3.83,1.73,1.42,1.38,2.42,under_challenged,2,student,1
16.0,3,5,1,4.29,3.87,3.28,2.11,1.29,1.52,frenetic,3,student,1
10.11,1,5,4,3.17,3.2,3.18,2.74,3.57,3.41,none,1,employee,1
7.68,0,5,7,1.78,1.65,4.29,4.25,4.34,2.87,none,0,employee,1
8.12,1,1,3,2.22,4.96,2.03,1.02,2.8,2.4,under_challenged,1,student,0
12.42,3,4,1,4.5,3.92,2.62,1.84,2.26,1.8,frenetic,2,student,0
6.28,1,0,3,2.6,2.02,4.7,4.85,3.61,4.29,none,0,employee,0
12.5,2,5,0,4.65,3.07,3.54,2.5,2.3,1.05,frenetic,3,student,1
12.18,4,5,2,3.41,2.89,3.08,3.35,3.01,3.6,none,1,employee,1
7.89,2,2,4,4.36,3.54,2.18,1.31,1.68,2.42,worn_out,3,employee,0
13.79,5,8,1,4.42,4.54,2.16,3.05,1.43,1.06,frenetic,2,employee,1
8.0,0,4,6,1.71,1.53,4.46,3.9,4.38,4.25,none,0,general,1
7.45,4,7,1,4.48,4.29,1.68,1.0,1.0,1.8,worn_out,3,employee,0
13.76,2,9,1,4.41,2.39,1.0,2.42,2.8,1.0,frenetic,2,general,1
6.02,1,5,6,1.84,2.23,4.12,4.2,4.61,3.27,none,0,employee,1
9.63,0,4,0,3.79,4.91,1.65,1.82,1.57,3.33,worn_out,3,general,0
9.97,1,2,0,2.64,4.61,1.67,1.18,3.3,4.26,under_challenged,2,employee,0
10.97,2,5,1,4.46,4.66,2.75,1.81,2.07,2.05,worn_out,3,general,0
9.71,3,4,4,2.2,2.83,3.42,2.22,2.36,3.57,none,1,general,0
12.24,2,4,1,4.8,4.17,1.73,3.4,3.54,1.0,frenetic,3,student,0
8.27,0,5,4,2.01,2.43,3.34,3.05,3.54,2.96,none,1,employee,0
14.01,2,7,1,4.43,4.3,3.75,1.64,2.62,1.41,frenetic,3,student,0
6.42,0,1,7,1.83,1.9,3.65,4.15,4.34,4.28,none,0,student,0
7.78,0,1,6,1.82,1.79,4.63,4.35,3.5,4.06,none,0,student,0
15.02,1,5,1,3.88,4.09,1.3,1.47,1.97,1.86,worn_out,3,employee,1
9.95,2,6,2,3.55,2.63,2.27,3.25,2.09,3.04,none,1,employee,0
7.52,0,3,8,1.22,1.34,4.42,3.83,3.84,3.96,none,0,employee,0
14.66,7,9,0,4.15,3.66,3.36,2.22,1.34,1.49,frenetic,3,employee,1
9.71,3,2,3,3.55,2.32,3.35,3.01,2.34,2.81,none,1,student,1
7.63,2,1,7,3.55,3.86,2.26,1.47,2.1,3.34,under_challenged,1,student,0
7.06,1,2,4,2.83,3.89,1.84,1.37,3.02,3.31,under_challenged,1,employee,1
8.6,0,3,5,1.5,2.98,2.98,3.07,1.34,3.41,none,1,student,1
7.69,1,2,3,1.39,1.0,4.0,4.03,4.51,4.09,none,0,student,0
15.5,5,8,1,3.88,3.63,2.22,2.27,1.76,1.25,frenetic,3,employee,1
8.46,0,2,2,1.65,3.95,1.0,2.09,1.16,3.74,under_challenged,1,student,0
8.07,0,4,7,1.55,3.19,3.86,4.92,4.19,4.44,none,0,employee,0
12.54,7,6,1,5.0,3.47,3.03,2.35,2.73,2.12,frenetic,3,employee,0
8.23,0,2,7,1.96,1.34,4.32,4.45,4.58,3.5,none,0,employee,1
10.28,4,6,1,4.76,4.5,2.22,1.11,1.83,1.27,worn_out,2,employee,1
11.13,1,3,2,3.14,2.26,3.36,3.75,3.33,3.49,none,1,employee,1
13.14,4,9,1,4.12,4.36,1.37,2.18,3.04,1.78,frenetic,3,employee,0
6.56,1,3,3,2.6,5.0,2.2,1.73,3.28,4.19,under_challenged,2,student,0
9.7,3,7,1,4.79,4.63,1.14,1.74,1.69,1.0,worn_out,3,general,1
9.86,2,2,1,3.77,4.7,2.15,1.13,2.26,1.76,worn_out,3,employee,0
14.97,5,6,1,4.15,2.35,3.88,2.42,2.76,1.31,frenetic,3,employee,1
9.23,0,2,5,1.49,4.4,2.14,1.62,2.14,3.95,under_challenged,2,employee,1
9.52,1,4,1,3.52,2.82,3.39,2.15,2.36,2.65,none,1,employee,1
8.8,1,1,3,2.9,4.58,2.25,2.22,2.25,3.35,under_challenged,2,student,0
9.09,0,1,4,2.54,5.0,2.77,1.24,1.0,3.94,under_challenged,2,student,1
8.73,0,1,5,4.0,3.97,2.13,1.48,1.0,3.49,under_challenged,2,student,0
7.85,2,6,2,4.56,4.33,2.25,1.61,1.11,1.0,worn_out,3,employee,0
11.37,4,7,1,3.99,4.45,2.25,1.58,1.31,1.92,worn_out,3,employee,1
13.98,2,4,1,4.8,3.67,3.03,2.08,3.48,1.0,frenetic,3,student,1
10.1,4,4,0,4.78,3.68,1.89,1.14,1.38,1.55,worn_out,3,employee,0
13.04,2,2,2,4.17,4.01,2.06,1.12,1.0,2.73,worn_out,3,student,0
9.57,4,1,0,3.72,4.28,2.22,1.58,1.77,1.05,worn_out,3,student,1
10.04,0,2,7,1.35,1.03,3.33,4.91,5.0,3.78,none,0,general,1
10.2,2,3,2,4.9,4.4,2.23,1.16,1.0,1.16,worn_out,2,student,0
12.5,4,6,2,4.51,4.52,2.62,1.0,1.0,2.91,worn_out,3,employee,1
6.81,0,2,7,1.55,2.08,3.71,3.65,4.11,4.54,none,0,general,0
12.98,3,4,0,4.64,4.64,2.27,1.69,1.05,1.0,worn_out,3,employee,1
7.26,0,1,7,2.55,4.29,2.08,1.0,1.9,2.79,under_challenged,1,employee,0
13.99,5,8,0,5.0,3.62,2.03,2.61,4.0,1.0,frenetic,3,general,1
7.95,0,2,6,2.19,1.86,4.95,4.52,4.05,4.37,none,0,student,0
8.49,0,3,2,1.15,1.03,4.74,3.84,4.37,3.94,none,0,general,1
11.77,2,9,0,4.55,2.93,1.34,2.49,4.0,1.0,frenetic,2,general,1
12.32,4,11,1,4.46,2.66,3.82,2.22,3.13,1.3,frenetic,3,employee,1
7.71,1,4,6,3.25,3.53,2.68,1.33,2.9,3.96,under_challenged,2,employee,0
6.4,0,4,3,2.44,3.89,2.09,1.8,1.5,2.64,under_challenged,2,general,0
10.39,0,5,5,2.48,2.66,2.81,3.58,2.58,3.86,none,1,student,1
12.64,1,6,1,3.54,4.34,2.08,1.99,2.09,1.91,worn_out,3,employee,1
13.45,4,3,1,4.16,2.91,1.89,2.73,2.39,1.88,frenetic,3,student,0
14.01,4,9,0,4.3,2.86,3.69,2.48,1.24,1.27,frenetic,3,employee,1
7.53,0,2,4,1.47,1.27,4.4,4.66,4.78,4.42,none,0,student,0
10.51,2,5,0,2.98,2.02,2.88,3.1,4.13,2.92,none,1,general,1
14.21,5,8,1,4.88,2.97,2.48,2.44,1.9,1.36,frenetic,2,general,1
14.56,4,8,0,4.75,2.92,2.97,1.97,2.38,2.58,frenetic,3,employee,1
12.42,5,5,2,4.43,3.73,3.91,1.65,1.92,1.18,frenetic,2,student,0
9.18,3,5,3,1.59,2.85,3.53,2.93,3.49,2.16,none,1,employee,1
12.84,4,8,1,5.0,2.88,3.5,2.74,2.43,1.37,frenetic,3,employee,1
11.78,3,5,1,3.99,3.69,2.63,2.11,2.53,1.47,frenetic,3,student,0
15.23,4,8,0,4.84,4.67,2.77,2.1,3.1,1.55,frenetic,3,general,1
13.78,7,4,1,4.0,2.53,3.17,2.22,3.34,2.71,frenetic,2,student,0
12.71,5,6,2,5.0,4.74,1.52,1.2,1.54,2.2,worn_out,3,employee,1
12.42,2,9,1,4.31,2.91,1.71,1.45,2.82,1.69,frenetic,3,employee,0
10.47,0,3,5,1.0,1.49,4.31,5.0,3.9,4.65,none,0,employee,1
14.97,7,5,1,4.9,2.47,1.49,2.54,2.2,1.48,frenetic,3,student,1
12.86,4,4,2,3.9,4.72,2.27,1.08,1.5,1.0,worn_out,3,employee,1
7.93,0,2,3,2.01,1.25,3.35,3.48,4.35,4.1,none,0,employee,1
10.16,5,3,0,4.29,3.26,1.41,3.5,3.49,1.77,frenetic,3,student,0
11.9,5,5,1,4.45,2.84,2.64,2.34,3.18,1.98,frenetic,3,student,0
8.97,1,1,5,3.57,4.07,1.98,1.0,1.0,4.61,under_challenged,2,student,0
14.58,7,9,1,4.7,3.56,4.0,2.54,1.78,1.55,frenetic,3,general,1
13.89,4,8,1,4.2,2.79,2.1,1.0,1.17,1.0,frenetic,3,general,1
8.15,0,2,2,2.7,1.69,4.03,4.68,4.11,3.33,none,0,student,1
10.21,2,5,1,2.57,2.4,3.39,3.89,4.83,2.94,none,1,employee,1
8.94,0,2,4,2.2,1.53,3.79,4.39,3.3,4.44,none,0,student,1
11.33,4,8,0,4.11,2.19,1.52,2.17,4.0,1.0,frenetic,2,employee,1
10.61,2,3,1,4.31,4.07,1.0,1.14,1.0,1.0,worn_out,2,employee,0
10.81,2,6,2,2.62,2.21,2.48,4.48,1.72,3.03,none,1,employee,1
10.18,1,3,1,4.45,4.42,1.4,1.61,1.42,1.28,worn_out,3,employee,0
9.54,3,3,1,3.39,2.31,3.1,5.0,3.51,2.12,none,1,employee,1
7.41,0,3,6,2.45,1.0,4.35,5.0,3.37,4.19,none,0,employee,0
9.29,2,4,1,2.82,3.33,3.27,3.37,2.24,3.26,none,1,employee,1
7.69,0,0,7,2.47,1.46,5.0,3.45,4.16,3.15,none,0,student,0
8.33,2,2,6,1.13,1.41,4.36,3.75,3.34,4.58,none,0,employee,0
7.72,2,2,0,3.07,4.77,2.3,2.26,1.97,2.85,under_challenged,1,employee,0
13.08,5,3,0,4.12,2.6,3.18,2.95,2.77,1.81,frenetic,3,student,0
11.32,5,6,0,4.25,4.46,1.85,1.9,2.12,1.0,worn_out,2,employee,0
11.32,3,3,0,3.74,4.41,2.6,1.76,1.62,2.77,worn_out,3,student,0
13.37,5,7,1,4.61,2.54,2.09,2.44,2.95,1.24,frenetic,3,general,0
7.6,0,2,3,3.31,4.51,3.32,1.94,1.25,3.23,under_challenged,2,student,0
9.83,3,6,1,2.57,1.79,3.04,3.04,2.76,2.11,none,1,general,1
9.68,4,5,3,3.87,2.0,3.5,3.63,4.24,2.41,none,1,employee,1
6.48,0,2,7,1.0,1.89,3.88,4.98,3.82,4.51,none,0,employee,0
7.31,1,4,2,4.27,4.28,1.0,1.15,1.76,2.2,worn_out,3,student,0
9.15,0,3,5,1.69,2.2,3.08,3.73,3.71,2.59,none,1,student,1
9.17,0,2,6,2.16,2.04,4.05,3.87,4.52,4.43,none,0,employee,1
9.55,0,1,6,3.11,4.29,2.27,1.76,2.14,3.58,under_challenged,2,student,1
13.7,4,8,1,4.13,2.65,1.65,2.52,1.11,1.32,frenetic,2,employee,0
11.33,6,5,0,4.32,2.17,2.76,2.11,2.56,1.0,frenetic,3,student,1
11.3,1,6,1,2.62,2.17,3.52,4.27,2.9,1.86,none,1,employee,1
12.26,5,2,0,4.26,4.35,1.76,1.0,2.23,2.28,worn_out,3,student,0
9.0,3,5,1,4.09,4.4,1.27,1.88,1.81,1.0,worn_out,3,general,1
14.4,3,6,0,4.2,1.91,2.26,1.46,2.49,1.0,frenetic,3,student,1
9.36,2,8,1,4.37,4.3,1.0,1.47,1.52,2.96,worn_out,2,general,0
12.28,2,9,1,4.69,3.09,2.54,2.56,1.07,1.52,frenetic,3,employee,0
11.74,7,10,1,5.0,2.38,1.0,1.48,3.39,1.34,frenetic,3,employee,0
10.89,1,6,2,2.21,1.76,3.18,4.07,2.72,2.34,none,1,employee,1
9.78,0,1,6,1.92,5.0,1.04,1.28,2.29,4.23,under_challenged,2,employee,1
11.12,3,2,5,2.39,1.12,3.74,2.93,3.2,2.42,none,1,student,1
10.96,0,5,1,2.33,3.18,2.51,3.37,2.39,1.67,none,1,employee,1
8.59,3,2,3,2.83,1.85,3.43,4.59,3.34,3.45,none,1,student,0
12.55,1,3,0,3.08,3.23,2.9,2.55,3.56,2.21,none,1,student,1
7.31,0,2,5,1.95,1.5,4.66,4.8,4.75,3.8,none,0,student,0
12.03,2,10,1,3.58,2.84,1.98,1.8,2.05,1.82,frenetic,3,general,0
8.38,0,3,3,1.96,1.0,3.49,3.8,4.25,3.85,none,0,employee,0
11.17,0,6,2,2.94,2.11,3.56,3.56,3.81,3.73,none,1,employee,1
10.73,3,3,3,1.77,2.74,3.06,3.73,2.93,2.95,none,1,student,1
8.5,1,4,1,1.95,1.0,4.72,4.49,3.03,4.22,none,0,employee,1
7.61,1,6,5,1.66,2.46,4.46,4.11,3.56,3.61,none,0,employee,0
8.48,0,2,1,1.24,1.66,3.87,4.62,4.51,5.0,none,0,student,0
7.8,0,2,4,2.15,1.0,4.71,4.52,4.29,3.52,none,0,employee,1
11.55,3,3,1,3.16,2.06,2.49,4.07,3.08,2.74,none,1,student,1
7.6,0,4,3,1.99,1.0,4.5,3.43,3.91,3.12,none,0,employee,0
9.05,0,6,3,2.38,3.21,2.42,1.96,3.19,3.79,none,1,employee,0
10.16,3,5,0,4.26,3.95,1.92,1.05,1.45,1.67,worn_out,3,employee,1
10.29,1,4,2,3.31,2.67,3.04,2.89,2.45,2.7,none,1,employee,0
11.9,3,4,1,5.0,3.03,3.18,2.39,3.7,1.87,frenetic,2,student,1
7.91,1,2,0,3.42,3.92,1.06,1.0,1.82,2.85,under_challenged,2,employee,0
10.82,2,3,2,2.42,3.04,3.13,2.16,3.07,3.22,none,1,student,1
11.71,5,9,0,4.64,3.13,1.98,3.07,2.27,1.13,frenetic,3,employee,0
10.24,0,1,3,2.31,5.0,1.16,1.9,1.0,4.08,under_challenged,1,student,1
10.97,3,6,3,2.3,2.45,2.77,2.48,4.63,2.3,none,1,employee,1
9.35,1,2,5,2.79,4.29,3.1,1.93,2.99,2.42,under_challenged,2,student,1
13.08,2,3,1,4.32,4.55,1.61,1.65,1.63,1.71,worn_out,3,general,1
16.0,2,3,2,3.99,3.11,2.3,3.4,2.24,1.0,frenetic,3,student,1
8.96,0,3,10,1.27,1.74,4.12,4.84,5.0,3.52,none,0,employee,1
10.39,1,6,4,2.52,2.71,3.29,3.1,3.12,3.16,none,1,employee,1
12.25,7,6,1,4.49,2.81,1.27,2.17,1.86,2.62,frenetic,2,student,0
9.33,0,3,5,2.33,1.76,3.86,4.89,4.24,4.77,none,0,employee,1
10.06,0,4,3,2.09,3.45,2.98,3.55,3.38,3.02,none,1,general,0
10.77,0,3,1,2.84,4.77,2.42,2.09,2.29,2.77,under_challenged,1,general,1
15.83,7,3,1,5.0,3.0,1.7,2.52,3.21,2.11,frenetic,2,student,1
14.64,6,8,0,4.66,2.34,2.38,1.06,1.35,1.75,frenetic,3,employee,1
5.41,1,3,5,3.15,5.0,1.84,1.67,1.0,4.56,under_challenged,2,employee,0
7.01,0,3,3,2.09,1.78,4.11,4.45,4.93,4.15,none,0,employee,0
8.55,0,4,1,2.79,2.82,2.6,2.85,1.92,2.14,none,1,student,0
9.74,1,6,1,2.78,3.12,3.32,3.13,3.33,4.07,none,1,employee,0
10.56,1,5,5,2.69,2.49,2.56,2.86,4.43,2.28,none,1,general,1
9.58,4,3,3,3.28,2.82,3.18,2.98,2.87,1.1,none,1,student,1
7.82,0,2,5,1.0,1.61,4.14,3.39,2.62,4.37,none,0,employee,1
10.83,2,3,0,4.25,4.85,1.97,1.52,2.13,2.07,worn_out,3,employee,0
8.32,1,1,3,1.19,5.0,2.03,1.8,1.0,2.63,under_challenged,2,student,1
11.74,1,6,2,2.95,2.62,3.54,2.39,2.91,2.55,none,1,general,1
7.81,0,2,3,1.51,1.32,4.73,3.7,4.14,2.93,none,0,employee,1
14.09,5,6,0,3.79,2.06,3.49,1.76,1.77,1.43,frenetic,2,employee,1
9.39,0,1,2,2.13,3.33,2.31,1.02,1.9,3.97,under_challenged,2,employee,0
9.67,0,4,8,2.04,1.73,4.27,4.12,4.09,4.24,none,0,employee,1
8.44,2,4,0,3.7,4.96,2.2,1.09,1.17,1.51,worn_out,3,employee,1
6.4,0,4,5,1.92,1.18,4.53,3.21,4.67,4.92,none,0,general,0
13.27,2,10,0,5.0,2.54,2.74,2.16,2.41,1.27,frenetic,3,general,0
13.68,2,5,2,4.54,4.98,1.72,1.01,1.61,1.03,worn_out,3,employee,1
12.99,7,7,0,5.0,2.34,2.8,2.49,3.61,1.21,frenetic,3,employee,1
13.74,3,5,1,4.42,2.66,1.92,3.5,3.93,1.28,frenetic,3,student,1
11.49,2,3,4,2.2,3.19,3.25,3.55,2.69,2.8,none,1,student,1
11.09,2,4,2,4.71,5.0,2.05,1.46,1.08,2.04,worn_out,3,employee,1
8.92,1,2,3,2.14,1.79,3.19,2.75,3.88,3.06,none,1,employee,1
12.72,3,3,1,4.74,4.51,2.59,2.52,1.79,1.28,frenetic,3,student,1
7.69,0,2,6,1.64,1.92,3.49,3.76,3.95,3.25,none,0,student,1
10.87,3,5,3,2.6,2.92,2.96,3.56,2.57,2.63,none,1,general,1
6.92,2,4,1,4.0,3.75,1.63,1.29,1.71,3.49,under_challenged,1,employee,0
9.53,5,2,1,4.93,3.8,1.6,1.75,1.92,1.0,worn_out,3,employee,0
11.25,5,3,2,4.62,4.38,1.95,1.69,1.28,1.0,worn_out,3,general,1
8.57,0,3,2,1.99,4.45,2.08,2.09,2.47,3.87,under_challenged,1,general,0
9.64,4,3,2,3.33,3.07,3.02,3.88,3.58,3.96,none,1,student,0
9.09,0,5,6,1.59,1.71,4.95,3.75,3.75,4.24,none,0,general,1
10.06,6,9,1,4.84,2.87,1.81,1.81,1.13,1.47,frenetic,3,employee,0
11.14,3,9,0,5.0,3.86,2.51,3.27,2.47,1.0,frenetic,3,employee,0
10.45,2,2,1,3.98,4.23,1.81,1.92,1.41,1.79,worn_out,2,employee,1
12.29,6,4,0,4.47,4.11,1.42,1.27,1.05,1.0,frenetic,2,student,1
10.36,0,6,5,3.39,2.89,3.32,2.32,3.18,2.81,none,1,employee,1
10.99,3,4,2,3.35,4.68,1.74,1.15,1.0,1.78,worn_out,3,employee,0
11.59,1,3,3,4.43,4.51,1.56,1.78,1.0,1.48,worn_out,3,student,1
9.66,2,4,4,2.96,2.24,3.94,2.79,3.69,2.03,none,1,employee,1
7.85,0,1,5,1.75,1.01,4.8,3.17,4.07,3.95,none,0,student,0
7.63,0,5,7,2.83,1.0,4.2,3.87,4.05,3.19,none,0,employee,1
10.44,1,7,2,3.09,2.46,3.51,2.47,2.83,2.28,none,1,employee,1
13.7,4,7,1,4.81,2.61,2.25,1.68,1.03,1.87,frenetic,3,employee,0
11.17,1,3,0,1.9,2.59,3.5,3.39,4.39,1.89,none,1,student,1
9.81,3,3,1,2.83,2.65,3.51,2.46,2.39,2.78,none,1,student,0
8.99,0,4,2,3.05,1.53,3.34,2.2,4.25,2.99,none,1,employee,1
8.94,0,3,5,2.42,1.8,3.98,3.8,4.47,3.75,none,0,employee,1
10.74,2,8,2,4.16,3.94,2.91,1.48,1.77,1.24,worn_out,3,employee,1
7.99,1,3,0,3.66,2.99,3.08,3.68,3.63,2.51,none,1,student,0
10.2,1,2,2,3.02,4.44,1.67,1.95,2.14,2.89,under_challenged,2,employee,1
9.5,0,5,6,1.92,1.0,3.81,4.52,4.73,3.95,none,0,employee,1
11.37,4,5,0,5.0,3.89,3.08,3.06,3.96,1.0,frenetic,2,student,1
10.87,2,3,1,2.99,1.0,2.14,3.78,4.16,3.11,none,1,employee,1
10.07,0,1,1,3.7,4.49,3.28,1.68,1.92,1.7,under_challenged,1,general,1
11.19,3,3,4,2.55,2.9,3.5,3.16,4.25,2.84,none,1,student,1
10.12,3,4,1,2.28,2.74,3.11,3.53,2.71,1.67,none,1,employee,1
9.33,1,4,1,3.0,2.09,3.03,3.39,1.82,2.24,none,1,student,1
7.56,1,2,5,1.7,3.64,1.0,1.45,1.32,2.17,under_challenged,2,employee,1
9.33,0,3,5,3.74,4.45,1.58,1.47,3.17,2.07,under_challenged,2,employee,1
10.51,2,8,0,4.41,4.85,1.06,1.32,1.42,1.33,worn_out,3,employee,1
7.09,1,3,7,3.74,4.31,2.3,1.97,2.25,1.6,under_challenged,1,employee,0
7.75,0,3,3,3.96,3.63,2.69,2.79,1.06,3.31,under_challenged,1,student,1
8.16,1,2,3,3.04,5.0,1.81,1.0,2.41,2.81,under_challenged,1,employee,0
7.67,1,1,11,1.5,1.6,4.3,5.0,4.02,3.12,none,0,employee,1
8.09,0,1,6,1.67,1.0,4.36,4.13,3.69,4.0,none,0,student,0
12.18,4,3,0,3.16,4.2,1.0,1.88,1.63,1.82,worn_out,2,student,0
9.44,0,2,5,1.83,1.21,4.31,4.61,4.98,4.22,none,0,employee,1
15.84,4,10,1,4.74,2.68,3.02,3.24,2.77,1.86,frenetic,2,employee,1
9.59,0,3,2,1.22,2.53,4.52,3.91,4.06,3.68,none,0,student,1
7.3,0,3,0,2.73,3.84,2.27,3.0,2.46,4.37,under_challenged,2,employee,0
12.65,2,4,1,4.16,4.53,1.7,1.59,1.87,1.5,worn_out,3,student,0
12.2,2,4,3,2.88,4.0,3.28,2.22,4.28,1.35,none,1,employee,1
11.35,3,10,0,4.89,3.11,2.16,3.09,1.67,1.3,frenetic,3,employee,0
6.57,1,2,7,1.19,1.0,3.93,4.39,3.58,4.24,none,0,employee,0
9.43,1,3,7,1.22,1.28,3.8,4.28,4.66,3.93,none,0,employee,1
8.72,0,1,5,2.99,1.94,3.81,4.22,4.23,4.01,none,0,student,0
11.64,0,0,3,3.22,4.14,2.43,1.14,1.48,3.58,under_challenged,2,student,1
8.11,0,3,4,1.78,1.53,4.42,3.59,4.9,3.81,none,0,student,0
7.57,1,3,4,1.66,1.0,4.02,3.58,4.2,3.86,none,0,employee,1
7.99,2,2,7,1.0,1.0,3.32,3.69,3.57,4.53,none,0,employee,1
10.16,0,5,0,2.23,1.72,2.46,2.42,2.57,2.87,none,1,employee,1
10.25,0,2,3,2.65,4.28,1.81,1.16,1.11,3.1,under_challenged,2,employee,1
8.23,0,3,6,1.78,2.1,3.4,3.81,4.09,3.17,none,0,employee,1
9.16,1,5,1,2.48,2.05,2.97,2.27,2.27,3.77,none,1,employee,0
7.9,1,2,2,2.28,1.1,4.47,4.45,4.88,5.0,none,0,student,0
13.67,0,4,2,4.22,4.45,1.0,1.0,1.63,1.11,worn_out,3,employee,1
5.7,0,1,4,2.35,1.35,4.86,4.19,4.73,4.37,none,0,employee,1
11.85,6,5,0,3.84,1.94,1.89,2.34,3.68,2.28,frenetic,3,employee,0
14.18,6,5,1,4.33,2.36,3.4,3.05,2.71,1.3,frenetic,3,student,1
10.8,1,4,2,2.72,2.42,4.1,3.3,2.33,3.13,none,1,employee,1
13.17,3,5,1,4.87,2.74,2.55,1.71,2.11,1.0,frenetic,3,student,0
12.25,4,8,1,4.32,2.35,3.81,3.27,2.58,1.7,frenetic,3,employee,0
8.34,3,8,3,3.97,2.05,2.84,3.09,2.16,1.32,none,1,employee,0
8.59,1,3,6,1.74,2.39,3.93,2.97,3.39,2.98,none,1,student,0
10.15,3,5,0,4.22,3.78,1.0,1.59,2.28,2.67,worn_out,3,employee,1
8.81,2,4,6,3.41,2.26,3.35,2.67,2.78,2.13,none,1,general,0
11.02,6,5,1,4.8,2.53,2.69,1.0,2.72,1.78,frenetic,3,student,0
11.01,4,7,1,4.31,4.21,1.16,1.1,1.78,1.97,worn_out,3,employee,1
8.61,0,2,6,1.6,1.0,4.37,4.5,4.23,4.24,none,0,employee,0
12.92,4,10,0,4.25,3.21,3.24,1.99,2.9,2.15,frenetic,3,employee,1
13.04,4,3,0,4.63,3.17,2.81,2.2,3.07,1.87,frenetic,2,student,1
11.37,0,8,2,5.0,4.9,1.61,1.17,1.48,1.71,worn_out,3,employee,0
12.6,1,4,2,2.7,2.81,2.24,2.99,3.4,1.14,none,1,employee,1
11.39,1,6,3,2.71,3.43,3.06,3.05,3.37,4.31,none,1,employee,1
13.73,4,6,0,4.33,2.84,1.5,1.36,1.34,1.71,frenetic,2,student,0
9.48,1,4,1,2.68,2.28,3.31,2.88,2.83,2.03,none,1,student,0
12.7,7,7,0,4.53,3.0,2.05,2.71,2.86,1.24,frenetic,2,student,0
14.34,2,6,0,3.85,4.4,1.55,1.36,2.36,1.24,worn_out,3,employee,1
8.66,2,3,2,2.59,2.27,3.88,2.54,3.11,1.81,none,1,employee,0
8.72,1,3,4,2.44,4.14,2.49,1.35,1.53,1.99,under_challenged,2,employee,1
7.22,0,4,1,2.34,3.66,2.39,1.95,1.81,3.0,under_challenged,2,employee,0
9.15,0,2,7,1.22,1.33,3.47,3.97,4.56,3.36,none,0,employee,1
9.9,0,3,2,1.76,4.17,1.68,1.76,2.2,3.72,under_challenged,1,employee,1
9.17,0,6,3,1.94,2.34,3.49,2.94,3.89,3.34,none,1,employee,1
8.18,0,3,5,2.13,1.38,3.79,4.57,4.48,4.41,none,0,employee,0
12.82,1,9,1,3.67,4.53,1.42,1.41,2.01,1.0,worn_out,3,employee,1
9.11,0,3,5,2.05,1.04,3.42,4.33,4.78,4.22,none,0,student,1
8.03,1,1,4,2.39,2.05,4.49,4.95,4.02,3.78,none,0,employee,1
12.02,2,6,5,1.87,2.08,3.7,3.67,4.41,3.37,none,1,employee,1
10.85,2,4,1,4.61,4.33,2.58,2.3,1.91,1.94,frenetic,2,student,0
11.34,5,5,1,3.78,2.51,2.48,2.98,2.18,2.09,frenetic,3,student,0
9.61,0,2,4,3.25,4.27,2.4,1.68,3.26,3.62,under_challenged,2,student,1
11.25,0,4,6,1.43,1.95,4.17,3.87,5.0,4.84,none,0,general,1
9.89,0,3,1,1.95,1.6,4.45,4.18,3.79,3.44,none,0,employee,1
10.1,0,5,1,2.47,3.67,3.59,3.16,1.94,4.03,none,1,general,0
11.32,0,3,2,4.94,4.24,1.51,1.34,1.62,1.6,worn_out,2,general,1
15.04,1,8,0,4.86,4.76,1.93,1.9,1.16,2.23,worn_out,3,employee,1
11.95,2,5,1,3.57,2.17,4.11,3.79,3.22,3.49,none,1,employee,1
9.53,1,3,3,1.88,4.34,1.41,1.0,2.64,3.08,under_challenged,1,general,0
10.0,4,5,1,4.8,2.98,3.15,2.09,2.21,1.02,frenetic,3,student,0
9.07,2,3,0,4.42,3.77,1.6,1.53,1.96,1.47,worn_out,3,student,0
14.26,7,5,1,4.19,2.87,2.65,2.42,2.48,1.63,frenetic,3,student,0
12.42,0,7,0,4.4,3.89,2.03,1.53,1.99,1.99,worn_out,2,general,0
11.3,3,6,0,4.98,2.55,2.71,2.54,1.0,1.45,frenetic,2,student,0
7.99,2,4,4,2.58,2.61,3.69,3.66,4.41,3.35,none,0,employee,1
9.59,0,6,0,3.21,2.21,3.73,2.78,3.54,1.96,none,1,general,0
14.1,4,5,0,4.63,4.96,2.42,1.51,1.71,2.45,worn_out,3,employee,1
10.95,2,5,1,3.21,4.38,1.51,1.58,2.33,1.3,worn_out,3,student,0
11.22,5,5,0,4.92,4.31,2.12,1.18,1.0,2.13,worn_out,3,employee,0
8.68,1,1,1,1.68,4.01,2.62,1.18,1.88,2.68,under_challenged,1,student,0
8.55,0,1,6,1.52,1.34,4.63,4.32,3.91,4.88,none,0,student,1
12.06,7,9,1,4.59,4.17,2.48,2.46,1.84,1.39,frenetic,3,employee,1
9.58,1,4,0,1.95,2.8,3.54,2.47,2.32,2.82,none,1,employee,1
8.62,2,1,2,1.89,4.43,2.33,1.73,2.17,2.67,under_challenged,1,student,1
11.1,0,1,4,3.59,4.4,2.17,1.99,1.25,2.46,under_challenged,2,student,1
6.06,0,2,10,1.85,1.62,3.41,4.28,4.14,3.94,none,0,general,0
10.32,0,3,5,1.71,3.94,1.75,1.84,3.04,2.76,under_challenged,2,general,1
9.83,1,3,4,1.28,1.0,4.66,4.45,4.53,4.0,none,0,employee,1
6.47,0,4,3,1.24,2.6,4.8,4.54,3.27,4.25,none,0,employee,0
8.6,0,1,4,1.54,1.0,4.19,4.29,4.41,3.54,none,0,employee,1
12.17,5,7,0,4.45,3.33,3.94,2.49,3.08,1.14,frenetic,3,employee,1
9.26,1,1,1,1.78,1.23,3.79,4.29,3.98,4.21,none,0,employee,1
9.82,0,1,6,2.35,3.72,2.1,1.66,1.88,3.35,under_challenged,2,general,1
9.72,2,3,1,2.76,2.45,3.37,4.12,3.1,1.33,none,1,student,0
8.63,4,3,2,4.19,4.94,3.0,1.59,1.75,1.0,worn_out,3,student,0
10.0,0,2,7,2.06,4.25,2.59,1.45,1.59,2.46,under_challenged,2,employee,0
13.71,7,5,0,4.54,2.62,2.58,1.83,1.67,1.0,frenetic,3,student,1
10.38,0,1,5,3.69,4.33,2.51,1.42,1.0,3.02,under_challenged,2,student,1
14.29,3,6,1,5.0,2.37,2.22,2.5,1.32,1.88,frenetic,2,student,1
5.25,0,2,0,1.71,4.4,2.66,2.32,1.0,2.76,under_challenged,2,general,0
9.5,1,5,3,2.9,2.12,2.99,3.47,3.33,2.38,none,1,student,1
11.47,1,4,5,4.0,2.65,2.89,2.52,2.48,2.59,none,1,student,1
8.75,0,3,4,2.95,3.0,2.7,3.18,3.73,3.55,none,1,student,0
8.86,0,5,1,3.15,2.62,3.66,2.32,3.1,1.0,none,1,employee,1
9.61,1,4,5,2.04,2.85,3.59,2.99,3.68,2.76,none,1,employee,1
11.72,3,5,1,4.48,4.88,1.92,1.36,1.35,2.02,worn_out,2,employee,1
10.63,6,4,1,4.26,3.23,3.14,2.32,1.03,1.59,frenetic,3,student,0
10.14,1,5,3,2.05,2.14,3.52,3.63,3.38,3.45,none,1,employee,0
7.96,1,2,3,1.03,1.89,4.33,4.09,5.0,3.89,none,0,employee,0
7.94,0,1,3,2.3,5.0,1.12,1.83,1.47,4.52,under_challenged,2,student,0
9.63,1,6,0,4.27,5.0,1.45,1.8,1.0,1.0,worn_out,2,student,0
10.0,0,1,3,1.7,3.74,2.33,1.0,1.69,3.5,under_challenged,1,student,0
10.64,0,5,2,4.64,4.27,1.27,1.0,1.62,2.65,worn_out,3,employee,1
12.82,2,9,0,3.68,2.25,1.69,1.0,1.84,1.62,frenetic,3,employee,1
10.0,0,2,4,3.77,3.31,1.24,1.67,1.55,3.12,under_challenged,1,employee,0
9.73,4,4,3,2.95,2.42,3.53,2.82,3.69,3.16,none,1,student,0
5.84,0,1,6,1.36,1.0,4.78,4.01,4.44,4.1,none,0,student,0
8.47,0,3,7,2.88,4.61,1.0,1.91,1.64,2.88,under_challenged,2,employee,0
9.07,1,3,4,1.4,1.28,4.2,5.0,4.59,4.85,none,0,employee,1
11.86,0,4,1,3.78,4.6,1.13,1.29,1.3,2.08,worn_out,2,general,0
7.61,1,4,3,3.61,2.7,3.17,3.4,3.37,1.78,none,1,employee,0
14.8,3,5,0,4.79,2.54,3.5,2.7,3.08,1.0,frenetic,2,student,1
7.59,0,4,3,1.34,1.47,3.73,3.66,3.87,4.96,none,0,employee,0
11.4,1,3,4,2.88,2.08,3.24,2.35,4.1,2.07,none,1,general,1
10.0,6,8,1,4.35,1.96,3.52,2.19,2.66,1.78,frenetic,3,general,0
10.82,0,2,4,1.0,4.76,3.0,1.17,1.18,3.46,under_challenged,2,employee,1
6.85,0,3,5,1.85,2.29,4.41,4.11,3.34,3.88,none,0,employee,0
12.53,5,3,2,4.04,4.65,1.67,1.11,1.54,2.03,worn_out,3,employee,0
8.04,0,3,5,2.8,1.0,4.35,4.49,4.96,2.86,none,0,employee,1
9.9,3,5,0,2.11,1.37,2.47,3.67,2.69,3.18,none,1,general,0
10.45,1,0,2,3.11,5.0,2.23,1.0,1.0,2.75,under_challenged,2,general,1
14.9,2,6,0,4.16,1.94,2.83,1.92,2.21,1.99,frenetic,3,employee,0
6.9,1,2,0,2.17,3.32,1.57,2.22,1.91,3.06,under_challenged,1,student,0
12.85,3,9,0,4.21,3.16,2.77,1.43,2.0,1.27,frenetic,3,general,0
8.42,1,1,0,2.44,4.44,2.93,1.8,1.0,3.51,under_challenged,2,employee,0
10.99,3,5,4,2.8,2.79,4.43,2.87,2.46,3.55,none,1,employee,1
9.0,1,1,1,1.0,4.26,1.95,2.58,2.85,3.06,under_challenged,1,employee,1
11.2,4,4,0,5.0,2.11,2.93,1.53,2.2,1.22,frenetic,3,student,0
15.83,2,7,2,4.38,3.25,1.56,2.69,2.2,1.36,frenetic,3,employee,1
12.17,4,8,0,4.33,2.41,1.28,2.55,1.47,1.0,frenetic,3,employee,0
13.71,5,5,0,4.16,3.64,2.97,1.72,3.57,1.0,frenetic,3,student,1
7.24,1,1,8,1.56,1.0,4.91,5.0,4.2,4.66,none,0,student,0
10.92,0,2,4,2.76,2.92,2.99,2.03,1.97,2.49,under_challenged,2,employee,1
8.08,0,6,1,3.21,2.73,3.37,3.47,3.37,3.62,none,1,general,0
9.46,2,4,1,2.74,3.09,3.1,2.9,3.05,3.14,none,1,student,0
11.76,2,4,0,4.15,3.8,2.85,1.39,1.84,1.41,frenetic,3,student,1
9.68,0,2,4,2.47,4.27,2.13,1.49,1.0,2.41,under_challenged,2,general,1
10.13,0,3,4,2.84,5.0,3.08,1.0,3.53,2.53,under_challenged,1,employee,1
12.67,1,3,2,3.7,4.61,1.54,1.2,1.0,2.24,worn_out,3,student,1
10.17,2,1,2,3.64,3.5,2.15,1.24,2.61,2.25,worn_out,2,student,1
9.12,0,3,4,3.42,4.75,2.41,1.0,1.67,3.01,under_challenged,1,employee,1
9.77,0,2,3,2.32,4.69,3.1,1.71,2.58,3.38,under_challenged,1,employee,1
10.83,0,2,6,1.84,1.77,4.81,5.0,4.2,2.59,none,0,student,1
9.42,4,5,3,3.52,2.63,2.79,3.63,2.66,4.19,none,1,employee,0
8.81,1,2,3,2.52,4.11,2.88,1.47,1.0,3.44,under_challenged,1,employee,1
8.49,2,5,3,2.33,1.4,3.34,2.67,2.65,3.54,none,1,employee,0
6.32,0,3,6,1.79,1.0,4.63,4.59,4.2,4.17,none,0,employee,0
9.71,0,4,4,2.22,1.37,4.49,3.94,3.72,3.52,none,0,general,1
10.83,2,2,1,4.61,4.15,2.52,1.93,1.0,1.5,worn_out,3,student,1
10.47,2,6,2,3.79,2.24,3.02,3.05,1.82,2.06,none,1,employee,0
8.04,0,2,3,2.42,3.85,2.35,1.0,2.21,2.34,under_challenged,2,employee,0
10.64,2,6,6,3.14,2.96,2.84,2.56,2.06,2.22,none,1,employee,1
9.28,0,4,6,3.3,3.91,1.48,1.87,4.0,2.93,under_challenged,2,employee,1
9.32,1,0,3,3.02,4.53,1.56,1.05,1.49,3.07,under_challenged,2,student,1
5.91,0,3,5,1.91,1.54,3.92,4.16,4.49,3.83,none,0,employee,0
13.48,4,8,0,4.99,2.13,3.39,2.84,1.0,1.0,frenetic,3,employee,1
13.64,5,8,0,4.31,3.56,2.35,2.37,2.36,1.25,frenetic,3,employee,1
10.0,4,5,0,4.0,3.2,3.23,1.79,3.19,3.0,frenetic,3,student,0
10.65,0,4,6,1.36,4.18,3.14,1.64,1.49,3.33,under_challenged,2,employee,1
10.45,1,5,3,3.12,2.28,3.48,3.08,4.09,2.95,none,1,general,1
8.91,0,3,3,3.76,3.69,1.39,2.38,2.15,2.48,under_challenged,2,general,1
12.66,4,8,1,4.51,2.71,3.13,2.36,2.02,1.91,frenetic,3,employee,1
9.84,0,3,4,1.0,1.99,4.01,3.92,4.29,5.0,none,0,employee,1
9.73,1,2,2,2.14,2.1,3.7,4.16,4.86,4.27,none,0,employee,1
7.16,1,2,3,1.49,1.0,3.28,4.17,3.59,4.05,none,0,student,0
9.37,0,4,3,2.89,2.41,3.63,3.52,2.79,2.82,none,1,general,1
8.72,1,2,6,2.86,5.0,1.72,1.0,1.23,4.79,under_challenged,2,student,1
8.09,0,5,1,3.81,3.93,1.0,1.39,2.09,3.73,under_challenged,2,employee,0
8.07,0,3,4,2.02,1.39,3.69,4.47,4.66,4.36,none,0,general,0
10.85,1,3,2,2.72,2.8,2.87,2.36,2.35,2.9,none,1,employee,1
8.99,0,2,1,2.67,5.0,2.76,2.02,1.0,2.79,under_challenged,1,employee,1
9.14,0,3,4,1.46,1.21,3.58,4.23,5.0,4.07,none,0,general,1
8.0,0,3,4,1.81,1.0,4.72,4.55,5.0,3.93,none,0,employee,1
11.02,3,5,4,2.05,2.28,2.77,2.85,1.96,2.25,none,1,employee,1
11.06,7,5,0,3.89,2.69,4.0,2.38,2.97,2.36,frenetic,3,student,0
10.77,0,5,2,3.06,2.46,3.24,4.19,2.9,2.13,none,1,employee,1
8.3,2,3,2,2.33,1.94,3.51,3.11,3.06,2.78,none,1,student,0
11.56,3,2,1,4.51,4.77,1.87,1.38,1.11,1.09,worn_out,3,student,1
11.38,0,5,2,5.0,4.78,1.7,1.29,2.07,1.44,worn_out,3,general,1
7.23,1,1,4,2.03,4.74,2.6,1.47,1.75,3.33,under_challenged,1,general,1
7.59,0,1,2,2.24,2.73,4.4,5.0,3.45,4.5,none,0,general,0
12.11,2,4,0,3.98,4.97,1.79,1.0,1.0,2.37,worn_out,3,student,1
12.53,1,5,2,4.45,4.79,1.61,1.45,1.83,1.63,worn_out,3,general,1
9.79,1,4,2,2.91,2.81,3.2,2.67,3.45,2.68,none,1,employee,1
9.06,0,3,4,1.0,3.97,1.66,1.87,1.94,4.33,under_challenged,2,general,1
7.93,0,1,5,3.07,4.45,3.27,2.13,1.98,3.89,under_challenged,1,employee,0
14.02,2,12,1,4.18,3.25,4.0,2.72,2.89,1.13,frenetic,3,employee,1
9.26,4,5,0,4.74,4.51,1.06,1.43,1.77,1.0,worn_out,2,employee,0
8.17,0,3,5,2.29,1.59,3.99,4.0,3.84,3.87,none,0,employee,1
8.93,1,5,3,2.88,2.42,3.46,2.11,3.5,2.0,none,1,employee,0
10.69,5,7,0,4.54,2.98,2.44,2.14,3.07,1.0,frenetic,3,general,0
8.28,1,5,1,3.06,3.82,2.64,3.4,3.05,3.38,none,1,employee,1
10.22,0,2,2,3.39,4.07,2.66,2.01,2.84,3.21,under_challenged,1,employee,1
10.2,0,1,4,2.36,4.41,2.35,1.07,2.13,2.12,under_challenged,2,student,1
7.14,0,3,4,1.2,1.22,4.47,4.44,4.25,4.29,none,0,general,0
6.89,1,4,8,2.19,1.71,4.92,4.76,3.59,3.77,none,0,employee,0
9.32,1,5,2,5.0,4.12,1.37,1.51,1.66,1.47,worn_out,2,employee,1
11.14,2,4,2,2.73,2.24,3.72,1.85,2.54,2.11,none,1,student,1
9.84,2,7,3,3.15,2.46,3.54,2.32,2.44,3.69,none,1,employee,0
10.33,2,5,1,4.16,4.65,2.1,1.5,1.86,1.11,worn_out,3,employee,0
10.77,1,2,6,2.65,4.35,2.99,1.59,1.99,3.88,under_challenged,1,general,1
9.91,2,3,6,2.13,5.0,2.24,1.0,1.98,3.62,under_challenged,2,general,1
10.83,0,0,1,3.01,4.86,2.21,2.02,3.15,4.26,under_challenged,2,student,1
9.49,2,4,1,4.38,4.9,1.6,1.39,1.12,1.92,worn_out,3,student,0
6.41,0,2,3,2.31,2.8,4.55,4.7,4.56,4.04,none,0,student,1
10.49,1,3,5,2.57,3.0,2.7,3.48,2.27,2.5,none,1,student,1
10.34,5,7,1,4.5,3.26,2.96,1.99,3.51,1.0,frenetic,3,employee,0
8.9,0,2,4,3.11,4.03,2.97,1.69,1.92,5.0,under_challenged,2,student,0
9.91,1,3,2,3.06,2.03,4.28,3.07,3.07,3.48,none,1,student,0
11.33,2,7,2,3.4,4.69,2.65,1.05,1.82,2.83,worn_out,3,general,1
9.5,1,5,2,3.87,4.45,1.86,1.07,1.38,2.51,worn_out,3,employee,0
8.93,3,3,1,3.72,5.0,1.2,1.68,1.45,2.87,worn_out,3,student,0
9.83,0,4,3,1.65,1.05,4.01,4.61,4.23,3.64,none,0,employee,1
14.45,7,4,0,5.0,2.05,3.26,1.02,2.71,1.7,frenetic,2,student,0
7.93,0,4,5,1.55,1.21,4.56,5.0,4.99,3.16,none,0,employee,0
9.37,1,3,2,3.2,2.8,3.67,3.24,3.14,3.41,none,1,employee,1
8.46,2,2,2,2.82,2.39,4.05,3.48,2.13,3.5,none,1,student,0
7.45,0,3,2,1.0,4.37,1.2,1.21,1.74,2.58,under_challenged,2,employee,0
7.11,0,3,5,2.16,1.58,3.43,4.13,4.55,3.68,none,0,employee,0
10.14,1,2,3,2.08,3.61,1.93,1.48,1.56,2.52,under_challenged,1,employee,1
7.85,3,2,1,3.87,4.31,2.16,1.41,1.62,2.14,worn_out,3,student,0
8.59,0,7,1,3.8,1.85,3.62,3.14,3.86,1.92,none,1,general,1
13.0,6,6,0,4.73,3.16,1.49,2.58,2.77,1.15,frenetic,3,employee,1
8.46,0,3,1,1.17,2.49,3.6,4.0,4.59,4.35,none,0,employee,0
8.67,4,3,1,5.0,4.58,1.92,1.0,1.96,1.72,worn_out,2,general,1
9.98,2,4,2,2.97,1.94,3.37,2.73,2.22,1.8,none,1,general,1
14.44,3,4,0,4.23,4.8,1.94,1.35,1.68,1.0,worn_out,3,student,1
12.55,2,8,1,4.52,2.62,3.3,2.69,2.55,2.09,frenetic,3,employee,0
10.49,1,2,5,2.17,3.7,1.83,1.58,1.52,3.09,under_challenged,2,employee,1
7.03,0,3,4,3.65,3.55,2.09,1.65,1.12,3.04,under_challenged,2,employee,0
10.03,4,10,1,4.37,4.31,1.75,1.88,1.45,1.37,worn_out,3,general,0
16.0,4,5,0,4.85,3.85,2.92,3.01,1.48,1.0,frenetic,2,student,1
7.04,0,2,5,2.67,1.58,4.04,4.2,4.37,4.32,none,0,student,0
12.33,2,4,1,3.82,3.48,2.47,2.35,1.74,1.0,frenetic,2,student,0
8.52,3,7,2,4.49,4.35,1.71,1.18,1.28,1.0,worn_out,3,general,0
10.96,2,2,3,4.44,4.67,1.87,1.27,1.52,1.0,worn_out,3,employee,1
7.51,0,2,1,1.88,1.83,4.8,4.67,3.31,5.0,none,0,employee,0
10.3,1,2,2,4.29,4.5,2.02,1.43,1.77,1.0,worn_out,3,student,1
6.06,1,2,5,2.79,3.59,2.96,1.0,2.65,3.88,under_challenged,1,student,0
8.7,0,4,6,1.69,2.59,3.51,5.0,3.92,4.08,none,0,employee,0
14.04,5,7,0,4.4,3.7,1.7,2.94,1.39,1.0,frenetic,3,general,0
7.27,0,3,4,2.54,1.27,4.39,4.04,4.2,3.48,none,0,employee,0
7.0,2,4,1,4.04,4.48,1.63,1.29,1.0,1.87,worn_out,2,student,0
11.77,4,5,0,5.0,2.7,1.96,1.3,2.18,2.08,frenetic,3,employee,0
13.64,3,7,1,4.75,1.99,2.32,1.92,3.24,2.16,frenetic,3,general,0
8.11,0,0,6,2.0,1.64,3.94,3.94,4.7,4.13,none,0,student,0
8.37,0,6,1,4.79,4.57,1.0,1.0,1.6,1.25,worn_out,3,general,1
7.78,0,4,3,2.09,1.29,4.6,4.0,4.1,4.67,none,0,employee,1
12.07,2,6,1,4.15,2.95,2.6,1.21,2.39,1.65,frenetic,2,employee,0
12.96,2,8,0,4.71,2.36,2.59,2.32,1.58,1.0,frenetic,3,employee,0
15.1,6,6,1,4.1,2.98,1.62,3.12,2.98,1.5,frenetic,3,employee,1
8.31,0,1,5,1.35,1.0,3.93,4.99,3.58,3.67,none,0,student,1
11.95,5,5,1,4.28,3.39,1.61,2.34,3.36,2.12,frenetic,3,student,0
9.84,1,2,1,4.39,4.3,1.91,1.18,1.74,1.66,worn_out,3,student,1
9.58,4,3,2,4.14,4.04,1.11,1.22,2.03,1.85,worn_out,3,employee,0
11.07,4,8,0,5.0,1.73,1.54,1.31,3.01,1.85,frenetic,3,general,1
11.2,0,1,3,1.34,1.37,4.81,4.74,5.0,3.2,none,0,student,1
14.59,6,5,1,5.0,2.4,2.93,1.88,1.91,2.17,frenetic,2,student,0
7.76,0,3,7,1.57,1.57,4.25,3.9,3.75,3.84,none,0,employee,0
8.57,4,8,2,3.02,4.57,1.76,1.08,1.79,3.4,worn_out,2,general,1
9.88,2,3,4,1.86,4.22,1.93,1.53,1.06,2.38,under_challenged,2,employee,1
13.16,4,4,0,4.19,3.65,2.48,3.03,1.49,1.44,frenetic,3,student,0
11.81,7,7,1,4.87,3.45,2.57,2.99,2.51,1.18,frenetic,2,general,0
7.83,1,3,4,3.26,4.12,2.67,1.42,1.13,2.89,under_challenged,1,student,0
9.86,1,6,1,4.14,5.0,1.69,2.26,2.15,2.32,worn_out,3,employee,0
9.83,0,3,5,2.02,4.87,2.71,2.03,1.66,2.86,under_challenged,1,general,1
8.85,2,4,3,2.21,3.09,3.22,2.38,2.61,2.93,none,1,employee,0
8.09,5,2,3,4.61,4.74,1.73,1.31,2.58,1.45,worn_out,2,student,0
8.75,3,4,1,4.19,4.09,1.48,1.54,1.54,1.81,worn_out,2,general,0
12.05,0,3,0,2.38,3.0,3.87,2.27,4.97,2.16,none,1,employee,1
7.88,0,2,6,2.28,1.42,4.37,4.26,4.58,3.93,none,0,employee,0
11.07,5,2,1,4.83,4.13,2.43,1.0,1.21,1.5,worn_out,3,employee,0
13.17,2,6,3,4.0,4.52,1.83,1.71,1.28,2.07,worn_out,3,employee,1
10.96,0,3,4,1.79,1.79,3.71,3.99,3.82,2.94,none,0,student,1
8.87,0,1,8,1.71,2.12,4.42,3.59,4.2,4.0,none,0,student,1
11.42,3,6,0,3.75,5.0,2.39,1.23,1.33,1.13,worn_out,3,employee,1
10.18,2,4,1,2.83,1.9,2.71,3.48,3.95,3.05,none,1,employee,1
7.26,0,1,6,2.52,2.22,3.82,4.95,4.18,4.7,none,0,general,0
6.98,1,2,6,1.79,1.06,4.44,4.94,3.44,4.17,none,0,student,0
7.76,0,2,6,3.68,4.45,2.05,1.51,1.78,4.39,under_challenged,2,student,0
9.77,1,4,2,3.04,2.5,2.8,2.91,2.79,4.09,none,1,general,0
13.14,3,7,0,4.6,3.74,2.92,2.19,2.65,1.13,frenetic,3,general,0
10.84,1,5,6,1.87,2.04,2.66,3.9,2.74,2.22,none,1,employee,1
8.21,0,1,6,1.0,1.01,4.44,5.0,5.0,3.57,none,0,student,1
8.83,0,2,7,1.3,1.0,4.33,5.0,4.71,3.69,none,0,employee,1
10.95,4,6,1,3.92,4.12,1.9,1.12,1.0,1.99,worn_out,3,employee,1
7.16,0,3,4,1.45,2.17,3.53,4.34,4.06,3.92,none,0,general,1
11.33,2,5,0,3.81,4.66,1.79,1.65,1.0,2.49,worn_out,3,employee,0
13.58,7,8,0,4.41,3.97,3.64,1.88,2.78,1.64,frenetic,2,employee,1
10.94,4,5,1,4.01,4.39,1.56,1.0,1.06,2.17,worn_out,3,general,1
7.26,2,2,4,2.0,3.94,2.68,1.08,2.06,4.71,under_challenged,2,employee,0
6.11,0,2,4,1.9,3.09,1.6,1.52,1.64,3.39,under_challenged,2,employee,0
9.81,2,2,1,3.33,4.66,1.0,1.69,1.99,2.7,under_challenged,2,student,1
13.72,7,9,0,4.78,1.95,1.87,2.51,2.5,1.0,frenetic,3,general,1
8.88,1,0,3,3.49,4.79,3.28,1.33,2.69,3.11,under_challenged,2,student,0
13.61,7,9,1,4.91,3.56,3.0,2.18,2.89,1.04,frenetic,3,general,1
7.82,0,2,6,1.22,1.31,4.09,4.69,4.53,3.15,none,0,employee,0
10.19,1,2,3,3.42,3.97,1.14,2.03,1.87,3.67,under_challenged,2,employee,1
12.66,0,3,0,2.73,3.2,3.21,3.86,2.83,3.38,none,1,student,1
9.95,2,4,0,4.65,4.48,2.26,1.82,1.0,2.41,worn_out,3,student,0
16.0,2,6,0,4.82,2.47,1.94,1.94,3.62,1.76,frenetic,3,student,1
10.24,2,2,6,2.15,1.12,2.35,3.36,4.12,2.99,none,1,student,1
12.58,7,6,1,4.73,3.52,2.28,1.39,2.97,1.64,frenetic,3,student,0
13.76,7,10,1,3.76,3.4,3.37,1.66,1.41,1.85,frenetic,3,employee,0
10.33,0,5,1,2.73,1.65,3.39,2.43,3.73,2.32,none,1,student,1
8.31,0,2,4,2.08,1.78,3.72,3.46,4.41,2.79,none,0,student,0
7.55,1,2,2,1.68,2.37,4.03,4.32,3.15,4.5,none,0,employee,0
9.17,1,3,4,2.93,4.41,1.73,1.37,1.51,2.44,under_challenged,1,employee,1
7.72,1,3,3,1.73,1.97,4.01,3.95,3.46,4.14,none,0,employee,0
11.43,1,3,5,3.46,2.57,2.82,2.85,2.14,2.68,none,1,employee,1
6.58,0,1,4,2.5,1.0,4.03,4.71,3.23,3.26,none,0,student,1
10.91,2,8,0,4.36,4.45,1.11,1.5,1.0,1.0,worn_out,3,employee,1
9.09,2,5,3,2.74,2.56,2.47,3.28,3.07,3.84,none,1,employee,1
9.79,0,3,2,2.42,1.67,4.03,3.89,4.19,3.92,none,0,employee,1
11.03,4,7,1,4.35,4.56,1.73,2.22,2.76,1.0,frenetic,3,employee,0
10.29,1,5,2,2.45,3.25,3.22,3.12,3.91,2.7,none,1,general,1
12.14,7,5,0,4.84,3.64,3.1,2.37,2.69,1.77,frenetic,3,student,0
11.51,1,4,5,3.31,1.78,2.38,3.25,3.31,2.93,none,1,student,1
8.99,0,2,4,1.77,2.07,4.4,4.26,3.96,3.03,none,0,employee,1
9.13,1,2,2,3.16,2.99,3.91,3.07,3.48,1.71,none,1,student,1
11.0,5,5,1,4.39,4.06,2.9,2.47,2.39,1.15,frenetic,2,student,0
8.85,0,2,3,1.43,1.77,4.7,5.0,4.16,3.95,none,0,student,1
13.91,0,2,0,5.0,4.44,1.48,1.88,1.0,1.0,worn_out,3,student,1
9.93,1,5,2,2.86,2.76,2.78,2.75,3.23,1.63,none,1,employee,0
11.18,5,4,1,4.25,2.05,2.69,1.57,3.19,1.06,frenetic,3,student,0
13.96,4,9,1,4.56,3.12,3.51,1.83,2.2,1.65,frenetic,3,employee,1
9.62,0,5,1,3.48,2.25,3.3,3.36,3.14,3.0,none,1,employee,0
10.23,0,3,6,2.17,1.74,3.97,3.6,5.0,3.66,none,0,employee,1
8.47,0,2,7,2.45,4.97,1.67,1.78,1.0,2.74,under_challenged,1,employee,1
9.14,0,3,7,1.99,3.42,2.35,1.0,3.79,2.75,under_challenged,1,employee,1
7.83,1,2,2,2.25,1.9,4.29,4.89,5.0,3.77,none,0,student,0
12.47,2,3,0,3.9,4.81,2.24,1.44,1.0,1.18,worn_out,3,employee,1
9.38,2,5,6,1.5,1.82,4.65,4.49,4.37,3.76,none,0,employee,1
10.94,3,5,3,4.15,4.36,1.82,1.31,1.62,3.47,worn_out,3,student,1
11.42,4,5,0,3.94,3.41,2.68,2.7,2.28,1.51,frenetic,3,student,0
14.02,3,6,1,5.0,3.24,2.0,1.83,2.98,1.34,frenetic,3,student,0
10.79,3,2,1,4.91,4.6,1.33,1.12,1.05,1.86,worn_out,3,employee,0
11.11,3,5,0,4.61,4.87,3.0,1.99,1.0,2.02,worn_out,2,employee,0
10.01,2,6,4,2.92,2.93,3.31,3.78,3.33,1.56,none,1,employee,1
8.42,0,4,3,1.56,1.36,4.55,4.22,3.55,4.11,none,0,employee,0
8.03,0,4,1,1.67,3.7,2.57,2.88,2.88,2.77,none,1,employee,0
10.09,0,3,5,1.77,1.95,4.24,4.98,3.31,3.62,none,0,employee,1
12.37,4,9,1,3.97,3.53,1.99,2.03,2.67,1.02,frenetic,3,employee,1
12.89,5,6,1,4.13,3.25,2.42,2.43,2.53,1.3,frenetic,3,student,0
11.99,7,9,0,5.0,2.15,2.53,2.58,3.45,1.4,frenetic,3,general,0
5.0,2,2,0,2.62,4.25,2.79,1.7,2.76,2.8,under_challenged,2,general,0
13.53,3,10,0,4.85,3.26,3.31,3.01,2.75,1.28,frenetic,3,general,0
7.84,1,2,0,4.23,4.25,2.22,1.91,1.56,2.62,worn_out,3,student,0
8.89,1,4,6,2.73,2.0,4.06,4.94,4.39,3.65,none,0,general,1
14.41,7,7,1,5.0,2.96,1.0,2.14,1.72,2.23,frenetic,2,general,0
15.34,4,3,1,3.55,4.35,2.38,1.3,1.2,1.71,worn_out,3,student,1
12.46,4,4,1,4.32,2.54,2.15,2.48,2.57,1.0,frenetic,3,student,1
7.79,2,1,2,1.96,1.89,4.28,4.31,4.86,3.02,none,0,student,1
8.3,0,3,3,3.47,2.37,2.89,2.9,3.08,3.61,none,1,student,0
10.55,0,5,3,3.09,2.47,2.88,2.32,4.04,3.45,none,1,employee,0
8.14,0,1,3,2.38,3.97,1.16,1.0,1.46,4.04,under_challenged,1,student,1
8.24,0,1,0,1.53,3.83,1.56,1.0,1.33,2.88,under_challenged,2,student,1
7.88,0,5,2,1.3,2.55,3.83,4.22,3.8,3.57,none,0,general,1
12.82,4,4,0,4.77,4.81,1.0,1.5,1.26,1.17,worn_out,2,student,0
7.24,0,2,4,2.65,3.87,1.52,1.0,1.48,2.72,under_challenged,1,employee,0
7.4,0,1,3,2.07,1.82,4.45,4.34,4.65,3.27,none,0,student,1
10.71,2,1,3,4.58,4.35,1.42,1.53,1.54,1.0,worn_out,3,student,1
7.09,0,3,5,2.71,1.31,4.85,4.86,5.0,4.03,none,0,employee,0
6.88,0,4,4,3.31,4.01,2.27,1.65,1.9,3.34,under_challenged,1,general,0
11.99,2,4,2,4.56,4.77,1.53,1.03,1.0,1.0,worn_out,2,student,1
11.21,2,7,1,3.9,4.98,2.14,1.26,1.02,2.36,worn_out,2,employee,1
13.13,3,7,0,5.0,2.08,2.51,2.6,3.64,2.05,frenetic,3,general,0
12.46,0,4,1,2.59,3.82,4.92,3.29,3.19,3.41,none,1,employee,1
12.62,6,6,0,4.7,3.37,1.99,3.02,2.12,1.86,frenetic,3,employee,0
11.57,2,6,1,4.42,2.54,1.54,2.92,1.48,1.55,frenetic,2,employee,0
14.51,2,8,0,4.34,3.74,2.8,2.15,3.08,1.7,frenetic,3,general,0
8.1,0,4,6,1.71,3.8,1.87,1.3,3.57,4.24,under_challenged,2,general,0
9.25,3,3,2,4.85,4.37,1.95,1.24,1.06,1.0,worn_out,3,employee,1
10.11,2,4,3,2.13,2.5,2.85,3.12,4.41,3.45,none,1,employee,1
12.87,3,5,0,5.0,4.87,1.24,1.0,1.89,2.41,worn_out,2,employee,1
13.89,3,3,1,4.39,4.04,1.45,2.04,1.45,1.29,worn_out,3,student,1
9.06,2,6,3,2.93,2.89,3.14,2.5,2.22,1.67,none,1,employee,1
9.08,0,2,1,1.42,4.66,2.89,1.9,1.62,3.84,under_challenged,2,employee,1
10.4,0,2,3,2.16,1.0,4.57,5.0,3.93,4.33,none,0,general,1
11.95,5,5,1,3.69,3.39,2.77,1.6,2.59,1.0,frenetic,3,student,1
13.62,6,5,1,4.81,4.15,2.06,1.87,1.51,1.42,frenetic,3,student,1
10.39,1,3,2,2.24,1.99,3.15,3.27,3.0,2.91,none,1,student,1
13.98,7,6,1,4.52,3.68,1.64,2.77,3.39,1.94,frenetic,2,employee,0
6.88,1,3,9,2.05,1.89,4.13,4.39,3.99,4.56,none,0,employee,0
12.92,2,5,0,4.2,3.22,2.46,2.77,2.2,1.39,frenetic,3,student,1
12.85,7,5,0,4.1,3.07,1.62,1.47,2.69,1.63,frenetic,3,student,0
8.25,0,3,4,1.25,1.18,3.42,3.91,3.51,3.37,none,0,employee,1
7.07,0,3,3,1.86,1.17,3.27,5.0,4.29,3.75,none,0,employee,1
11.5,4,9,1,4.27,3.2,3.22,3.25,2.06,2.14,frenetic,2,employee,0
10.34,2,6,0,3.47,1.44,3.72,2.14,3.23,2.87,none,1,employee,1
10.43,0,4,5,1.39,1.0,3.65,4.22,3.97,3.78,none,0,general,1
11.7,2,9,1,4.54,3.54,3.39,1.9,2.44,1.31,frenetic,3,employee,0
8.93,0,2,2,1.9,4.25,2.41,1.79,1.0,4.31,under_challenged,2,employee,0
9.45,1,3,2,1.82,2.3,3.69,4.43,4.49,4.16,none,0,general,1
7.35,0,2,7,1.97,1.08,4.75,3.56,2.94,4.09,none,0,general,0
7.59,0,1,5,1.34,1.86,5.0,4.01,3.86,4.37,none,0,student,0
12.16,4,9,1,4.84,4.07,2.62,2.84,3.47,1.0,frenetic,2,employee,0
9.45,1,5,2,2.55,2.43,3.53,3.1,3.64,2.25,none,1,employee,1
12.44,1,5,2,4.62,4.14,2.51,1.62,2.29,1.44,worn_out,3,employee,1
8.54,0,2,5,2.42,4.24,1.77,2.42,1.49,4.88,under_challenged,2,student,1
13.67,5,4,1,3.92,2.27,1.64,3.11,2.08,1.0,frenetic,3,student,1
10.16,1,3,1,4.26,4.8,1.62,1.69,1.28,1.29,worn_out,2,student,0
9.15,3,5,2,2.69,2.44,3.16,2.72,1.25,1.0,none,1,employee,1
8.34,0,2,5,1.0,1.07,4.76,3.65,4.54,4.08,none,0,student,0
10.23,0,6,5,1.59,3.56,3.86,3.26,3.31,1.83,none,1,employee,1
11.4,0,1,3,3.09,5.0,1.28,1.49,2.19,3.15,under_challenged,1,employee,1
13.43,3,8,1,5.0,3.26,3.78,2.83,3.9,1.62,frenetic,2,employee,0
10.1,1,3,2,1.81,3.59,2.21,1.24,1.32,3.98,under_challenged,1,general,1
9.47,3,6,1,2.91,2.73,3.9,3.3,2.43,3.09,none,1,general,0
5.78,0,1,1,3.27,4.18,2.04,1.37,3.35,4.07,under_challenged,1,general,1
6.46,0,2,6,1.81,1.33,4.44,3.93,4.73,3.98,none,0,general,0
10.39,0,2,2,4.0,5.0,2.7,1.5,2.41,4.54,under_challenged,2,student,1
7.0,1,11,3,4.52,4.64,1.0,1.97,2.27,3.5,worn_out,3,employee,0
11.94,3,11,0,4.03,4.26,1.0,1.28,1.37,1.0,worn_out,3,employee,0
12.6,5,7,0,4.37,2.94,2.21,2.7,2.99,1.64,frenetic,3,general,0
15.2,5,4,0,4.47,3.55,1.63,2.42,2.95,1.16,frenetic,3,student,1
10.04,0,5,0,4.25,4.62,1.17,1.77,1.57,1.57,worn_out,3,employee,0
10.48,0,4,0,1.26,4.05,1.19,1.41,1.84,2.98,under_challenged,2,employee,1
8.99,4,4,1,3.11,1.72,2.77,3.11,3.08,3.52,none,1,general,0
9.12,2,7,0,3.76,1.99,2.53,3.04,3.03,2.71,none,1,employee,1
11.57,4,5,1,4.23,2.38,1.92,2.05,2.79,1.29,frenetic,3,student,0
13.11,2,2,0,4.87,4.19,1.35,1.7,1.45,2.04,worn_out,2,student,1
8.28,1,5,1,2.81,2.08,3.85,4.09,2.82,2.62,none,1,employee,1
7.06,0,2,4,2.47,2.0,4.68,3.29,3.68,3.92,none,0,student,0
14.87,7,8,0,4.23,3.87,2.42,1.18,2.09,1.62,frenetic,3,employee,1
8.02,0,2,8,1.0,1.87,4.55,4.6,3.5,3.1,none,0,general,0
9.99,1,3,2,3.2,3.96,2.2,1.39,1.56,4.49,under_challenged,2,employee,1
7.76,1,2,5,2.2,1.23,4.55,4.43,4.0,4.08,none,0,general,1
14.18,2,6,1,5.0,3.01,2.99,1.76,1.74,1.2,frenetic,2,student,1
15.28,7,6,0,5.0,1.78,2.59,2.24,3.08,1.81,frenetic,3,employee,1
8.06,2,2,0,1.57,4.8,2.06,1.32,2.69,4.4,under_challenged,2,general,0
6.41,1,4,8,1.0,1.78,4.78,3.96,5.0,4.85,none,0,employee,0
7.66,1,3,1,2.43,1.7,4.04,4.46,3.72,4.29,none,0,employee,0
14.9,4,10,0,3.91,2.3,2.43,3.25,3.52,1.2,frenetic,3,employee,1
7.46,2,5,2,2.5,2.65,3.12,2.91,4.81,2.29,none,1,employee,0
7.99,0,5,1,3.73,2.91,2.11,3.13,4.31,2.88,none,1,employee,0
12.12,4,9,1,4.92,2.68,2.7,1.8,2.53,1.0,frenetic,2,employee,1
12.51,4,6,1,4.03,2.62,3.07,2.19,2.87,1.68,frenetic,3,employee,0
13.25,2,5,2,4.42,4.65,2.46,1.19,1.95,1.16,worn_out,2,employee,0
11.4,2,5,4,3.35,3.12,2.88,3.18,4.2,2.11,none,1,employee,1
11.05,0,1,4,2.88,3.39,1.65,1.2,3.61,2.55,under_challenged,2,student,1
11.31,1,2,0,4.72,4.31,1.12,1.24,1.34,1.03,worn_out,3,employee,1
9.9,3,4,1,4.32,4.01,1.45,1.4,1.43,2.8,worn_out,3,student,0
8.77,1,4,0,2.75,2.54,2.46,4.03,3.3,1.9,none,1,general,0
8.41,0,2,3,2.92,4.9,3.14,2.37,2.2,3.24,under_challenged,2,student,1
9.97,3,7,2,2.72,2.45,2.95,4.62,1.97,1.58,none,1,employee,1
9.55,1,6,1,2.85,2.24,3.29,2.47,4.74,2.92,none,1,employee,1
12.38,7,8,1,4.53,3.87,3.1,3.09,1.9,1.68,frenetic,2,general,0
9.06,2,7,0,4.63,4.93,2.52,1.0,1.04,1.89,worn_out,3,employee,1
7.65,2,2,0,3.61,5.0,2.31,1.15,1.28,1.64,worn_out,2,general,0
10.96,5,6,0,4.86,1.9,2.17,2.34,3.16,1.78,frenetic,2,general,0
10.68,2,5,0,5.0,4.04,1.71,1.64,1.0,2.28,worn_out,2,employee,0
9.53,2,3,3,2.39,3.21,3.56,3.69,1.9,2.24,none,1,student,0
10.92,5,3,2,4.86,4.62,1.72,1.7,1.71,1.0,worn_out,3,general,1
12.4,3,8,0,4.32,3.18,2.73,1.54,3.8,1.72,frenetic,3,employee,0
11.44,2,4,2,4.08,4.58,2.02,1.04,1.0,2.09,worn_out,2,general,1
12.62,1,5,1,5.0,4.96,1.7,1.0,1.0,2.46,worn_out,3,employee,1
8.72,1,3,1,2.31,3.44,2.36,1.24,1.24,3.32,under_challenged,1,employee,1
13.36,7,3,0,4.87,3.55,3.09,2.82,3.05,1.0,frenetic,3,student,1
14.48,4,7,1,5.0,3.2,2.41,2.1,2.7,1.81,frenetic,3,general,0
9.13,0,8,2,4.5,4.37,1.6,1.0,1.29,2.36,worn_out,3,employee,0
10.9,6,8,0,4.95,2.65,2.71,1.91,2.11,1.0,frenetic,3,general,0
11.0,2,2,4,2.15,2.9,2.84,2.38,3.63,2.09,none,1,student,0
9.43,0,2,0,1.69,3.07,2.19,1.42,1.2,2.0,under_challenged,2,employee,1
12.4,3,5,0,4.77,3.52,2.09,1.85,1.96,1.0,frenetic,2,student,0
10.33,1,6,3,3.74,2.7,3.47,3.22,3.4,2.96,none,1,employee,1
7.77,0,2,4,1.25,1.18,3.35,3.72,3.23,4.12,none,0,student,0
8.46,1,3,2,2.43,1.49,4.97,4.52,4.48,3.72,none,0,employee,0
6.52,0,1,3,1.73,4.96,2.44,1.0,1.47,3.17,under_challenged,2,student,0
6.88,0,4,1,2.87,3.17,2.05,1.0,4.0,2.89,under_challenged,2,employee,0
11.71,1,3,0,3.8,5.0,1.84,1.33,1.05,1.0,worn_out,3,student,1
11.3,2,11,1,4.32,3.37,2.05,1.51,2.74,1.0,frenetic,3,employee,0
14.21,2,2,0,3.71,4.52,2.02,1.0,1.5,1.97,worn_out,3,general,1
8.53,0,1,1,1.73,3.89,2.37,2.03,2.65,3.22,under_challenged,1,student,0
10.83,2,8,0,4.14,3.14,2.69,2.33,2.47,1.71,frenetic,3,general,0
7.16,0,4,7,1.69,1.51,3.88,4.79,4.25,3.76,none,0,employee,0
12.0,2,8,2,4.7,3.97,1.27,1.27,1.9,1.0,worn_out,2,employee,1
7.98,2,7,2,4.82,5.0,1.86,1.52,1.87,1.0,worn_out,3,employee,1
11.22,2,4,1,4.39,2.67,2.0,2.59,2.31,1.26,frenetic,3,student,0
7.46,0,2,6,2.87,1.19,3.96,3.74,4.29,3.58,none,0,student,1
8.68,0,1,0,2.08,4.33,2.44,1.32,3.55,1.25,under_challenged,1,employee,1
7.22,1,3,4,2.0,1.11,4.58,4.28,4.75,4.31,none,0,student,0
9.45,1,6,3,3.58,2.19,3.6,3.24,3.77,3.25,none,1,employee,0
9.51,0,1,4,1.11,1.71,4.69,4.09,4.52,4.23,none,0,student,1
9.84,0,2,2,1.74,2.34,2.71,3.87,2.51,1.0,none,1,student,1
8.13,1,2,5,2.98,1.44,4.04,5.0,4.65,3.51,none,0,student,1
13.05,7,4,2,4.83,3.2,3.43,1.97,3.33,1.0,frenetic,3,student,1
7.48,0,2,6,1.72,1.39,4.83,4.85,2.91,3.65,none,0,employee,1
7.51,0,2,5,1.33,2.23,4.67,4.41,5.0,3.63,none,0,general,1
14.04,1,8,1,4.19,4.97,1.34,1.0,1.84,1.86,worn_out,2,general,1
12.7,2,5,0,4.0,4.66,1.82,2.09,1.0,1.0,worn_out,2,student,1
11.94,2,8,0,5.0,3.1,3.52,1.76,2.34,1.71,frenetic,2,general,1
6.42,0,4,4,2.31,1.7,4.83,3.61,4.69,3.65,none,0,employee,0
8.1,0,4,6,2.24,1.06,3.97,4.7,4.33,4.21,none,0,employee,0
8.43,1,1,2,2.73,4.26,2.47,1.91,2.48,4.47,under_challenged,2,student,1
12.82,4,4,2,5.0,5.0,2.57,1.0,1.97,1.0,worn_out,3,employee,1
11.77,5,2,2,4.58,4.52,2.0,1.07,1.67,2.33,worn_out,3,employee,1
12.68,4,2,1,4.56,4.37,1.61,1.0,1.33,1.56,worn_out,3,employee,1
7.37,0,2,4,1.26,2.0,3.8,4.72,4.77,3.94,none,0,student,1
7.41,1,2,6,2.81,3.43,1.51,1.0,1.75,2.98,under_challenged,2,student,0
9.93,0,1,0,3.78,3.69,2.67,2.36,1.11,2.14,under_challenged,2,general,1
8.72,1,3,5,1.71,3.7,1.65,1.29,2.03,3.72,under_challenged,2,general,0
5.87,0,3,6,2.0,1.13,4.52,4.25,5.0,4.27,none,0,employee,0
7.09,1,4,5,2.52,1.58,4.36,4.21,4.68,4.32,none,0,general,0
6.95,0,2,1,2.07,4.35,2.67,1.25,1.0,3.49,under_challenged,1,employee,1
12.87,5,6,1,4.52,5.0,2.2,1.0,1.23,1.26,worn_out,2,employee,0
10.38,4,5,0,4.61,3.69,1.0,1.22,1.57,2.12,worn_out,3,employee,1
7.31,0,1,7,1.89,1.68,4.43,5.0,4.5,3.86,none,0,general,0
14.58,5,4,0,5.0,3.87,3.8,2.71,2.45,1.54,frenetic,3,student,0
13.08,4,5,0,4.19,2.28,2.19,1.77,3.15,1.23,frenetic,3,student,0
9.23,3,4,3,2.17,2.45,3.34,3.2,1.85,2.5,none,1,student,0
9.08,1,5,0,3.77,1.62,3.6,3.28,3.07,3.21,none,1,employee,0
14.16,5,3,2,4.62,4.85,2.32,1.33,1.98,1.93,worn_out,3,general,1
11.68,4,11,0,4.7,3.78,3.53,1.99,3.19,1.0,frenetic,3,general,1
14.62,2,6,1,3.1,3.91,1.47,1.0,1.0,1.0,worn_out,3,general,1
7.75,0,2,2,2.34,4.0,2.26,2.69,2.72,3.6,under_challenged,2,employee,0
9.28,0,4,1,2.54,3.2,2.83,3.19,3.91,2.65,none,1,general,1
8.78,0,2,3,1.16,2.21,4.21,4.86,4.19,4.64,none,0,employee,0
13.52,5,5,1,5.0,1.56,2.66,1.97,1.54,1.43,frenetic,2,student,0
8.16,1,2,2,1.42,1.0,4.17,4.39,4.11,4.28,none,0,student,0
11.45,7,6,0,4.18,3.86,2.71,2.78,2.77,1.0,frenetic,3,student,1
12.62,4,6,1,4.94,2.19,3.25,2.89,2.0,1.28,frenetic,3,student,0
8.53,0,1,0,3.23,4.01,3.06,1.38,1.92,4.18,under_challenged,2,employee,0
10.67,0,2,7,2.38,1.63,4.6,4.42,5.0,3.6,none,0,employee,1
11.32,1,5,3,3.01,2.36,3.55,2.54,3.24,2.57,none,1,general,1
12.57,2,7,1,4.35,2.7,1.85,1.33,1.14,1.57,frenetic,3,employee,0
11.48,1,4,0,3.56,4.83,1.65,1.0,1.0,1.0,worn_out,3,employee,1
9.81,1,4,1,4.62,4.28,1.21,1.67,2.19,2.6,worn_out,3,employee,0
9.89,0,3,1,1.77,3.08,3.87,4.56,4.17,4.11,none,0,student,1
7.18,0,2,4,1.53,1.0,4.67,4.5,3.76,4.07,none,0,general,1
13.27,5,6,0,4.92,2.88,2.78,2.14,2.17,1.08,frenetic,3,student,1
9.71,1,1,5,2.09,3.85,1.25,1.87,2.2,3.23,under_challenged,2,student,1
12.01,7,6,0,4.05,4.18,2.07,2.79,2.24,1.55,frenetic,2,employee,0
9.39,2,5,5,3.32,2.83,3.52,2.85,2.73,2.42,none,1,general,1
8.37,0,3,3,2.59,5.0,3.22,1.1,2.15,3.93,under_challenged,2,employee,0
8.8,0,3,0,2.6,4.47,1.55,1.87,1.0,3.54,under_challenged,2,employee,1
9.89,0,1,4,3.67,4.53,2.03,1.76,2.67,4.16,under_challenged,1,employee,0
13.14,7,6,0,4.55,2.46,2.42,2.85,1.97,1.43,frenetic,3,general,1
8.34,1,3,7,2.6,1.0,4.77,4.96,3.68,3.87,none,0,employee,1
9.48,1,5,2,3.08,2.09,2.61,3.2,3.47,1.08,none,1,employee,1
12.94,5,6,3,4.38,4.44,1.78,2.11,1.76,2.13,worn_out,2,general,1
11.31,3,5,0,3.17,2.13,3.21,2.94,2.64,3.52,none,1,employee,1
7.19,1,2,3,1.5,2.08,4.18,4.39,4.55,4.66,none,0,student,0
16.0,7,11,1,4.41,2.07,2.4,2.99,3.21,1.29,frenetic,3,employee,1
13.15,3,6,3,4.95,4.54,2.43,1.05,2.03,2.04,worn_out,2,employee,1
9.28,1,4,2,2.9,4.39,2.79,2.3,2.46,2.41,under_challenged,1,general,1
15.8,6,8,1,4.5,2.16,1.74,2.72,2.4,1.66,frenetic,3,general,1
8.7,0,5,4,3.02,1.0,3.98,4.36,5.0,3.44,none,0,general,1
11.05,0,2,1,3.07,3.91,2.55,1.75,1.75,2.12,under_challenged,2,employee,1
8.09,0,2,4,2.11,2.25,4.67,2.95,4.37,3.82,none,0,student,1
11.0,1,3,3,2.36,2.44,2.8,2.39,2.67,3.13,none,1,student,0
9.45,0,4,5,1.35,2.15,3.89,4.18,4.83,3.82,none,0,general,1
14.71,5,4,1,5.0,3.6,4.0,2.05,1.0,1.65,frenetic,3,student,1
9.49,2,5,3,2.14,2.51,2.52,2.67,3.46,3.13,none,1,employee,0
13.02,4,6,1,4.93,3.91,2.14,1.85,3.65,1.35,frenetic,2,employee,0
10.69,4,3,2,4.25,4.09,1.63,1.15,1.0,2.2,worn_out,3,student,1
7.01,0,4,0,2.41,3.68,2.06,1.25,2.46,2.33,under_challenged,2,employee,1
13.63,4,5,1,4.68,3.61,3.46,1.95,4.0,1.11,frenetic,3,student,1
13.16,4,6,0,4.45,3.48,1.79,1.12,3.16,1.26,frenetic,2,student,0
11.95,1,5,4,2.16,2.59,2.09,2.77,2.73,2.24,none,1,employee,1
9.82,1,5,0,3.78,4.14,2.31,1.94,1.5,1.14,worn_out,2,employee,1
7.22,0,2,5,2.02,1.64,5.0,4.79,3.24,3.21,none,0,employee,0
10.13,2,4,5,2.95,3.38,3.54,3.07,3.82,2.14,none,1,general,0
13.4,2,5,2,2.43,2.47,3.9,2.73,3.52,2.95,none,1,employee,1
8.3,1,2,3,2.38,1.77,4.4,4.17,3.84,4.01,none,0,student,1
16.0,4,9,1,4.39,3.85,1.95,1.78,3.01,1.96,frenetic,3,employee,1
12.64,3,9,1,4.92,4.74,2.28,2.3,1.01,1.0,frenetic,3,employee,0
13.47,0,3,2,3.99,4.4,1.72,1.36,1.0,2.76,worn_out,3,employee,1
13.02,4,6,0,3.93,1.87,2.57,1.46,1.61,2.85,frenetic,3,employee,0
8.58,0,3,8,2.18,1.34,4.26,3.98,3.56,3.98,none,0,employee,1
10.93,1,2,3,2.67,1.95,3.51,3.21,3.08,3.1,none,1,student,1
7.14,1,2,7,1.52,1.51,3.8,4.46,4.66,4.1,none,0,student,0
8.06,0,4,6,1.06,1.0,4.35,3.57,4.45,3.48,none,0,employee,0
12.63,2,3,1,4.35,5.0,1.81,1.62,1.62,1.37,worn_out,3,student,1
8.24,0,3,9,1.88,1.63,3.92,3.77,3.94,3.51,none,0,employee,1
14.01,4,4,2,4.48,5.0,2.21,1.0,1.59,1.0,worn_out,2,employee,1
7.98,1,2,4,1.17,2.37,4.14,3.66,4.18,4.33,none,0,student,1
8.61,1,1,3,3.45,3.53,2.69,1.48,2.1,4.22,under_challenged,2,student,1
7.66,0,1,3,2.36,1.57,4.91,3.63,4.68,4.9,none,0,general,1
12.22,5,6,0,4.54,2.68,3.42,2.55,3.18,1.06,frenetic,3,employee,0
10.94,1,6,0,4.2,4.69,1.52,1.82,1.36,1.45,worn_out,3,employee,0
8.32,0,2,4,1.58,1.1,5.0,4.14,4.29,5.0,none,0,employee,1
10.19,1,5,4,2.16,3.24,3.24,3.75,3.24,2.22,none,1,employee,1
14.61,1,5,0,3.83,3.96,1.95,1.81,2.38,1.0,worn_out,3,student,1
9.28,0,3,6,2.45,1.16,3.63,5.0,4.66,4.79,none,0,student,1
8.55,0,5,4,2.68,3.68,3.1,3.08,3.0,1.98,none,1,employee,0
10.01,4,3,0,3.31,2.38,3.04,2.52,2.91,2.63,none,1,employee,1
7.56,0,4,9,1.97,1.82,3.72,4.08,4.6,4.09,none,0,employee,1
6.69,0,2,3,1.16,1.0,4.03,4.21,4.09,5.0,none,0,student,0
13.65,2,7,0,4.39,3.14,3.24,1.49,2.47,1.56,frenetic,3,employee,0
12.73,4,7,0,4.03,3.87,1.0,1.38,1.85,1.0,worn_out,2,employee,1
8.59,2,2,3,2.43,4.37,2.83,2.05,2.17,4.01,under_challenged,1,student,0
9.03,0,2,3,2.5,4.29,1.36,1.0,1.68,3.32,under_challenged,2,general,0
6.31,0,3,6,1.35,1.4,4.19,3.46,3.31,4.59,none,0,student,0
11.9,2,5,0,3.85,2.54,2.82,2.96,1.57,2.17,frenetic,2,student,0
9.33,4,4,3,3.87,4.07,1.41,1.0,1.15,2.3,worn_out,3,general,0
10.1,0,5,0,5.0,4.45,2.07,2.23,1.31,2.62,worn_out,3,employee,0
10.18,0,3,2,1.83,2.06,5.0,4.16,3.95,3.94,none,0,employee,1
9.51,0,0,2,2.38,4.39,2.33,1.55,1.49,2.09,under_challenged,2,student,1
10.03,0,3,4,1.49,1.53,2.94,4.76,4.46,4.57,none,0,student,1
12.09,2,8,0,4.44,3.32,1.93,2.51,2.93,1.11,frenetic,3,employee,1
10.36,0,5,4,2.65,3.15,3.04,3.09,3.65,2.72,none,1,general,1
8.2,0,1,4,1.98,1.71,4.29,4.63,3.67,4.65,none,0,student,0
13.64,4,4,1,4.28,3.02,2.89,2.31,2.9,1.5,frenetic,3,student,0
9.43,1,5,5,2.23,2.02,3.79,3.66,3.16,1.97,none,1,employee,0
8.21,0,2,5,1.61,2.07,3.93,3.76,2.82,5.0,none,0,student,0
12.79,5,5,0,3.96,2.95,2.58,2.25,3.77,1.04,frenetic,3,student,0
8.91,1,1,6,3.09,3.94,3.28,2.05,1.4,4.18,under_challenged,2,employee,1
7.43,0,3,7,1.65,1.28,4.61,4.28,3.71,4.12,none,0,employee,0
12.73,0,2,1,3.98,4.31,2.09,2.16,1.0,2.38,worn_out,3,employee,1
13.32,5,9,1,4.76,2.94,2.09,2.84,2.99,1.83,frenetic,2,general,0
11.58,2,4,1,3.72,4.85,1.98,1.52,1.35,1.0,worn_out,3,student,1
7.52,0,2,3,2.72,4.13,3.5,2.48,2.19,2.46,under_challenged,1,student,1
11.05,4,3,0,4.74,4.1,2.7,1.78,1.17,2.33,worn_out,3,student,0
7.45,0,2,5,1.76,2.08,4.27,4.13,3.6,3.42,none,0,student,1
11.52,3,6,2,4.32,5.0,1.69,1.86,1.49,3.06,worn_out,3,employee,0
12.24,2,2,2,3.58,4.55,2.3,1.26,1.67,1.19,worn_out,2,student,1
11.51,4,4,1,2.74,2.27,2.82,2.99,2.18,3.0,none,1,employee,1
9.22,1,4,5,2.02,3.73,2.16,1.65,1.16,4.1,under_challenged,2,general,0
10.38,2,7,2,4.29,5.0,2.29,1.97,1.0,1.64,worn_out,3,employee,1
9.25,0,2,7,1.42,1.65,4.24,4.51,4.0,3.23,none,0,student,1
13.14,5,3,1,5.0,4.5,1.89,1.96,1.23,2.62,worn_out,3,general,0
6.72,1,2,7,2.4,1.41,4.34,4.2,4.43,4.8,none,0,general,0
6.98,0,2,0,2.53,4.0,2.02,1.6,2.34,2.94,under_challenged,1,student,1
9.46,0,2,6,1.78,1.04,3.66,4.15,3.05,4.27,none,0,student,1
13.07,3,6,0,5.0,2.95,2.31,2.24,3.37,2.1,frenetic,3,student,1
13.66,7,3,1,5.0,2.34,2.69,2.65,3.16,1.0,frenetic,3,student,1
13.37,3,8,1,4.99,3.73,2.25,2.58,2.05,1.0,frenetic,3,employee,1
15.04,6,7,0,4.87,3.22,2.11,2.13,1.73,1.73,frenetic,3,employee,0
8.78,0,3,3,2.42,3.86,1.08,2.0,1.0,3.31,under_challenged,2,general,1
9.15,5,5,0,4.3,4.73,1.74,1.45,1.77,1.03,worn_out,3,employee,1
10.98,6,10,1,4.51,3.61,1.27,2.39,3.36,1.26,frenetic,3,general,0
9.79,1,3,2,2.33,3.01,2.77,2.42,3.3,3.46,none,1,student,0
8.27,0,4,5,1.85,1.88,4.9,4.64,3.7,4.24,none,0,employee,1
9.85,2,5,2,4.49,4.7,1.39,1.25,2.32,1.72,worn_out,3,student,0
11.13,1,6,2,3.55,1.48,2.98,2.88,2.33,3.21,none,1,employee,1
15.55,5,8,0,5.0,2.58,2.71,1.56,1.06,2.1,frenetic,3,employee,1
8.33,1,2,3,2.1,1.3,4.16,4.41,3.31,4.07,none,0,employee,0
7.84,0,3,2,2.4,4.42,2.9,1.31,1.79,3.35,under_challenged,1,employee,0
8.86,1,2,2,2.77,4.17,1.89,1.22,2.3,1.33,under_challenged,1,student,1
8.26,0,2,7,1.0,1.0,4.58,4.39,4.91,3.1,none,0,student,1
10.85,1,3,1,4.08,4.65,2.17,1.05,1.93,2.39,worn_out,2,student,0
13.37,1,4,0,3.95,2.42,3.54,2.44,2.6,2.85,none,1,employee,1
6.45,0,1,2,4.0,4.1,2.51,1.05,1.39,3.62,under_challenged,2,student,0
8.76,0,3,4,3.28,4.62,1.85,1.0,3.78,4.06,under_challenged,1,employee,0
6.32,0,2,0,1.32,4.73,1.72,1.94,2.9,3.65,under_challenged,1,employee,0
9.94,0,3,0,2.69,2.66,4.29,3.42,2.74,3.53,none,1,student,0
11.44,5,9,0,4.24,2.13,2.53,3.5,2.7,2.18,frenetic,3,employee,0
8.41,0,4,2,3.39,4.06,2.09,2.1,1.36,3.26,under_challenged,2,employee,1
10.58,1,3,6,1.81,2.05,3.24,4.59,3.77,3.8,none,0,employee,1
11.05,0,7,6,2.41,2.05,3.86,2.95,2.47,3.15,none,1,employee,1
9.67,0,3,1,2.55,1.29,4.2,3.05,3.53,3.76,none,1,student,0
11.0,5,5,1,4.52,1.86,2.17,1.6,3.16,1.53,frenetic,2,employee,0
8.89,0,2,3,2.21,2.76,4.75,2.22,2.04,2.68,none,1,student,0
7.56,0,2,2,2.22,3.83,2.81,1.38,1.12,3.14,under_challenged,1,general,1
11.54,1,5,3,3.41,4.84,1.36,1.1,1.09,1.0,worn_out,3,general,1
13.91,6,4,0,4.67,3.53,2.49,2.0,3.47,1.0,frenetic,2,student,1
7.48,1,1,5,2.58,4.03,2.16,2.27,2.23,2.28,under_challenged,2,student,1
13.85,2,8,0,4.45,3.56,2.71,2.26,1.8,1.67,frenetic,3,employee,0
10.44,1,7,1,3.89,3.99,1.8,1.94,1.0,2.02,worn_out,2,employee,0
9.19,3,3,2,2.67,2.65,3.51,3.95,3.87,2.49,none,1,student,1
8.31,1,7,1,4.84,4.6,2.51,1.48,2.37,2.14,worn_out,3,general,1
13.84,2,9,1,4.62,2.19,2.81,2.01,4.0,1.82,frenetic,3,employee,1
10.13,2,5,1,4.12,4.08,1.78,1.4,1.0,1.79,worn_out,3,employee,0
9.9,1,4,6,1.77,1.57,3.81,4.1,3.15,3.66,none,0,employee,1
4.91,0,1,3,1.61,1.25,4.25,3.51,2.91,4.18,none,0,student,0
8.6,4,3,2,4.37,3.84,1.22,1.69,2.09,1.0,worn_out,3,employee,1
12.06,6,8,0,5.0,3.21,3.17,2.97,1.9,1.44,frenetic,2,employee,0
8.86,0,2,4,3.0,3.98,2.27,1.0,2.34,1.21,under_challenged,1,student,1
12.47,4,3,2,4.77,3.72,1.58,1.72,1.67,1.51,worn_out,3,student,0
8.75,4,6,3,2.94,2.71,2.87,3.35,2.78,2.71,none,1,employee,0
8.37,2,3,1,2.18,4.19,2.02,2.27,1.0,2.96,under_challenged,1,employee,0
13.04,3,4,0,4.84,4.54,1.74,1.0,1.06,1.52,worn_out,3,student,1
8.88,1,5,2,3.26,4.0,3.31,3.29,3.68,2.57,none,1,employee,0
9.4,0,4,2,2.59,3.68,3.07,3.05,3.25,2.43,none,1,employee,1
11.87,2,10,1,4.42,3.59,2.09,2.17,1.61,1.87,frenetic,3,general,0
9.22,1,2,7,2.0,1.0,3.89,4.21,3.91,3.3,none,0,employee,1
12.01,1,6,4,2.69,1.0,2.71,4.17,2.85,4.87,none,1,general,1
9.24,0,7,2,3.08,2.8,2.22,3.72,3.03,4.17,none,1,employee,1
16.0,2,7,1,5.0,3.01,1.01,2.94,3.28,1.67,frenetic,3,employee,0
11.37,6,9,1,4.26,1.5,3.43,1.89,2.62,1.42,frenetic,3,employee,0
6.72,0,2,8,1.6,2.29,4.73,4.32,4.6,3.15,none,0,employee,1
11.35,0,5,2,4.22,4.56,1.3,1.0,1.9,1.5,worn_out,2,general,0
9.37,3,6,2,2.98,3.45,4.31,2.46,3.16,2.28,none,1,general,1
7.47,0,3,6,1.02,1.56,3.57,3.88,4.08,3.84,none,0,employee,1
16.0,6,8,1,4.59,3.09,3.08,2.65,1.69,1.38,frenetic,3,employee,1
9.8,0,3,3,2.23,1.0,3.89,4.11,3.54,4.13,none,0,employee,1
9.78,2,3,0,4.0,2.68,2.25,3.47,2.87,2.16,none,1,student,0
8.8,3,5,1,2.58,1.62,3.14,2.23,2.82,2.3,none,1,employee,1
13.16,3,4,1,4.88,2.19,2.89,1.94,3.32,1.31,frenetic,3,student,0
9.18,1,3,4,2.52,4.21,3.19,1.72,2.74,3.19,under_challenged,2,employee,1
6.35,0,0,6,2.54,1.7,3.45,4.61,4.12,4.88,none,0,employee,0
14.96,6,11,0,4.0,2.52,2.37,2.57,3.97,1.81,frenetic,3,employee,1
6.08,0,3,3,1.99,1.12,3.74,4.25,4.4,3.97,none,0,employee,0
15.38,3,8,0,5.0,3.26,1.73,1.77,1.95,1.0,frenetic,2,employee,0
8.32,1,4,3,3.0,2.39,2.91,3.88,3.23,4.2,none,1,general,0
8.17,1,1,8,1.13,2.66,3.65,4.24,4.81,2.82,none,0,student,1
14.34,6,7,1,4.15,2.62,2.62,2.17,2.36,1.51,frenetic,3,employee,1
10.15,1,3,3,4.0,2.57,3.43,3.76,3.06,2.71,none,1,general,1
7.63,0,1,0,2.77,3.77,2.17,1.7,1.0,2.66,under_challenged,1,student,1
7.47,1,2,4,1.05,1.42,3.36,4.37,4.2,4.27,none,0,employee,0
6.41,2,1,1,2.11,4.22,2.46,1.48,2.87,2.59,under_challenged,1,student,0
8.03,1,3,1,3.02,3.07,1.86,1.64,1.0,4.04,under_challenged,2,general,0
13.73,7,5,0,5.0,2.69,1.0,1.9,2.33,1.07,frenetic,3,student,1
8.37,0,2,6,1.72,1.0,4.51,4.14,4.77,4.02,none,0,employee,0
13.07,3,8,1,4.09,2.23,3.36,1.0,2.78,1.0,frenetic,3,employee,1
14.58,2,4,0,3.55,4.08,1.88,1.8,1.19,1.0,worn_out,3,student,1
9.43,0,3,1,3.68,4.79,2.0,1.78,1.49,2.05,worn_out,3,employee,0
9.88,2,4,5,4.0,3.12,2.98,2.87,3.1,1.73,none,1,student,1
15.2,4,7,2,4.07,2.78,2.86,1.71,3.34,1.54,frenetic,3,general,1
11.98,0,1,3,2.62,4.0,3.37,2.88,1.6,2.6,none,1,student,1
13.11,3,6,3,4.37,4.43,1.03,1.5,1.27,1.42,worn_out,3,employee,1
9.82,4,6,2,4.61,5.0,1.8,1.44,1.15,1.16,worn_out,3,employee,0
12.48,1,4,3,4.61,4.43,1.68,1.56,1.98,1.02,worn_out,2,employee,0
13.08,7,4,1,4.63,2.89,1.99,2.33,2.42,1.39,frenetic,3,student,1
8.64,0,2,4,2.33,1.21,4.53,4.32,3.93,3.98,none,0,employee,0
11.03,0,7,1,4.41,4.41,2.02,1.0,1.15,2.06,worn_out,3,general,0
8.68,0,1,4,1.52,3.85,2.35,2.42,2.93,3.04,under_challenged,1,student,0
9.67,1,2,1,2.01,3.91,2.31,1.74,1.74,3.85,under_challenged,1,employee,1
9.89,1,5,6,2.32,2.51,2.6,2.42,3.64,3.42,none,1,employee,0
9.18,1,3,2,2.83,1.34,4.14,4.07,4.45,4.44,none,0,employee,1
11.03,5,9,2,4.86,4.77,2.43,1.02,2.14,1.0,worn_out,3,employee,0
13.83,6,4,1,4.72,2.95,2.88,2.13,2.49,1.93,frenetic,2,student,1
13.72,2,9,0,4.0,2.66,3.43,1.72,3.48,1.39,frenetic,3,employee,1
10.83,1,5,2,2.49,3.12,3.37,3.13,3.13,1.67,none,1,employee,1
13.25,6,8,1,4.97,3.13,2.59,2.42,3.28,1.59,frenetic,3,employee,0
14.62,5,9,1,3.79,2.76,1.88,1.0,3.55,1.89,frenetic,2,employee,1
9.0,1,2,4,1.86,1.12,3.44,4.38,4.38,3.35,none,0,student,0
9.21,1,3,4,3.04,3.38,2.19,2.13,2.8,2.58,under_challenged,1,employee,1
11.17,2,3,0,3.9,4.31,1.65,1.0,1.79,2.54,worn_out,3,student,0
11.34,2,5,5,3.0,2.8,3.99,2.82,2.8,3.41,none,1,employee,1
11.38,1,7,2,3.18,4.15,1.6,1.3,1.91,1.5,worn_out,3,employee,1
12.08,5,8,1,3.5,2.54,2.75,1.76,3.37,1.33,frenetic,3,general,1
13.35,6,6,0,4.24,2.98,3.52,1.63,2.86,2.73,frenetic,3,student,0
10.69,0,4,0,4.47,4.41,1.77,1.26,1.7,1.01,worn_out,3,student,0
12.5,1,2,2,4.06,5.0,1.4,1.36,3.0,1.0,worn_out,3,student,1
11.01,4,12,1,4.36,3.64,2.92,1.62,2.25,1.0,frenetic,3,employee,0
11.3,3,9,0,3.92,4.32,2.59,3.5,2.65,1.0,frenetic,2,employee,1
7.0,1,5,6,2.7,1.53,4.06,3.03,4.07,2.36,none,1,employee,0
9.4,1,1,3,1.0,1.72,4.21,3.47,4.07,4.07,none,0,student,1
7.76,0,2,4,2.09,4.37,1.3,2.07,1.63,4.14,under_challenged,1,student,0
7.8,4,4,2,3.55,5.0,1.83,1.68,1.31,2.33,worn_out,3,student,0
16.0,7,8,0,4.56,3.12,2.53,2.81,2.16,1.76,frenetic,3,employee,1
7.88,0,3,5,2.24,4.4,1.0,1.38,2.89,4.35,under_challenged,2,employee,0
10.28,0,1,3,1.57,4.77,2.93,1.7,2.43,2.32,under_challenged,2,student,1
12.4,1,9,2,3.54,4.51,1.97,1.81,1.0,1.84,worn_out,3,employee,1
9.39,0,4,2,3.64,4.63,1.0,1.24,2.08,2.05,worn_out,3,student,0
8.86,0,1,6,1.49,1.9,3.31,4.92,4.17,3.78,none,0,student,0
8.07,0,5,2,2.23,1.46,3.87,4.68,3.76,4.89,none,0,employee,0
9.71,2,5,0,4.15,5.0,1.59,1.43,1.98,1.73,worn_out,3,employee,1
8.11,2,2,1,2.66,3.32,3.33,3.88,4.27,2.96,none,1,student,1
7.99,2,2,3,2.54,3.71,2.09,1.0,2.14,3.22,under_challenged,2,employee,0
9.32,1,2,4,2.66,1.64,3.69,4.27,3.89,4.49,none,0,general,1
8.56,4,3,1,5.0,4.61,1.0,1.87,1.27,1.0,worn_out,2,general,0
10.42,3,2,1,4.14,4.98,1.44,1.5,1.65,2.51,worn_out,3,student,1
9.39,0,5,3,1.63,2.73,3.52,3.22,3.13,3.86,none,1,employee,0
13.5,3,8,0,4.16,3.73,2.41,1.38,3.58,2.16,frenetic,2,employee,0
9.47,1,5,2,4.42,4.63,1.22,2.18,1.86,1.09,worn_out,2,employee,0
10.04,2,3,3,2.93,3.47,3.03,3.03,2.66,2.49,none,1,employee,0
8.9,3,5,3,3.09,2.5,3.66,3.24,2.31,1.0,none,1,employee,1
8.72,4,2,3,3.25,2.32,2.74,3.11,2.94,3.42,none,1,student,1
11.4,1,6,0,4.52,4.17,1.71,1.25,1.78,2.12,worn_out,3,employee,1
12.85,1,3,0,3.79,4.25,2.23,1.0,1.04,2.94,worn_out,3,employee,1
9.04,3,8,0,4.48,4.42,2.42,1.0,1.32,1.5,worn_out,2,employee,0
12.17,2,4,1,4.7,2.08,1.88,2.18,1.73,1.32,frenetic,2,student,0
11.21,3,4,0,3.39,4.39,1.96,1.76,1.98,1.88,worn_out,3,employee,1
9.4,5,3,2,4.29,4.43,1.75,1.18,1.01,2.34,worn_out,3,student,0
7.7,0,4,1,2.41,4.21,1.0,1.5,2.94,2.74,under_challenged,2,employee,0
9.81,1,5,5,2.98,2.6,2.92,3.18,3.1,2.08,none,1,employee,0
11.17,7,4,0,4.49,3.07,2.61,2.73,3.86,1.61,frenetic,3,student,0
9.91,1,7,3,2.15,2.94,2.63,2.6,2.17,2.25,none,1,employee,0
14.71,2,8,1,4.59,4.51,2.58,1.92,1.03,1.38,frenetic,3,employee,1
8.79,3,3,4,2.45,2.91,2.97,2.57,2.96,2.3,none,1,student,0
11.97,2,9,1,4.65,1.89,2.99,1.51,4.0,1.55,frenetic,3,general,1
14.14,5,5,1,4.07,2.78,2.14,2.98,1.27,1.56,frenetic,2,employee,0
9.74,2,3,8,2.6,2.78,2.78,3.11,2.24,3.79,none,1,general,0
8.96,4,9,1,4.13,5.0,1.0,1.33,1.7,1.62,worn_out,3,employee,1
9.41,0,2,5,2.14,2.29,3.64,4.75,4.39,4.16,none,0,general,1
9.05,0,0,1,2.3,4.78,2.83,1.0,2.83,3.53,under_challenged,1,student,0
12.16,3,6,1,4.36,3.6,2.71,1.41,2.39,1.0,frenetic,3,student,0
10.88,0,5,0,1.89,1.94,2.31,4.11,2.74,2.64,none,1,general,1
9.0,1,3,1,2.47,2.47,3.16,2.88,2.36,2.96,none,1,general,0
8.74,0,1,7,2.0,3.41,3.04,1.78,3.19,3.68,under_challenged,1,student,0
12.27,4,4,0,4.64,4.32,2.66,1.62,1.15,1.04,worn_out,3,student,1
7.94,0,3,5,1.78,1.49,4.65,4.46,4.07,3.64,none,0,employee,1
11.02,3,9,1,3.89,3.8,3.1,1.71,2.05,1.6,frenetic,3,general,0
9.42,0,1,5,1.44,1.07,4.72,4.13,2.55,3.7,none,0,general,1
7.77,0,3,5,2.33,1.35,4.07,5.0,4.33,3.9,none,0,employee,1
10.13,2,9,2,3.92,4.71,1.4,1.0,2.64,2.23,worn_out,3,employee,0
9.86,1,2,3,1.84,2.8,4.08,2.79,3.74,3.48,none,0,employee,1
8.07,1,1,1,3.55,4.83,1.4,2.17,1.73,3.18,under_challenged,2,employee,0
7.36,0,4,4,1.41,1.12,3.85,4.17,3.67,3.37,none,0,general,0
10.87,0,1,3,2.29,3.79,2.71,1.88,2.07,2.9,under_challenged,2,general,1
6.82,0,1,4,1.7,1.0,4.49,3.41,3.85,3.39,none,0,employee,1
8.59,0,2,7,1.83,1.15,4.59,4.15,3.62,3.24,none,0,student,1
13.58,3,7,1,4.32,2.43,2.15,2.15,2.35,1.53,frenetic,3,general,1
10.49,2,6,4,2.73,3.19,2.33,3.53,3.59,2.79,none,1,employee,1
12.31,4,4,2,5.0,5.0,1.89,1.62,1.0,1.0,worn_out,3,employee,1
11.1,2,2,1,3.42,5.0,2.26,1.67,1.0,1.38,worn_out,3,student,0
9.36,1,2,1,2.52,1.9,3.21,3.51,2.95,2.64,none,1,student,1
13.1,3,4,1,4.31,4.03,1.89,2.07,1.0,1.81,frenetic,3,student,1
14.53,7,7,0,4.8,2.45,2.1,1.95,3.38,1.41,frenetic,2,employee,1
8.01,1,3,5,1.79,1.94,4.26,4.19,3.99,3.3,none,0,employee,1
9.22,2,7,0,5.0,4.43,1.96,1.23,1.79,1.76,worn_out,3,general,0
14.11,7,6,0,4.97,3.01,2.75,2.31,1.84,1.2,frenetic,2,student,1
11.52,3,2,2,2.58,2.03,2.9,2.88,2.6,1.48,none,1,general,1
8.19,0,1,3,2.03,3.86,1.9,1.22,2.67,2.12,under_challenged,1,employee,0
12.88,3,5,0,4.38,1.61,3.36,1.71,1.69,1.0,frenetic,3,general,1
10.0,0,1,3,1.99,3.97,2.32,2.35,1.98,2.8,under_challenged,1,student,0
7.83,0,2,2,2.51,2.16,3.24,4.77,2.93,4.44,none,0,student,1
11.14,7,8,1,4.55,4.3,3.43,2.31,3.24,1.02,frenetic,3,employee,1
9.79,1,2,3,3.32,1.58,3.5,2.91,3.03,3.19,none,1,employee,0
14.06,5,10,1,4.47,2.58,2.46,3.17,2.98,1.55,frenetic,2,employee,0
8.15,0,1,2,2.19,3.36,1.64,1.0,1.6,3.77,under_challenged,1,employee,0
7.93,1,3,2,3.43,4.12,2.35,1.33,2.0,4.76,under_challenged,2,employee,0
9.4,2,7,1,4.08,4.44,1.89,1.41,1.5,2.01,worn_out,3,employee,0
8.21,1,2,8,2.29,1.99,4.41,4.81,4.95,3.99,none,0,general,1
12.35,2,3,1,3.9,5.0,2.63,2.03,2.32,1.33,worn_out,2,employee,1
12.01,5,6,1,4.42,4.82,1.7,1.5,1.0,2.87,worn_out,3,employee,1
9.0,0,3,8,1.93,1.15,3.44,4.42,3.85,3.58,none,0,employee,0
11.26,2,6,6,3.38,2.56,2.75,4.52,2.8,2.03,none,1,general,1
9.67,1,4,3,2.34,2.18,2.88,3.09,1.84,3.6,none,1,employee,0
10.42,0,5,1,4.39,4.92,2.5,1.1,1.0,1.67,worn_out,3,employee,1
11.24,1,4,1,4.04,4.54,2.47,1.0,1.0,2.53,worn_out,2,employee,0
11.29,0,3,2,2.88,2.9,3.14,2.57,2.72,2.92,none,1,general,1
10.5,0,3,6,2.57,2.86,4.5,4.9,4.64,3.79,none,0,employee,1
14.04,2,7,0,4.39,3.47,2.18,1.13,2.71,1.25,frenetic,3,general,1
9.48,1,5,3,3.15,2.99,4.2,2.9,3.21,1.54,none,1,employee,1
12.27,3,4,0,3.99,4.86,1.52,1.1,2.08,2.09,worn_out,3,employee,0
7.56,1,3,6,2.0,1.29,4.48,4.49,4.41,3.79,none,0,employee,0
9.01,0,3,2,2.06,1.36,4.15,4.63,4.5,4.24,none,0,employee,1
8.16,0,1,3,1.88,3.84,1.82,1.5,3.09,2.82,under_challenged,2,student,1
10.62,0,2,3,2.44,4.92,2.17,1.0,1.32,2.22,under_challenged,1,student,1
10.1,1,4,5,1.72,4.06,3.17,1.98,2.12,3.47,under_challenged,1,general,1
7.3,1,3,9,1.47,2.14,3.6,4.28,3.85,3.97,none,0,employee,1
7.49,0,3,6,1.59,1.49,3.57,4.49,2.89,4.06,none,0,general,0
7.24,0,4,3,1.16,1.44,3.96,3.96,4.0,3.56,none,0,employee,0
8.56,0,3,4,2.2,1.51,3.87,4.03,4.34,3.9,none,0,general,1
9.54,0,2,4,1.95,1.49,4.17,4.31,4.86,3.37,none,0,employee,1
13.64,7,7,0,5.0,2.63,3.25,1.7,1.29,1.69,frenetic,2,employee,1
11.54,1,4,2,2.44,3.49,2.77,2.25,1.0,2.45,under_challenged,2,employee,1
13.42,5,7,0,4.34,3.03,2.46,2.3,3.41,1.74,frenetic,3,employee,0
8.48,0,2,4,1.72,4.49,1.53,1.79,2.45,2.97,under_challenged,1,student,0
7.78,0,3,2,1.0,1.59,4.42,4.55,4.09,3.22,none,0,employee,1
7.35,4,6,2,3.71,2.06,2.64,2.99,1.61,3.86,none,1,general,0
10.0,0,2,1,1.0,4.46,1.65,1.09,3.8,4.6,under_challenged,2,employee,0
8.95,0,4,6,1.78,2.22,4.11,3.31,4.0,3.67,none,0,general,1
12.42,1,4,0,3.93,4.83,1.65,1.77,1.81,2.34,worn_out,2,student,1
8.45,2,2,3,4.0,4.45,2.68,1.94,1.71,3.0,under_challenged,1,employee,0
12.34,2,2,3,3.96,1.56,3.84,3.38,2.35,2.72,none,1,student,1
11.68,3,4,0,3.92,3.89,2.41,2.47,1.34,1.79,frenetic,3,student,0
11.43,2,7,0,5.0,5.0,1.55,1.39,1.02,2.79,worn_out,3,employee,0
8.58,3,6,3,3.03,3.23,3.03,2.67,1.87,2.37,none,1,employee,0
12.07,4,7,0,4.17,3.38,1.4,1.91,2.19,1.53,frenetic,2,employee,0
8.59,0,2,7,2.42,1.19,3.55,4.53,3.88,1.99,none,0,employee,1
15.06,7,8,1,4.28,3.11,1.95,2.03,2.93,1.87,frenetic,2,employee,1
6.76,0,2,0,2.69,4.01,1.89,1.62,1.27,4.37,under_challenged,2,employee,0
8.42,3,4,2,2.5,2.15,2.74,3.16,2.93,4.35,none,1,general,0
10.71,1,4,1,2.83,1.5,3.85,2.04,3.57,3.33,none,1,employee,0
10.9,3,8,0,4.68,4.17,2.47,2.21,2.18,1.8,frenetic,2,employee,0
9.93,0,1,5,1.84,2.22,4.81,4.47,4.5,3.88,none,0,student,1
7.98,0,2,7,2.96,3.9,2.53,2.5,2.39,4.5,under_challenged,2,employee,1
6.24,0,2,4,1.21,1.69,4.73,3.81,3.45,4.74,none,0,student,0
9.88,3,6,2,3.48,2.72,3.49,3.13,1.75,2.14,none,1,general,0
6.79,0,2,7,1.43,1.89,3.29,5.0,3.5,3.63,none,0,student,0
11.44,3,6,0,4.34,4.14,1.68,1.54,1.46,2.43,worn_out,2,employee,0
6.72,0,4,5,2.31,1.44,4.19,3.99,3.93,4.61,none,0,employee,0
8.67,3,3,2,4.0,2.56,3.16,3.17,3.54,2.3,none,1,student,0
12.96,2,4,1,4.65,3.31,3.48,2.05,2.46,2.12,frenetic,3,student,0
8.58,0,5,3,3.02,2.36,3.08,2.54,2.24,3.4,none,1,general,0
9.13,1,1,5,1.08,1.16,4.62,4.56,4.05,2.79,none,0,student,1
10.6,2,6,1,2.05,2.08,2.81,3.47,2.14,3.93,none,1,employee,1
12.37,2,5,3,2.51,1.75,3.56,3.32,3.34,2.51,none,1,employee,1
10.41,0,3,6,2.22,1.43,4.17,4.96,3.86,4.71,none,0,employee,1
10.82,0,3,2,2.5,3.48,3.19,3.58,3.0,2.17,none,1,student,1
8.43,3,6,0,4.45,4.46,1.67,1.26,1.79,1.71,worn_out,2,employee,1
10.3,7,4,1,4.5,2.22,2.43,1.27,2.07,2.57,frenetic,2,student,0
6.32,0,2,7,1.59,1.81,4.98,4.53,3.73,2.87,none,0,employee,1
13.85,5,7,1,5.0,3.66,3.41,2.27,1.52,1.0,frenetic,2,employee,1
13.64,7,6,0,4.88,1.9,2.52,2.2,3.34,1.14,frenetic,2,employee,1
13.69,6,6,0,4.83,3.77,3.68,1.0,3.71,2.34,frenetic,2,employee,0
9.83,1,2,2,3.14,1.68,3.42,2.53,3.93,2.41,none,1,student,1
8.96,0,4,5,2.0,1.67,4.45,4.3,4.87,4.88,none,0,employee,1
10.86,2,6,2,2.32,1.9,2.92,3.74,3.4,3.77,none,1,employee,1
8.67,0,3,3,2.76,4.01,1.65,1.79,2.74,2.43,under_challenged,2,employee,1
12.98,4,8,0,4.36,3.11,3.94,2.57,2.89,1.12,frenetic,3,employee,0
12.18,7,5,1,4.76,2.54,1.0,2.23,3.15,1.51,frenetic,3,student,0
6.29,2,1,5,2.3,2.2,3.36,4.22,3.94,4.5,none,0,employee,0
11.89,1,2,3,3.41,2.5,2.14,2.76,2.45,2.1,none,1,student,1
6.11,1,4,10,2.41,1.85,3.95,5.0,4.61,3.08,none,0,employee,1
12.47,7,10,0,4.3,2.6,2.38,1.81,2.78,2.23,frenetic,2,employee,0
9.89,1,4,3,2.27,3.13,3.12,3.28,2.97,1.45,none,1,general,0
8.79,1,7,2,3.49,2.87,4.14,4.27,1.98,3.93,none,1,employee,1
8.14,0,2,1,1.82,2.07,3.89,5.0,4.03,3.19,none,0,student,1
8.82,0,5,6,1.46,1.34,4.61,3.86,3.68,3.94,none,0,employee,0
14.3,6,6,0,4.99,2.49,2.51,1.06,2.04,1.0,frenetic,3,employee,0
8.91,0,0,0,1.84,4.37,1.97,1.45,1.6,3.04,under_challenged,2,student,1
10.76,0,0,4,2.02,3.57,1.86,1.87,3.07,3.95,under_challenged,2,student,1
10.33,5,9,1,4.38,3.49,1.49,1.02,1.6,2.04,frenetic,2,employee,1
6.83,0,1,4,2.5,3.65,2.74,2.02,3.3,2.23,under_challenged,2,student,0
6.71,0,3,1,2.15,2.53,5.0,4.74,4.1,4.44,none,0,employee,0
11.22,1,4,2,4.5,4.62,2.46,1.68,2.16,3.33,worn_out,3,student,0
11.73,1,4,2,3.91,4.66,1.55,1.12,1.38,2.66,worn_out,2,employee,0
8.91,3,3,1,2.88,1.97,3.29,2.7,3.02,3.45,none,1,student,0
9.75,3,5,2,4.08,5.0,1.95,1.36,1.56,2.27,worn_out,3,employee,0
9.83,0,2,1,3.46,1.86,2.65,3.32,3.22,2.98,none,1,student,1
8.95,0,3,2,1.58,1.44,3.87,4.07,3.44,3.84,none,0,general,0
8.51,2,7,4,3.13,3.16,3.92,2.45,4.1,3.43,none,1,general,1
8.75,0,2,5,2.34,1.7,3.73,4.04,4.37,4.95,none,0,student,1
14.85,5,5,1,4.6,3.28,3.16,2.19,3.23,1.0,frenetic,2,student,0
13.07,3,5,0,4.9,2.48,3.32,3.23,2.61,1.0,frenetic,2,student,1
13.31,7,8,0,4.43,3.21,2.03,1.01,1.32,1.0,frenetic,2,general,0
9.53,2,9,1,4.23,4.7,2.0,1.0,1.0,2.12,worn_out,3,employee,1
8.18,0,2,1,1.31,4.65,2.71,1.78,2.43,2.76,under_challenged,1,student,1
11.1,1,3,0,5.0,4.61,2.23,1.82,2.27,1.0,worn_out,3,student,1
9.06,0,3,3,1.63,1.0,3.61,4.41,3.46,4.03,none,0,employee,1
11.32,0,3,2,4.35,4.31,2.12,2.16,1.24,3.17,worn_out,3,employee,0
12.58,5,9,1,4.56,4.14,4.0,3.48,1.82,1.21,frenetic,3,employee,0
13.8,2,8,0,4.98,4.19,1.98,3.21,2.96,1.2,frenetic,2,employee,0
13.06,3,4,0,4.13,4.73,2.21,1.0,2.08,1.48,worn_out,3,employee,1
12.96,4,4,2,3.58,4.19,1.43,1.59,1.0,2.32,worn_out,2,student,1
13.2,2,8,2,4.55,4.24,2.06,1.68,1.78,1.52,worn_out,2,employee,1
7.66,1,5,5,1.93,1.64,3.69,4.39,3.42,4.27,none,0,employee,0
